,link,Tip,Površina,Broj soba,Uknjiženost,Grejanje,Stanje,Spratnost,Infrastruktura,Unutrašnje prostorije,Nameštenost,Opremljenost,Useljivo,Šifra oglasa,Oglas ažuriran,price,street,address,description,title,end_date,Lift,Garaža,Godina izgradnje,Parking,Pogled na,Autobuske linije,Internet,Orijentacija nekretnine,Trolejbuske linije
0,https://www.4zida.rs/prodaja-stanova/visnjicka-banja-palilula-opstina-beograd/dvosoban-stan/6474a31527a86ac71b0de60d,Stan u zgradi ,42 m² ,2 sobe ,uknjiženo ,etažno grejanje ,novo ,1,terasa ,kuhinja ,polunamešteno ,kablovska,useljivo ,603 ,pre 10 minuta ,70.000,Mihajla Vujića,"Višnjička Banja, Palilula opština, Beograd","Stan 42m2, odličan funkcionalan raspored, stan u blizini okretnice autobusa. Parking ispred zgrade, pogled ka reci, na prvom spratu, neke su samo od stvari koje vas prosto moraju naterati da pogledate ovaj stan po korektnoj ceni. Zgrada i stan sa urednim dokumentacijom, stan je uknjizen na prethodnog vlasnika, moguca overa sa kes kupcem, za kreditnog kupca mora da se sačeka preknjižba stana. Odmah useljiv, za svaku preporuku... Posrednička naknada je u skladu sa Opštim uslovima poslovanja Posrednika ""SM nekretnine"" Beograd.","Dvosoban stan na prodaju, Mihajla Vujića, 70.000€, 42m² - 4zida",2023-07-10,,,,,,,,,
1,https://www.4zida.rs/prodaja-stanova/mali-mokri-lug-zvezdara-opstina-beograd/jednoiposoban-stan/64ac2fbd9b81f3629807753a,Stan u zgradi ,32 m² ,1,uknjiženo ,grejanje na struju ,novo ,1,terasa ,,,,useljivo ,100000 ,pre 4 sata ,56.000,Prvomajska,"Mali Mokri Lug, Zvezdara opština, Beograd","Agencijski ID: 100000, I/IV, terasa, uknjižen, nov, novogradnja, stambena zgrada. +PDV. Odlično pozicionirani stanovi, autobusko stajaliste odmah pored zgrade, blizina doma zdravlja, prodavnica, vrtića. Agent Olivera. Više informacija na: www.beocitynekretnine.rs Agencijska provizija 2%. Telefoni: 060/328-3901 • 060/555-9720 • 011/328-3901. Kontakt van radnog vremena: kancelarija@beocitynekretnine.rs","Jednoiposoban stan na prodaju, Prvomajska, 56.000€, 32m² - 4zida",2023-07-10,,,,,,,,,
2,https://www.4zida.rs/prodaja-stanova/beograd-na-vodi-savski-venac-beograd/dvosoban-stan/645d1400399424b65f056397,,78 m² ,2 sobe ,,centralno grejanje ,u izgradnji ,10,terasa ,kupatila ,prazno ,telefon ,,7205 ,pre 12 dana ,526.888,Hercegovačka,"Beograd na vodi, Savski Venac, Beograd",,"Dvosoban stan na prodaju, Hercegovačka, 526.888€, 78m² - 4zida",2023-07-10,ima lift ,1 garažno mesto ,,,,,,,
3,https://www.4zida.rs/prodaja-stanova/knez-mihailova-beograd-centar-stari-grad-opstina-beograd/dvoiposoban-stan/64ac48cfaeb587c80c09b233,Stan u zgradi ,62 m² ,2,uknjiženo ,centralno grejanje ,,6,podrum,,,telefon ,useljivo ,84953 ,pre 3 sata ,325.000,Cara Lazara,"Knez Mihailova, Beograd centar, Stari Grad opština, Beograd",,"Dvoiposoban stan na prodaju, Cara Lazara, 325.000€, 62m² - 4zida",2023-07-10,ima lift ,,1960,,,,,,
4,https://www.4zida.rs/prodaja-stanova/beograd-na-vodi-savski-venac-beograd/trosoban-stan/64ac48ceaeb587c80c09b230,Stan u zgradi ,68 m² ,3 sobe ,uknjiženo ,centralno grejanje ,novo ,15,terasa ,,,telefon ,useljivo ,84952 ,pre 3 sata ,332.000,Hercegovačka-Savski venac,"Beograd na vodi, Savski Venac, Beograd",Agencijska provizija 2% 15/24 Hercegovačka-Savski venac  -imamo slicne NEKRETNINE BEOGRAD https://www.gigant.rs/property-detail.php?id=84952 - Oznaka na mapi pokazuje pribliznu lokaciju nekretnine ali ne I tacnu adresu,"Trosoban stan na prodaju, Hercegovačka-Savski venac, 332.000€, 68m² - 4zida",2023-07-10,ima lift ,,,,,,,,
5,https://www.4zida.rs/prodaja-stanova/blok-45-novi-beograd-beograd/dvosoban-stan/64abfa84a4da3539830ca94a,Stan u zgradi ,47 m² ,2 sobe ,uknjiženo ,centralno grejanje ,,6,podrum,kuhinja ,namešteno ,interfon,,1495 ,pre 8 sati ,114.900,Blok 45,"Blok 45, Novi Beograd, Beograd",,"Dvosoban stan na prodaju, Blok 45, 114.900€, 47m² - 4zida",2023-07-10,ima lift ,,,,,,,,
6,https://www.4zida.rs/prodaja-stanova/hram-svetog-save-neimar-vracar-beograd/dvosoban-stan/64ac22c90b45ac4b3e0ea163,Stan u zgradi ,61 m² ,2 sobe ,uknjiženo ,centralno grejanje ,luksuzno ,1,terasa ,,prazno ,,,1157 ,pre 5 sati ,245.000,Makenzijeva,"Hram Svetog Save, Neimar, Vračar, Beograd",,"Dvosoban stan na prodaju, Makenzijeva, 245.000€, 61m² - 4zida",2023-07-10,ima lift ,,,,,,,,
7,https://www.4zida.rs/prodaja-stanova/miljakovac-rakovica-opstina-beograd/dvosoban-stan/64ac090aafa96206280869c9,,53 m² ,2 sobe ,uknjiženo ,centralno grejanje ,,1,podrum,kupatilo ,prazno ,telefon,,1515 ,pre 7 sati ,99.000,Stanka Paunovića Veljka,"Miljakovac, Rakovica opština, Beograd",,"Dvosoban stan na prodaju, Stanka Paunovića Veljka, 99.000€, 53m² - 4zida",2023-07-10,ima lift ,,,,,,,,
8,https://www.4zida.rs/prodaja-stanova/bezanijska-kosa-2-bezanijska-kosa-novi-beograd-beograd/trosoban-stan/64356a7e5e43716f8f05c32a,,88 m² ,3 sobe ,uknjiženo ,centralno grejanje ,renovirano ,5,terasa ,kupatilo ,namešteno ,telefon,,16114 ,pre 2 meseca ,193.000,Marka Čelebonovića,"Bežanijska kosa 2, Bežanijska kosa, Novi Beograd, Beograd",,"Trosoban stan na prodaju, Marka Čelebonovića, 193.000€, 88m² - 4zida",2023-07-10,ima lift ,,,1 parking mesto ,,,,,
9,https://www.4zida.rs/prodaja-stanova/gornji-grad-zemun-zemun-opstina-beograd/troiposoban-stan/648483407bac51da110f6de4,,72 m² ,3,u procesu uknjižavanja ,,novo ,,terasa ,,,,,5419 ,pre 30 dana ,190.580,Ugrinovačka,"Gornji Grad, Zemun, Zemun opština, Beograd",,"Troiposoban stan na prodaju, Ugrinovačka, 190.580€, 72m² - 4zida",2023-07-10,,,2023,,,,,,
10,https://www.4zida.rs/prodaja-stanova/banjicka-suma-banjica-vozdovac-opstina-beograd/troiposoban-stan/633912667dc28dcac10446d6,,116 m² ,3,,,,2,terasa ,kupatila ,,kablovska,,XML,pre 3 sata ,495.000,Banjička Šuma,"Banjička Šuma, Banjica, Voždovac opština, Beograd",,"Troiposoban stan na prodaju, Banjička Šuma, 495.000€, 116m² - 4zida",2023-07-10,,1 garažno mesto ,2007,,,,,,
11,https://www.4zida.rs/prodaja-stanova/dusanovac-vozdovac-opstina-beograd/troiposoban-stan/63c0608152a5976676032507,Stan u zgradi ,85 m² ,3,uknjiženo ,etažno grejanje ,,2,terase ,,,,,3166 ,pre 2 meseca ,245.000,Ibarska,"Dušanovac, Voždovac opština, Beograd",,"Troiposoban stan na prodaju, Ibarska, 245.000€, 85m² - 4zida",2023-07-10,ima lift ,1 garažno mesto ,2017,,,,,,
12,https://www.4zida.rs/prodaja-stanova/gradska-bolnica-zvezdara-opstina-beograd/dvoiposoban-stan/64ac4a14aeb587c80c09b26d,,67 m² ,2,uknjiženo ,centralno grejanje ,uobičajeno stanje ,9,podrum,kupatila ,prazno ,telefon,,5745 ,pre 3 sata ,147.000,Čingrijina,"Gradska Bolnica, Zvezdara opština, Beograd",,"Dvoiposoban stan na prodaju, Čingrijina, 147.000€, 67m² - 4zida",2023-07-10,ima lift ,,,1 parking mesto ,,,,,
13,https://www.4zida.rs/prodaja-stanova/blok-62-bezanijski-blokovi-novi-beograd-beograd/dvoiposoban-stan/6410b7d80202c5f839068ef4,Stan u zgradi ,66 m² ,2,uknjiženo ,centralno grejanje ,uobičajeno stanje ,17,podrum ,,prazno ,kablovska,useljivo ,4797 ,pre 3 sata ,135.000,Dušana Vukasovića,"Blok 62, Bežanijski Blokovi, Novi Beograd, Beograd",,"Dvoiposoban stan na prodaju, Dušana Vukasovića, 135.000€, 66m² - 4zida",2023-07-10,ima lift ,,1973,,,,,,
14,https://www.4zida.rs/prodaja-stanova/sava-kovacevic-zemun-zemun-opstina-beograd/trosoban-stan/64ac486aaeb587c80c09b1ec,Stan u kući ,57 m² ,3 sobe ,,TA peć ,,1,podrum ,kuhinja ,,,,5567 ,pre 3 sata ,142.000,Pionirska,"Sava Kovačević, Zemun, Zemun opština, Beograd",,"Trosoban stan na prodaju, Pionirska, 142.000€, 57m² - 4zida",2023-07-10,,,,,,,,,
15,https://www.4zida.rs/prodaja-stanova/knezevac-vidikovac-rakovica-opstina-beograd/jednoiposoban-stan/64ac0831afa962062808695f,,33 m² ,1,,grejanje na struju ,uobičajeno stanje ,1,terasa ,kupatilo ,prazno ,telefon,,2118 ,pre 7 sati ,62.000,Slavka Rodića,"Kneževac, Vidikovac, Rakovica opština, Beograd",,"Jednoiposoban stan na prodaju, Slavka Rodića, 62.000€, 33m² - 4zida",2023-07-10,,,,,,,,,
16,https://www.4zida.rs/prodaja-stanova/kaludjerica-grocka-opstina-beograd/jednoiposoban-stan/64ac2c5d9b81f3629807748f,,35 m² ,1,uknjiženo ,grejanje na struju ,uobičajeno stanje ,2,terasa ,kupatilo ,prazno ,interfon,useljivo ,897 ,pre 5 sati ,45.000,Branka Miljkovića,"Kaluđerica, Grocka opština, Beograd",,"Jednoiposoban stan na prodaju, Branka Miljkovića, 45.000€, 35m² - 4zida",2023-07-10,,,2014,1 parking mesto ,,,,,
17,https://www.4zida.rs/prodaja-stanova/karadjordjev-trg-zemun-zemun-opstina-beograd/jednosoban-stan/64ac250586a00488f508a21d,,36 m² ,1 soba ,uknjiženo ,centralno grejanje ,,visoko prizemlje,terasa ,kupatilo ,prazno ,telefon ,,4206 ,pre 5 sati ,105.000,Kapetana Radiča Petrovića,"Karađorđev Trg, Zemun, Zemun opština, Beograd",,"Jednosoban stan na prodaju, Kapetana Radiča Petrovića, 105.000€, 36m² - 4zida",2023-07-10,,,,,,,,,
18,https://www.4zida.rs/prodaja-stanova/meljak-barajevo-opstina-beograd/dvosoban-stan/645cda64718c53132d018f6c,,61 m² ,2 sobe ,uknjiženo ,grejanje na struju ,,1,terasa ,kupatilo ,prazno ,telefon ,,2638 ,pre 1 mesec ,45.000,Ibarski put,"Meljak, Barajevo opština, Beograd",,"Dvosoban stan na prodaju, Ibarski put, 45.000€, 61m² - 4zida",2023-07-10,,,,,,,,,
19,https://www.4zida.rs/prodaja-stanova/kanarevo-brdo-rakovica-opstina-beograd/jednoiposoban-stan/64ac2c7b9b81f362980774a2,,43 m² ,1,uknjiženo ,centralno grejanje ,,visoko prizemlje,terasa ,kupatilo ,prazno ,telefon,,8728 ,pre 5 sati ,99.000,Vukasovićeva,"Kanarevo Brdo, Rakovica opština, Beograd",,"Jednoiposoban stan na prodaju, Vukasovićeva, 99.000€, 43m² - 4zida",2023-07-10,,,,1 parking mesto ,,,,,
20,https://www.4zida.rs/prodaja-stanova/miljakovac-iii-miljakovac-rakovica-opstina-beograd/trosoban-stan/64ac30cf9b81f36298077581,,61 m² ,3 sobe ,uknjiženo ,etažno grejanje ,u izgradnji ,visoko prizemlje,terasa ,kupatilo ,prazno ,telefon ,,117614 ,pre 2 sata ,103.700,Miljakovačke staze,"Miljakovac III, Miljakovac, Rakovica opština, Beograd",,"Trosoban stan na prodaju, Miljakovačke staze, 103.700€, 61m² - 4zida",2023-07-10,,,,,,,,,
21,https://www.4zida.rs/prodaja-stanova/gornji-grad-zemun-zemun-opstina-beograd/trosoban-stan/648483427bac51da110f6df0,,60 m² ,3 sobe ,u procesu uknjižavanja ,grejanje na struju ,,,,,,,,5411 ,pre 30 dana ,132.814,Novogradska,"Gornji Grad, Zemun, Zemun opština, Beograd",,"Trosoban stan na prodaju, Novogradska, 132.814€, 60m² - 4zida",2023-07-10,,,2023,,,,,,
22,https://www.4zida.rs/prodaja-stanova/blok-19-sava-centar-novi-beograd-beograd/trosoban-stan/64ac30cf9b81f36298077584,,75 m² ,3 sobe ,uknjiženo ,centralno grejanje ,,4,lođa ,kupatilo ,prazno ,telefon ,useljivo ,123504 ,pre 4 sata ,190.000,Milentija Popovića,"Blok 19 Sava Centar, Novi Beograd, Beograd","Prodaje se stan od 75m2 u bizini zgrade je autobuska stanica, samo 50m, pekara, na 5 min je Hotel Hayat, Sava centar, Ušće... Stan je dvostrano orjentisan. Ima lođu sa pogledom na zelenilo. U stanu ima klima. Deo nameštaja urađen je od medijapana. Vredi pogledati. Prostorije: hodnik, dnevna soba, trpezarija, odvojena kuhinja, veća spavaća soba, manja soba, ostava, dva mokra čvora agencijska provizija 2%","Trosoban stan na prodaju, Milentija Popovića, 190.000€, 75m² - 4zida",2023-07-10,ima lift ,,,,,,,,
23,https://www.4zida.rs/prodaja-stanova/mirijevo-zvezdara-opstina-beograd/trosoban-stan/64a5e161efd0c9ec2b06b8c2,,64 m² ,3 sobe ,,centralno grejanje ,novo ,1,terasa,,polunamešteno ,kablovska,useljivo ,58951 ,pre 5 sati ,125.000,Rudi Čajaveca,"Mirijevo, Zvezdara opština, Beograd",,"Trosoban stan na prodaju, Rudi Čajaveca, 125.000€, 64m² - 4zida",2023-07-10,,,,,,,,,
24,https://www.4zida.rs/prodaja-stanova/tasmajdan-palilula-palilula-opstina-beograd/trosoban-stan/642c9fb02656632fdb06becd,Stan u zgradi ,73 m² ,3 sobe ,uknjiženo ,centralno grejanje ,uobičajeno stanje ,1,podrum,,prazno ,kablovska,,4826 ,pre 3 sata ,239.000,Svetozara Ćorovića,"Tašmajdan, Palilula, Palilula opština, Beograd",,"Trosoban stan na prodaju, Svetozara Ćorovića, 239.000€, 73m² - 4zida",2023-07-10,ima lift ,,1990,,,,,,
25,https://www.4zida.rs/prodaja-stanova/rakovica-rakovica-opstina-beograd/jednosoban-stan/64ac0cdf3aaa657f620541fc,Stan u zgradi ,33 m² ,1 soba ,uknjiženo ,centralno grejanje ,uobičajeno stanje ,visoko prizemlje,podrum,kupatilo,polunamešteno ,telefon,,,pre 7 sati ,74.000,Rakovica,"Rakovica, Rakovica opština, Beograd",,"Jednosoban stan na prodaju, Rakovica, 74.000€, 33m² - 4zida",2023-07-10,,,1980,,dvorište ,59,Kablovska ,,
26,https://www.4zida.rs/prodaja-stanova/miljakovac-i-miljakovac-rakovica-opstina-beograd/cetvorosoban-stan/645ce1580fe994c54702e706,Stan u zgradi ,95 m² ,4 sobe ,u procesu uknjižavanja ,TA peć ,uobičajeno stanje ,2,terase ,,prazno ,,useljivo ,,pre 24 dana ,115.000,Borska,"Miljakovac I, Miljakovac, Rakovica opština, Beograd","Odličan duplex u Borskoj ulici. Izvorno stanje, zamenjena stolarija. Ozakonjen na 95m2 stambene površine. Tri terase koje nisu ušle u kvadraturu. Odmah useljiv. Agencijska provizija koju plaća kupac 2%.","Četvorosoban stan na prodaju, Borska, 115.000€, 95m² - 4zida",2023-07-10,,,,,,,,,
27,https://www.4zida.rs/prodaja-stanova/bezanijska-kosa-2-bezanijska-kosa-novi-beograd-beograd/trosoban-stan/64ac11adea531d4d0a02f91e,,88 m² ,3 sobe ,uknjiženo ,centralno grejanje ,renovirano ,5,terasa ,kupatilo ,namešteno ,telefon,,816114 ,pre 7 sati ,193.000,Marka Čelebonovića,"Bežanijska kosa 2, Bežanijska kosa, Novi Beograd, Beograd",,"Trosoban stan na prodaju, Marka Čelebonovića, 193.000€, 88m² - 4zida",2023-07-10,ima lift ,,,1 parking mesto ,,,,,
28,https://www.4zida.rs/prodaja-stanova/grocka-grocka-opstina-beograd/jednoiposoban-stan/648c636166d0e76230087956,Stan u zgradi ,57 m² ,1,uknjiženo ,norveški radijatori ,novo ,prizemlje,terasa ,,,,useljivo ,51840 ,pre 24 dana ,68.000,Grocka,"Grocka, Grocka opština, Beograd","Agencijski ID: 51840, PR/III, terasa, uknjižen, nov, ulaz dobar, novogradnja, parking, dvorište/bašta, stambena zgrada. Zgrada sa 7 stanova, dvoriste i asfaltiran parking. Na dobroj lokaciji. Stan 47m2 plus 10m2 terasa. Blizu je Smederevskog puta, kao i poslednje stanice 309. Više informacija na: www.beocitynekretnine.rs Telefoni: 060/328-3901 • 060/555-9720 • 011/328-3901. Kontakt van radnog vremena: kancelarija@beocitynekretnine.rs","Jednoiposoban stan na prodaju, Grocka, 68.000€, 57m² - 4zida",2023-07-10,,,,1 parking mesto ,,,,,
29,https://www.4zida.rs/prodaja-stanova/karadjordjev-trg-zemun-zemun-opstina-beograd/dvosoban-stan/64ac2cf79b81f362980774c1,,63 m² ,2 sobe ,uknjiženo ,centralno grejanje ,novo ,visoko prizemlje,podrum,kupatilo ,prazno ,telefon ,,85471 ,pre 5 sati ,189.900,Klare Cetkin,"Karađorđev Trg, Zemun, Zemun opština, Beograd","Klare Cetkin, vpr/4, terasa, renoviran, odličnog rasporeda sa prostranom terasom na koju se izlazi is dnevnog boravka i trpezarije. Zgrada očuvana i uredna sa dosta slobodnih parking mesta u okruženju. Stan poseduje pripadajući podrum oko 9m2. Lokacijski odlično pozicioniran, 300m od keja, zastićen nizom zgrada od Bulevara Nikole Tesle, nema buke i pruža odlične uslove za miran porodičan živor. Uknjižen. Agencijska provizija 2%. Hvala Vam na pregledu oglasa. Broj agencije u Registru posrednika 298. Mapa je informativnog karaktera, ne prikazuje tačnu lokaciju nekretnine.","Dvosoban stan na prodaju, Klare Cetkin, 189.900€, 63m² - 4zida",2023-07-10,,,,,,,,,
30,https://www.4zida.rs/prodaja-stanova/stepa-stepanovic-vozdovac-opstina-beograd/troiposoban-stan/645cf50e1503812948064745,Stan u zgradi ,110 m² ,3,uknjiženo ,centralno grejanje ,novo ,6,podrum,kupatilo,,telefon,useljivo ,,pre 9 sati ,269.000,2.srpske armije,"Stepa Stepanović, Voždovac opština, Beograd",,"Troiposoban stan na prodaju, 2.srpske armije, 269.000€, 110m² - 4zida",2023-07-10,ima lift ,,,,,,,,
31,https://www.4zida.rs/prodaja-stanova/brace-jerkovic-vozdovac-opstina-beograd/trosoban-stan/641b0b931399952d070bda6a,Dupleks ,44 m² ,3 sobe ,uknjiženo ,centralno grejanje ,renovirano ,3,podrum,,prazno ,internet,,4810 ,pre 3 sata ,123.000,Zaplanjska,"Braće Jerković, Voždovac opština, Beograd",,"Trosoban stan na prodaju, Zaplanjska, 123.000€, 44m² - 4zida",2023-07-10,,,1990,,,,,,
32,https://www.4zida.rs/prodaja-stanova/autokomanda-vozdovac-opstina-beograd/cetvorosoban-stan/64ac120aea531d4d0a02f943,,66 m² ,4 sobe ,uknjiženo ,etažno grejanje ,,2,podrum,kupatilo ,prazno ,telefon,,5741 ,pre 7 sati ,255.000,Admirala Vukovića,"Autokomanda, Voždovac opština, Beograd",,"Četvorosoban stan na prodaju, Admirala Vukovića, 255.000€, 66m² - 4zida",2023-07-10,,,,,,,,,
33,https://www.4zida.rs/prodaja-stanova/juzni-bulevar-vracar-beograd/dvoiposoban-stan/645ce76f7502a16895055445,Stan u zgradi ,79 m² ,2,uknjiženo ,podno grejanje ,renovirano ,3,podrum,kupatilo ,,telefon,useljivo ,,pre 4 dana ,176.000,Južni bulevar,"Južni Bulevar, Vračar, Beograd",,"Dvoiposoban stan na prodaju, Južni bulevar, 176.000€, 79m² - 4zida",2023-07-10,,,,,,,,,
34,https://www.4zida.rs/prodaja-stanova/klinicki-centar-savski-venac-beograd/dvoiposoban-stan/64ac1492ea531d4d0a02f9c1,,74 m² ,2,uknjiženo ,centralno grejanje ,uobičajeno stanje ,visoko prizemlje,terasa ,,,,useljivo ,8677 ,pre 5 sati ,250.000,Kralja Milutina,"Klinički Centar, Savski Venac, Beograd","U zgradi iz osamdesetih, kvalitetnoj i dobro održavanoj, nalazi se ovaj stan. Blizina Slavije, McDonalda i svih sadržaja. Pravo visoko prizemlje, stan okrenut ka dvorištu, apsolutno bez buke! Dobar raspored, dva mokra čvora, bez prolaznih soba, zahteva ulaganje. Uknjižen na 69 kvm grejne površine, sa terasom ukupno 74 kvm. Prostorije: predsoblje, kuhinja, trpezarija, dnevni boravak, dve spavaće sobe, kupatilo, toalet, terasa, podrum Agencijska provizija 2%","Dvoiposoban stan na prodaju, Kralja Milutina, 250.000€, 74m² - 4zida",2023-07-10,ima lift ,,,,,,,,
35,https://www.4zida.rs/prodaja-stanova/batajnica-zemun-opstina-beograd/trosoban-stan/64ac486eaeb587c80c09b1ef,Dupleks ,85 m² ,3 sobe ,,,,,,,,,,5566 ,pre 3 sata ,175.000,Ivana Senkovića,"Batajnica, Zemun opština, Beograd",,"Trosoban stan na prodaju, Ivana Senkovića, 175.000€, 85m² - 4zida",2023-07-10,,,,,,,,,
36,https://www.4zida.rs/prodaja-stanova/borca-palilula-opstina-beograd/dvosoban-stan/64abf9ada4da3539830ca90c,Stan u zgradi ,53 m² ,2 sobe ,,etažno grejanje ,novo ,prizemlje,terasa ,,prazno ,interfon ,,2642 ,pre 8 sati ,85.000,Žarka Zrenjanina,"Borča, Palilula opština, Beograd",,"Dvosoban stan na prodaju, Žarka Zrenjanina, 85.000€, 53m² - 4zida",2023-07-10,,,2022,,,,,,
37,https://www.4zida.rs/prodaja-stanova/grocka-grocka-opstina-beograd/dvoiposoban-stan/648c6ed8ce223806a60ad77f,Stan u zgradi ,96 m² ,2,uknjiženo ,grejanje na gas ,uobičajeno stanje ,prizemlje ,,,,,useljivo ,81523 ,pre 24 dana ,100.000,Pavla Nikolića,"Grocka, Grocka opština, Beograd","Agencijski ID: 81523, PR/, uknjižen, izvorno stanje, stara gradnja, garaza, dvorište/bašta. Stan u kuci. Više informacija na: www.beocitynekretnine.rs Telefoni: 060/328-3901 • 060/555-9720 • 011/328-3901. Kontakt van radnog vremena: kancelarija@beocitynekretnine.rs","Dvoiposoban stan na prodaju, Pavla Nikolića, 100.000€, 96m² - 4zida",2023-07-10,,1 garažno mesto ,,,,,,,
38,https://www.4zida.rs/prodaja-stanova/hram-svetog-save-neimar-vracar-beograd/troiposoban-stan/639728337c19077c1d0aa517,,82 m² ,3,uknjiženo ,centralno grejanje ,uobičajeno stanje ,2,podrum ,kupatila ,prazno ,telefon,useljivo ,1339 ,pre 2 meseca ,320.000,Kneginje Zorke,"Hram Svetog Save, Neimar, Vračar, Beograd","Odličan troiposoban stan 87 m2 (82 +5), na prestižnoj lokaciji u blizini Hrama Svetog Save. Nalazi se na drugom spratu od tri, kvalitetne zgradde iz 1950. godine, renovirane fasade i ulaza, sa parkingom u dvorištu (ulaz na daljinsko upravljanje). Kvalitetna posleratna gradnja: konstruktivni zidovi 50 cm, sa visinom plafona 2,90m u stanovima, širokim stepenišnim prostorom u objektu, sa mogućnošću ugradnje lifta. Ulaz je svetao, sa po dva stana na svakom spratu, a zgrada ima svoje pripadajuće dvorište parkovskog tipa. Stan je kompletno renoviran sa novom vodovodnom, kanalizacijonom i elektro instalacijom; ima dva kupatila, pvc stolariju, blindirana ulazna vrata, hrastov parket, centralno daljinsko grejanje. Spavaći blok ima pogled na  parkovsko dvorište i Hram Svetog Save. Ima lepu lođu iz dnevnog boravka, orjentisanu prema ulici, pripadajući valiki podrum od 12m2 sa prozorom. Stan je moderno opremljen i može po dogovoru da se proda sa nameštajem. -Uknjiženo je vlasništvo. Za svaku je preporuku za život višečlane porodice.","Troiposoban stan na prodaju, Kneginje Zorke, 320.000€, 82m² - 4zida",2023-07-10,,,,1 parking mesto ,,,,,
39,https://www.4zida.rs/prodaja-stanova/zeleni-venac-savski-venac-beograd/cetvorosoban-stan/627d272c5932ea65a00f7ea3,Salonac ,106 m² ,4 sobe ,uknjiženo ,etažno grejanje ,renovirano ,4,podrum,,prazno ,telefon,,18977 ,pre 6 dana ,315.000,Kraljice Natalije,"Zeleni Venac, Savski Venac, Beograd",,"Četvorosoban stan na prodaju, Kraljice Natalije, 315.000€, 106m² - 4zida",2023-07-10,,,,,,,,,
40,https://www.4zida.rs/prodaja-stanova/blok-61-bezanijski-blokovi-novi-beograd-beograd/dvoiposoban-stan/648c652166d0e76230087c65,Stan u zgradi ,63 m² ,2,uknjiženo ,centralno grejanje ,,9,lođa ,,,,useljivo ,96465 ,pre 14 dana ,163.000,Jurija Gagarina,"Blok 61, Bežanijski Blokovi, Novi Beograd, Beograd","Agencijski ID: 96465, IX/XIV, lift(2), uknjižen, renoviran. Odlična lokacija 500m od pristupnice autoputu Miloš Veliki i 800m od Savskog šetališta povezan sa biciklističkim stazama. Na 150m od vrtića,400m od osnovne škole i lanaca supermarketa. Zgrada održavana, sa video nadzorom i novim liftom. Stan je uknjizen. Vredi pogledati. Agent Milica. Više informacija na: www.beocitynekretnine.rs Agencijska provizija 2%. Telefoni: 060/555-3901 • 060/555-2146 • 011/408-5754. Kontakt van radnog vremena: kancelarija@beocitynekretnine.rs","Dvoiposoban stan na prodaju, Jurija Gagarina, 163.000€, 63m² - 4zida",2023-07-10,ima lift ,,,,,,,,
41,https://www.4zida.rs/prodaja-stanova/kluz-zvezdara-opstina-beograd/trosoban-stan/645cea5411d3e1db3c0c5c15,Stan u zgradi ,79 m² ,3 sobe ,uknjiženo ,TA peć ,renovirano ,2,podrum,kupatilo ,,telefon,useljivo ,,pre 9 sati ,184.000,Franje Kluza,"Kluz, Zvezdara opština, Beograd",,"Trosoban stan na prodaju, Franje Kluza, 184.000€, 79m² - 4zida",2023-07-10,,,,,,,,,
42,https://www.4zida.rs/prodaja-stanova/vojvode-vlahovica-vozdovac-opstina-beograd/dvoiposoban-stan/64ac473bf8d9ff3f12078463,Stan u zgradi ,51 m² ,2,uknjiženo ,grejanje na gas ,,3,dvorište,kupatilo,polunamešteno ,interfon,useljivo ,,pre 3 sata ,115.000,Vojvode Vlahovića,"Vojvode Vlahovića, Voždovac opština, Beograd",,"Dvoiposoban stan na prodaju, Vojvode Vlahovića, 115.000€, 51m² - 4zida",2023-07-10,,,,1 parking mesto ,,26l 26 ,,,
43,https://www.4zida.rs/prodaja-stanova/vojvode-vlahovica-vozdovac-opstina-beograd/garsonjera/64ac2fbd9b81f3629807752b,Stan u zgradi ,26 m² ,0,nije uknjiženo ,norveški radijatori ,novo ,3,,,,,useljivo ,100039 ,pre 5 sati ,45.500,Vojvode Vlahovića,"Vojvode Vlahovića, Voždovac opština, Beograd","Agencijski ID: 100039, III/III, lift, nov, novogradnja, stambena zgrada. Agent Saša. Više informacija na: www.beocitynekretnine.rs Agencijska provizija 2%. Telefoni: 060/328-3901 • 060/555-9720 • 011/328-3901. Kontakt van radnog vremena: kancelarija@beocitynekretnine.rs","Garsonjera na prodaju, Vojvode Vlahovića, 45.500€, 26m² - 4zida",2023-07-10,ima lift ,,2023,,,,,,
44,https://www.4zida.rs/prodaja-stanova/vidikovac-rakovica-opstina-beograd/troiposoban-stan/6436e0ae5722b1d80b0f96ff,Stan u zgradi ,87 m² ,3,uknjiženo ,centralno grejanje ,,12,podrum,kupatilo,,telefon,,,pre 2 sata ,155.000,Patrijarha Joanikija,"Vidikovac, Rakovica opština, Beograd",,"Troiposoban stan na prodaju, Patrijarha Joanikija, 155.000€, 87m² - 4zida",2023-07-10,ima lift ,,1980,,ulicu,,Kablovska ,zapad,
45,https://www.4zida.rs/prodaja-stanova/knez-mihailova-beograd-centar-stari-grad-opstina-beograd/dvoiposoban-stan/648c70c2ce223806a60adb36,Stan u zgradi ,58 m² ,2,uknjiženo ,etažno grejanje ,uobičajeno stanje ,3,,,,klima ,useljivo ,68025 ,pre 24 dana ,258.000,Obilićev venac,"Knez Mihailova, Beograd centar, Stari Grad opština, Beograd","Agencijski ID: 68025, III/IV, klima, lift, uknjižen, ulaz mermerni, stara gradnja. Svetao i funkcionalan dvoiposoban stan, orjentisan ka pesackoj zoni. Sastoji se iz dnevnog boravka, dve spavace sobe kupatila i kuhinje. Uknjizen. Agent Marija. Više informacija na: www.beocitynekretnine.rs Agencijska provizija 2%. Telefoni: 060/328-3901 • 060/555-9720 • 011/328-3901. Kontakt van radnog vremena: kancelarija@beocitynekretnine.rs","Dvoiposoban stan na prodaju, Obilićev venac, 258.000€, 58m² - 4zida",2023-07-10,ima lift ,,,,,,,,
46,https://www.4zida.rs/prodaja-stanova/krnjaca-palilula-opstina-beograd/garsonjera/64ac076cafa9620628086918,Stan u zgradi ,27 m² ,0,,etažno grejanje ,novo ,3,,,prazno ,,useljivo ,16175 ,pre 6 sati ,38.900,Zrenjaninski put,"Krnjača, Palilula opština, Beograd",,"Garsonjera na prodaju, Zrenjaninski put, 38.900€, 27m² - 4zida",2023-07-10,ima lift ,,,,,,,,
47,https://www.4zida.rs/prodaja-stanova/ledine-novi-beograd-beograd/dvoiposoban-stan/64ac069fafa96206280868df,,69 m² ,2,uknjiženo ,norveški radijatori ,novo ,prizemlje,,,polunamešteno ,,useljivo ,8675 ,pre 7 sati ,135.000,Nikolaja Berđajeva,"Ledine, Novi Beograd, Beograd","Polunamešten, uknjižen stan na 69m2 (57m2 grejne površine +12m2 terasa), koji poseduje ulazni hodnik, dnevnu sobu sa trpezarijom i kuhinjom (koje su odvojene linijom parket-pločice), dve spavaće sobe, kupatilo, terasu, kao i malo dvorište. Nalazi se u zgradi koja je izgrađenja 2018.-e godine. Stan ima pripadajuće parking mesto. Nalazi se u mirnom kraju, blizu bazena Hollywoodland. U blizini stana su vrtić, osnovna škola, okretnica autobusa. Prostorije: ulazni hdnik, dnevna soba sa trpezarijomi kuhinjom, dve spavaće sobe, kupatilo sa wc-om, terasa 12m2, dvorište 12-15m2. Agencijska provizija 2%","Dvoiposoban stan na prodaju, Nikolaja Berđajeva, 135.000€, 69m² - 4zida",2023-07-10,,,,,,,,,
48,https://www.4zida.rs/prodaja-stanova/krunski-venac-vracar-beograd/cetvorosoban-stan/64ac6702f597f53e8c044561,,111 m² ,4 sobe ,uknjiženo ,centralno grejanje ,,5,podrum,kupatila ,prazno ,2 telefonske linije,,3882 ,pre 1 sat ,515.000,Njegoševa,"Krunski Venac, Vračar, Beograd","Vračar - Lux petosoban stan . U zgradama od crvene fasdne cigle petosoban stan u najlepšem delu Njegoševe ulice. Kvalitetna zgrada od crvene fasadne cigle sa liftom.  Dvostran, svetao, stan je kompletno renoviran 2021/22 g. Od prostorija ima veliki dnevni boravak, kuhinju, četiri spavaće sobe prostrane, tri mokra čvora i veliku terasu sa fantastičnim pogledom, u zelenilu.  Retko u ponudi, odličan stan.  6112 Oznaka na mapi pokazuje deo grada, ne i tačan položaj zgrade.","Četvorosoban stan na prodaju, Njegoševa, 515.000€, 111m² - 4zida",2023-07-10,ima lift ,,,,,,,,
49,https://www.4zida.rs/prodaja-stanova/tosin-bunar-novi-beograd-beograd/trosoban-stan/648483307bac51da110f6de1,,76 m² ,3 sobe ,u procesu uknjižavanja ,,novo ,4,,,,,useljivo ,5437 ,pre 30 dana ,288.800,Tosin bunar,"Tošin Bunar, Novi Beograd, Beograd",,"Trosoban stan na prodaju, Tosin bunar, 288.800€, 76m² - 4zida",2023-07-10,,,,,,,,zapad ,
50,https://www.4zida.rs/prodaja-stanova/banjica-vozdovac-opstina-beograd/dvosoban-stan/648c68dd66d0e76230088346,Stan u zgradi ,49 m² ,2 sobe ,nije uknjiženo ,norveški radijatori ,,3,,,,,useljivo ,96677 ,pre 24 dana ,102.000,Kolonija,"Banjica, Voždovac opština, Beograd",,"Dvosoban stan na prodaju, Kolonija, 102.000€, 49m² - 4zida",2023-07-10,,,,,,,,,
51,https://www.4zida.rs/prodaja-stanova/krnjaca-palilula-opstina-beograd/trosoban-stan/64876c74e6bf6956b801079a,Stan u zgradi ,60 m² ,3 sobe ,uknjiženo ,etažno grejanje ,novo ,2,terasa ,,prazno ,kablovska,,434 ,pre 12 minuta ,91.279,Partizanski blok,"Krnjača, Palilula opština, Beograd","Stan 60m2 sa terasom, u izgradnji,  funkcionalan raspored, 2 spavaće sobe, komforan dnevni boravak sa trepezarijskim delom, kuhinja, kupatilo i terasa. Prvoklasnog kvaliteta gradnje, hrastov parket, granitna keramika,  šestokomorna PVC stolarija sa roletnama, etažno grejanje, mali komunalni troškovi. odlična lokacija u neposrednoj blizini Metro-a i javnog prevoza. Uredna dokumentacija, moguća kupovina preko stambenog kredita, cena + PDV od 10%, mogućnost kupovine parking mesta, za svaku preporuku.....  Posrednička naknada je u skladu sa Opštim uslovima poslovanja Posrednika ""SM nekretnine"" Beograd.","Trosoban stan na prodaju, Partizanski blok, 91.279€, 60m² - 4zida",2023-07-10,,,,1 parking mesto ,,,,,
52,https://www.4zida.rs/prodaja-stanova/stara-bezanija-novi-beograd-beograd/dvoiposoban-stan/648c662d66d0e76230087e42,Stan u zgradi ,58 m² ,2,uknjiženo ,grejanje na struju ,,4,,,,,useljivo ,89319 ,pre 24 dana ,110.000,Pere Segedinca,"Stara Bežanija, Novi Beograd, Beograd","Agencijski ID: 89319, IV/IV, uknjižen, izvorno stanje. Agent Milica. Više informacija na: www.beocitynekretnine.rs Agencijska provizija 2%. Telefoni: 060/555-3901 • 060/555-2146 • 011/408-5754. Kontakt van radnog vremena: kancelarija@beocitynekretnine.rs","Dvoiposoban stan na prodaju, Pere Segedinca, 110.000€, 58m² - 4zida",2023-07-10,,,,,,,,,
53,https://www.4zida.rs/prodaja-stanova/borca-palilula-opstina-beograd/dvosoban-stan/64ac252c86a00488f508a228,,39 m² ,2 sobe ,uknjiženo ,etažno grejanje ,,3,,kupatilo ,prazno ,telefon,,2052 ,pre 5 sati ,74.000,Ivana Milutinovića,"Borča, Palilula opština, Beograd",,"Dvosoban stan na prodaju, Ivana Milutinovića, 74.000€, 39m² - 4zida",2023-07-10,,,,1 parking mesto ,,,,,
54,https://www.4zida.rs/prodaja-stanova/blok-45-novi-beograd-beograd/dvoiposoban-stan/64ac2fbd9b81f3629807753d,Stan u zgradi ,110 m² ,2,uknjiženo ,centralno grejanje ,,prizemlje,,,,telefon,useljivo ,99469 ,pre 5 sati ,200.000,Jurija Gagarina,"Blok 45, Novi Beograd, Beograd","Agencijski ID: 99469, PR/XV, klima, lift, telefon, uknjižen, stambena zgrada. Stan Jurija Gagarina 167/0/04,prodaje se stan 61 m2 u prizemlju, dvoiposoban,cg,i lokal 17.5 m2 koji ima dokument korišćenje na 99 god i moze da se prenosi +15 m2 koje je predato na legalizaciju,od stana je uzeta jedna soba i pripojena lokalu koji se koristio kao kafic,nalazi se na odlicnom mestu,blizu skola,vrtic,dom zdravlja,pijaca,stan je pod hipotekom koji nije problem za kupovinu. Agent Sanja. Više informacija na: www.beocitynekretnine.rs Agencijska provizija 2%. Telefoni: 060/555-3901 • 060/555-2146 • 011/408-5754. Kontakt van radnog vremena: kancelarija@beocitynekretnine.rs","Dvoiposoban stan na prodaju, Jurija Gagarina, 200.000€, 110m² - 4zida",2023-07-10,ima lift ,,,,,,,,
55,https://www.4zida.rs/prodaja-stanova/blok-65-west-65-novi-beograd-beograd/trosoban-stan/6491d1518d613e1eed090bbb,,83 m² ,3 sobe ,uknjiženo ,centralno grejanje ,novo ,5,terasa ,kupatilo ,prazno ,telefon,useljivo ,3846 ,pre 5 sati ,265.500,Bulevar heroja sa Košara,"Blok 65 - WEST 65, Novi Beograd, Beograd",,"Trosoban stan na prodaju, Bulevar heroja sa Košara, 265.500€, 83m² - 4zida",2023-07-10,ima lift ,1 garažno mesto ,,1 parking mesto ,,,,,
56,https://www.4zida.rs/prodaja-stanova/hram-svetog-save-neimar-vracar-beograd/cetvorosoban-stan/641225858e429090c909fc4d,Dupleks ,182 m² ,4 sobe ,uknjiženo ,,novo ,5,terasa ,ostava ,prazno ,kablovska,,4801 ,pre 3 sata ,797.000,Mome Kapora,"Hram Svetog Save, Neimar, Vračar, Beograd",,"Četvorosoban stan na prodaju, Mome Kapora, 797.000€, 182m² - 4zida",2023-07-10,ima lift ,1 garažno mesto ,2014,,,,,,
57,https://www.4zida.rs/prodaja-stanova/stari-kosutnjak-rakovica-opstina-beograd/dvoiposoban-stan/6484678eebad1a9f0109acf2,,61 m² ,2,uknjiženo ,centralno grejanje ,uobičajeno stanje ,4,,kupatilo ,prazno ,telefon ,,84846 ,pre 30 dana ,134.200,Hasanaginice,"Stari Košutnjak, Rakovica opština, Beograd","Hasanaginice, 4/4, u mirnoj ulici, u Starom Košutnjaku, u kvalitetnoj održavanoj zgradi iz 2001., u očuvanom izvornom stanju, funkcionalan, lep raspored prostorija: dnevni boravak sa trpezarijom, kuhinja, dve spavaće sobe+manja prostorija, kupatilo, u blizini srednje Ekonomske škole, gradskog prevoza, marketa, za preporuku, uknjižen. Agencijska provizija 2%. Hvala Vam na pregledu oglasa. Broj agencije u Registru posrednika 298. Mapa je informativnog karaktera, ne prikazuje tačnu lokaciju nekretnine.","Dvoiposoban stan na prodaju, Hasanaginice, 134.200€, 61m² - 4zida",2023-07-10,,,2001,1 parking mesto ,,,,,
58,https://www.4zida.rs/prodaja-stanova/skojevsko-naselje-rakovica-opstina-beograd/trosoban-stan/64ac256686a00488f508a242,,75 m² ,3 sobe ,uknjiženo ,centralno grejanje ,uobičajeno stanje ,1,podrum,kupatilo ,prazno ,telefon ,,1490 ,pre 5 sati ,139.900,Luke Vojvodića,"Skojevsko Naselje, Rakovica opština, Beograd",,"Trosoban stan na prodaju, Luke Vojvodića, 139.900€, 75m² - 4zida",2023-07-10,ima lift ,,1985,,,,,,
59,https://www.4zida.rs/prodaja-stanova/beograd-na-vodi-savski-venac-beograd/dvosoban-stan/63c034b70b90fb1fac056e77,,56 m² ,2 sobe ,uknjiženo ,centralno grejanje ,,16,terasa ,kupatilo ,namešteno ,telefon,useljivo ,2240 ,pre 2 meseca ,269.000,Hercegovačka,"Beograd na vodi, Savski Venac, Beograd","Stan se nalazi na trenutno najatraktivnijoj lokaciji u Beogradu u okviru projekta Beograd na vodi. Po strukturi dvosoban. Stan se prodaje kompletno namesten. Mogucnost kupovine garaznog mesta po ceni od 25.000 evra. Za preporuku. Agencijska provizija 2%. Za sve dodatne informacije, molimo da nas kontaktirate. ,","Dvosoban stan na prodaju, Hercegovačka, 269.000€, 56m² - 4zida",2023-07-10,ima lift ,1 garažno mesto ,,,,,,,
60,https://www.4zida.rs/prodaja-stanova/lekino-brdo-vozdovac-opstina-beograd/trosoban-stan/6435a2e3a8dfadb143068ac6,Stan u zgradi ,126 m² ,3 sobe ,uknjiženo ,etažno grejanje ,,2,podrum,,,telefon ,useljivo ,90284 ,pre 2 meseca ,245.000,Bacvanska,"Lekino Brdo, Voždovac opština, Beograd",,"Trosoban stan na prodaju, Bacvanska, 245.000€, 126m² - 4zida",2023-07-10,,,2001,,,,,,
61,https://www.4zida.rs/prodaja-stanova/politika-stari-grad-opstina-beograd/dvoiposoban-stan/64356aee5e43716f8f05c36b,,61 m² ,2,uknjiženo ,centralno grejanje ,uobičajeno stanje ,3,podrum ,kupatilo ,prazno ,telefon,useljivo ,5133 ,pre 2 meseca ,175.000,Svetogorska,"Politika, Stari Grad opština, Beograd",,"Dvoiposoban stan na prodaju, Svetogorska, 175.000€, 61m² - 4zida",2023-07-10,,,,,,,,,
62,https://www.4zida.rs/prodaja-stanova/mirijevo-zvezdara-opstina-beograd/dvoiposoban-stan/64ac3a7026c92a9eac0f6873,Stan u zgradi ,65 m² ,2,uknjiženo ,centralno grejanje ,renovirano ,1,podrum,,prazno ,interfon,,20416 ,pre 4 sata ,131.500,Vladislava Bajčevića,"Mirijevo, Zvezdara opština, Beograd",,"Dvoiposoban stan na prodaju, Vladislava Bajčevića, 131.500€, 65m² - 4zida",2023-07-10,ima lift ,,,1 parking mesto ,,,,,
63,https://www.4zida.rs/prodaja-stanova/bezanijska-kosa-1-bezanijska-kosa-novi-beograd-beograd/dvosoban-stan/64ac0868afa9620628086970,,56 m² ,2 sobe ,uknjiženo ,centralno grejanje ,,2,,kupatilo ,prazno ,telefon ,,4205 ,pre 7 sati ,167.000,Danila Lekića Španca,"Bežanijska kosa 1, Bežanijska kosa, Novi Beograd, Beograd",,"Dvosoban stan na prodaju, Danila Lekića Španca, 167.000€, 56m² - 4zida",2023-07-10,ima lift ,,,,,,,,
64,https://www.4zida.rs/prodaja-stanova/banovo-brdo-cukarica-cukarica-opstina-beograd/cetvoroiposoban-stan/64ac06deafa96206280868f2,Stan u zgradi ,182 m² ,4,uknjiženo ,grejanje na gas ,renovirano ,2,terasa,kuhinja ,namešteno ,kablovska,,7922 ,pre 7 sati ,345.000,Blagoja Parovića,"Banovo Brdo, Čukarica, Čukarica opština, Beograd","Retko u ponudi vanserijski lux konforan veliki dupleks od 165m2 plus velika garaza od 18m2, na ozuzetnoj lokaciji, sa predivnim pogledom sa obe lodje na siru okolinu.","Četvoroiposoban stan na prodaju, Blagoja Parovića, 345.000€, 182m² - 4zida",2023-07-10,,1 garažno mesto ,2014,,,,,,
65,https://www.4zida.rs/prodaja-stanova/gundulicev-venac-donji-dorcol-dorcol-stari-grad-opstina-beograd/dvosoban-stan/645cfba9d0cb99a6e002f9d4,,45 m² ,2 sobe ,uknjiženo ,podno grejanje ,novo ,prizemlje,,,namešteno ,,useljivo ,65569 ,pre 1 mesec ,135.000,Gundulićev venac,"Gundulićev Venac, Donji Dorćol, Dorćol, Stari Grad opština, Beograd","Prodaje se stan u polu suterenu,renoviran 2018. i u odličnom stanju sa integralnim ostavnim prostorom za veš mašinu, odeću, bicikl. Pošto nije parcijalizovan već otvorene konfiguracije, idealan je za samce i mlade parove. Iako nisko prizemlje, ukopan je samo 50 cm i ima velike prozore. Kapilarna vlaga je presečena i urađena dupla košuljica sa podnim grejanjem. Kompaktan i funkcionalan, sadrži i radni kutak u sklopu dnevne sobe. Prodaje se kompletno namešten. Uknjizen je na 37m2, dok ima stvarnih 45m2. Poseduje i poluprivatno dvorište. Odlicna lokacija, vredi pogledati. ID oglasa: 65569. Agencijska provizija 2% od kupoprodajne cene.","Dvosoban stan na prodaju, Gundulićev venac, 135.000€, 45m² - 4zida",2023-07-10,,,,,,,,,
66,https://www.4zida.rs/prodaja-stanova/kalenic-vracar-beograd/dvosoban-stan/645d335e9e62de95db09603f,Stan u zgradi ,61 m² ,2 sobe ,uknjiženo ,grejanje na struju ,potrebno renoviranje ,2,podrum ,kupatilo,prazno ,kablovska ,useljivo ,,pre 22 dana ,170.000,Vojvode Dragomira,"Kalenić, Vračar, Beograd",,"Dvosoban stan na prodaju, Vojvode Dragomira, 170.000€, 61m² - 4zida",2023-07-10,,,1940,,ulicu,83 ,Kablovska ,,19
67,https://www.4zida.rs/prodaja-stanova/istocni-vracar-vracar-beograd/petosoban-stan/64a2f492e946f8b3830c3a00,,150 m² ,5 soba ,uknjiženo ,etažno grejanje ,,2,terasa ,kupatila ,prazno ,telefon,useljivo ,3875 ,pre 5 sati ,525.000,Patrijarha Gavrila,"Istočni Vračar, Vračar, Beograd","Vračar - Lux salonski petosoban stan. Stan je renoviran, uknjižen.  Od prostorija ima  tri spavaće sobe, veliki dnevni boravak, veliki salon, kuhinju, dva kupatila.  Stan se nalazi na Vračaru izmedju Krunske ulice i hotela Metropol, odlična povezanost sa gradom.9112 Oznaka na mapi pokazuje deo grada, ne i tačan položaj zgrade.","Petosoban stan na prodaju, Patrijarha Gavrila, 525.000€, 150m² - 4zida",2023-07-10,,,,,,,,,
68,https://www.4zida.rs/prodaja-stanova/hadzipopovac-palilula-opstina-beograd/cetvorosoban-stan/641a7ef5c2b473fa0b046479,Stan u zgradi ,100 m² ,4 sobe ,,,novo ,1,terasa ,,prazno ,kablovska,,4809 ,pre 3 sata ,375.000,Preradovićeva,"Hadžipopovac, Palilula opština, Beograd",,"Četvorosoban stan na prodaju, Preradovićeva, 375.000€, 100m² - 4zida",2023-07-10,ima lift ,1 garažno mesto ,2023,,,,,,
69,https://www.4zida.rs/prodaja-stanova/gornji-grad-zemun-zemun-opstina-beograd/jednoiposoban-stan/648483427bac51da110f6ded,,45 m² ,1,u procesu uknjižavanja ,etažno grejanje ,,,,kuhinja ,,kablovska,,5412 ,pre 30 dana ,100.430,Novogradska,"Gornji Grad, Zemun, Zemun opština, Beograd",,"Jednoiposoban stan na prodaju, Novogradska, 100.430€, 45m² - 4zida",2023-07-10,,,2023,,,,,,
70,https://www.4zida.rs/prodaja-stanova/hram-svetog-save-neimar-vracar-beograd/jednoiposoban-stan/645d1401399424b65f05639a,,37 m² ,1,uknjiženo ,grejanje na struju ,,1,,kupatilo ,prazno ,telefon,,4179 ,pre 12 dana ,135.000,Dubljanska,"Hram Svetog Save, Neimar, Vračar, Beograd",,"Jednoiposoban stan na prodaju, Dubljanska, 135.000€, 37m² - 4zida",2023-07-10,,,,,,,,,
71,https://www.4zida.rs/prodaja-stanova/istocni-vracar-vracar-beograd/cetvorosoban-stan/64ac6700f597f53e8c04455e,,115 m² ,4 sobe ,uknjiženo ,grejanje na struju ,uobičajeno stanje ,1,podrum,kupatila ,prazno ,telefon,useljivo ,3883 ,pre 1 sat ,299.000,Istočni Vračar,"Istočni Vračar, Vračar, Beograd","Vračar - Prodaje se stan u mirnoj ulici na Vračaru, nedaleko od Kalenić pijace, nalazi se salonski stan na prvom spratu trospratne zgrade. Stan ima dva ulaza i lako je deljiv na dve stambene jedinice. Četvorosoban po strukturi ima odličan raspored prostorija. Poseduje četiri sobe, dva kupatila,  kuhinju sa ostavom, dve terase.  Ostava u prizemlju  18m2. Stan je kompletno renoviran - zamenjene su vodovodne i elektro instalacije i postavljena je nova stolarija. Odmah useljiv. Izuzetna ponuda! 08 Oznaka na mapi pokazuje deo grada, ne i tačan položaj zgrade.","Četvorosoban stan na prodaju, Istočni Vračar, 299.000€, 115m² - 4zida",2023-07-10,,,,,,,,,
72,https://www.4zida.rs/prodaja-stanova/bezanijska-kosa-novi-beograd-beograd/trosoban-stan/6405f97a3bff182d900f967c,Stan u zgradi ,81 m² ,3 sobe ,uknjiženo ,centralno grejanje ,renovirano ,visoko prizemlje,podrum,,prazno ,interfon ,,201 ,pre 2 meseca ,236.900,Nede Spasojević,"Bežanijska kosa, Novi Beograd, Beograd",,"Trosoban stan na prodaju, Nede Spasojević, 236.900€, 81m² - 4zida",2023-07-10,ima lift ,,,1 parking mesto ,,,,,
73,https://www.4zida.rs/prodaja-stanova/kalenic-vracar-beograd/jednosoban-stan/64943c344422e444470e1890,,30 m² ,1 soba ,uknjiženo ,centralno grejanje ,uobičajeno stanje ,nisko prizemlje,podrum ,kupatilo ,prazno ,telefon,,3850 ,pre 6 sati ,55.000,Tomaša Ježa,"Kalenić, Vračar, Beograd","Stan je u niskom prizemlju i za renoviranje je. Nalazi se u samom centru Vračara, u održavanoj zgradi. Odlična investicija, pogodan je za izdavanje, za poslovni prostor, kao i za studente. Uknjižen je na 16m2.","Jednosoban stan na prodaju, Tomaša Ježa, 55.000€, 30m² - 4zida",2023-07-10,,,,,,,,,
74,https://www.4zida.rs/prodaja-stanova/vojvode-vlahovica-vozdovac-opstina-beograd/jednosoban-stan/64ac2fbd9b81f36298077528,Stan u zgradi ,33 m² ,1 soba ,nije uknjiženo ,norveški radijatori ,novo ,3,,,,,useljivo ,100041 ,pre 5 sati ,58.600,Vojvode Vlahovića,"Vojvode Vlahovića, Voždovac opština, Beograd","Agencijski ID: 100041, III/III, lift, nov, novogradnja, stambena zgrada. Agent Saša. Više informacija na: www.beocitynekretnine.rs Agencijska provizija 2%. Telefoni: 060/328-3901 • 060/555-9720 • 011/328-3901. Kontakt van radnog vremena: kancelarija@beocitynekretnine.rs","Jednosoban stan na prodaju, Vojvode Vlahovića, 58.600€, 33m² - 4zida",2023-07-10,ima lift ,,2023,,,,,,
75,https://www.4zida.rs/prodaja-stanova/vozdovacka-crkva-vozdovac-opstina-beograd/dvoiposoban-stan/64ac2c5e9b81f36298077492,,52 m² ,2,uknjiženo ,centralno grejanje ,novo ,3,terasa ,kupatilo ,prazno ,telefon,,896 ,pre 5 sati ,155.000,Gostivarska,"Voždovačka crkva, Voždovac opština, Beograd",,"Dvoiposoban stan na prodaju, Gostivarska, 155.000€, 52m² - 4zida",2023-07-10,ima lift ,,,,,,,,
76,https://www.4zida.rs/prodaja-stanova/mirijevo-zvezdara-opstina-beograd/jednosoban-stan/64ac3aca26c92a9eac0f6898,Stan u zgradi ,36 m² ,1 soba ,uknjiženo ,centralno grejanje ,,5,podrum,,,telefon ,useljivo ,3410 ,pre 4 sata ,76.000,Milivoja Perovića,"Mirijevo, Zvezdara opština, Beograd",,"Jednosoban stan na prodaju, Milivoja Perovića, 76.000€, 36m² - 4zida",2023-07-10,ima lift ,,1995,,,,,,
77,https://www.4zida.rs/prodaja-stanova/trg-republike-beograd-centar-stari-grad-opstina-beograd/cetvorosoban-stan/642c210e2ebe71488308206d,Stan u zgradi ,109 m² ,4 sobe ,uknjiženo ,centralno grejanje ,,4,terasa ,,prazno ,kablovska,,4827 ,pre 3 sata ,697.000,Bulevar despota Stefana,"Trg Republike, Beograd centar, Stari Grad opština, Beograd",,"Četvorosoban stan na prodaju, Bulevar despota Stefana, 697.000€, 109m² - 4zida",2023-07-10,ima lift ,,1932,,,,,,
78,https://www.4zida.rs/prodaja-stanova/mali-mokri-lug-zvezdara-opstina-beograd/jednoiposoban-stan/64ac2fbf9b81f36298077540,Stan u zgradi ,35 m² ,1,uknjiženo ,grejanje na struju ,novo ,2,terasa ,,,,useljivo ,100001 ,pre 5 sati ,61.250,Prvomajska,"Mali Mokri Lug, Zvezdara opština, Beograd","Agencijski ID: 100001, II/IV, terasa, uknjižen, nov, novogradnja. +PDV. Odlično pozicionirani stanovi, autobusko stajaliste odmah pored zgrade, blizina doma zdravlja, prodavnica, vrtića. Agent Olivera. Više informacija na: www.beocitynekretnine.rs Agencijska provizija 2%. Telefoni: 060/328-3901 • 060/555-9720 • 011/328-3901. Kontakt van radnog vremena: kancelarija@beocitynekretnine.rs","Jednoiposoban stan na prodaju, Prvomajska, 61.250€, 35m² - 4zida",2023-07-10,,,,,,,,,
79,https://www.4zida.rs/prodaja-stanova/kalenic-vracar-beograd/dvosoban-stan/64ac49d6aeb587c80c09b260,Stan u zgradi ,67 m² ,2 sobe ,uknjiženo ,centralno grejanje ,,6,podrum,,,telefon ,useljivo ,90762 ,pre 3 sata ,263.000,Molerova,"Kalenić, Vračar, Beograd",,"Dvosoban stan na prodaju, Molerova, 263.000€, 67m² - 4zida",2023-07-10,ima lift ,,,,,,,,
80,https://www.4zida.rs/prodaja-stanova/mostarska-petlja-savski-venac-beograd/trosoban-stan/642ee9856ac389096d0dfdc8,Stan u zgradi ,66 m² ,3 sobe ,uknjiženo ,podno grejanje ,novo ,1,terasa ,,prazno ,kablovska,useljivo ,575 ,pre 12 minuta ,180.000,Dobropoljska,"Mostarska Petlja, Savski Venac, Beograd","Stan 66m2 sa terasom, vrhunskog kvaliteta gradnje,  hrastov parket, granitna keramika, 6-komorna Pvc stolarija, podno grejanje + 2 inverter klime, video-nadzor. Funkcionalan raspored, odvojen spavaći blok, 2 komforne spavaće sobe, 2 mokra čvora, komforan dnevni boravak sa trepezaarijskim delom, kuhinja, terasa. Nov stan, odmah useljiv cena + Pdv, mogućnost kupovine garažnog mesta. Odlična lokacija u neposrednoj blizini Autokomande, više prodavnica i javnog prevoza. Uredna dokumentacija, nov, odmah useljiv stan, za svaku preporuku....  Posrednička naknada je u skladu sa Opštim uslovima poslovanja Posrednika ""SM nekretnine"" Beograd.","Trosoban stan na prodaju, Dobropoljska, 180.000€, 66m² - 4zida",2023-07-10,ima lift ,1 garažno mesto ,,,,,,,
81,https://www.4zida.rs/prodaja-stanova/zarkovo-cukarica-cukarica-opstina-beograd/dvoiposoban-stan/648c683066d0e762300881f3,Stan u zgradi ,50 m² ,2,nije uknjiženo ,etažno grejanje ,uobičajeno stanje ,1,terasa ,,,telefon ,useljivo ,3142 ,pre 24 dana ,91.000,Nastićeva,"Žarkovo, Čukarica, Čukarica opština, Beograd","Agencijski ID: 3142, I/V, telefon, terasa, izvorno stanje, stara gradnja. Agent Ljiljana. Više informacija na: www.beocitynekretnine.rs Agencijska provizija 2%. Telefoni: 060/555-3901 • 060/555-2146 • 011/408-5754. Kontakt van radnog vremena: kancelarija@beocitynekretnine.rs","Dvoiposoban stan na prodaju, Nastićeva, 91.000€, 50m² - 4zida",2023-07-10,,,,,,,,,
82,https://www.4zida.rs/prodaja-stanova/vozdovacka-crkva-vozdovac-opstina-beograd/cetvorosoban-stan/63c036150b90fb1fac056efb,Stan u zgradi ,138 m² ,4 sobe ,uknjiženo ,podno grejanje ,renovirano ,prizemlje,podrum,,prazno ,,,19794 ,pre 27 dana ,299.000,Jove Ilića,"Voždovačka crkva, Voždovac opština, Beograd",,"Četvorosoban stan na prodaju, Jove Ilića, 299.000€, 138m² - 4zida",2023-07-10,,1 garažno mesto ,1980,,,,,,
83,https://www.4zida.rs/prodaja-stanova/dedinje-savski-venac-beograd/dvosoban-stan/64ac49d4aeb587c80c09b25d,Stan u zgradi ,65 m² ,2 sobe ,uknjiženo ,etažno grejanje ,,1,podrum,,,telefon ,useljivo ,90761 ,pre 3 sata ,210.000,Neznanog junaka,"Dedinje, Savski Venac, Beograd",,"Dvosoban stan na prodaju, Neznanog junaka, 210.000€, 65m² - 4zida",2023-07-10,,,1965,,,,,,
84,https://www.4zida.rs/prodaja-stanova/stepa-stepanovic-vozdovac-opstina-beograd/trosoban-stan/645ced4691b90cd94a09244d,Stan u zgradi ,83 m² ,3 sobe ,uknjiženo ,centralno grejanje ,novo ,1,terasa,kupatilo,,telefon,useljivo ,,pre 9 sati ,219.000,2.srpske armije,"Stepa Stepanović, Voždovac opština, Beograd",,"Trosoban stan na prodaju, 2.srpske armije, 219.000€, 83m² - 4zida",2023-07-10,ima lift ,,,,,,,,
85,https://www.4zida.rs/prodaja-stanova/petlovo-brdo-rakovica-opstina-beograd/trosoban-stan/64943c334422e444470e188a,,76 m² ,3 sobe ,uknjiženo ,etažno grejanje ,novo ,1,terasa ,kupatilo ,prazno ,telefon,useljivo ,3853 ,pre 6 sati ,114.000,Hablova,"Petlovo Brdo, Rakovica opština, Beograd",,"Trosoban stan na prodaju, Hablova, 114.000€, 76m² - 4zida",2023-07-10,,,,,,,,,
86,https://www.4zida.rs/prodaja-stanova/vojvode-vlahovica-vozdovac-opstina-beograd/garsonjera/64ac2fbd9b81f36298077522,Stan u zgradi ,26 m² ,0,nije uknjiženo ,norveški radijatori ,novo ,3,,,,,useljivo ,100043 ,pre 5 sati ,45.500,Vojvode Vlahovića,"Vojvode Vlahovića, Voždovac opština, Beograd","Agencijski ID: 100043, III/III, lift, nov, novogradnja, stambena zgrada. Agent Saša. Više informacija na: www.beocitynekretnine.rs Agencijska provizija 2%. Telefoni: 060/328-3901 • 060/555-9720 • 011/328-3901. Kontakt van radnog vremena: kancelarija@beocitynekretnine.rs","Garsonjera na prodaju, Vojvode Vlahovića, 45.500€, 26m² - 4zida",2023-07-10,ima lift ,,2023,,,,,,
87,https://www.4zida.rs/prodaja-stanova/rakovica-rakovica-opstina-beograd/dvoiposoban-stan/645d4f68cc967142e4010f91,Stan u zgradi ,51 m² ,2,uknjiženo ,TA peć ,,2,podrum,,prazno ,,,123 ,pre 1 mesec ,110.000,Rakovica,"Rakovica, Rakovica opština, Beograd",,"Dvoiposoban stan na prodaju, Rakovica, 110.000€, 51m² - 4zida",2023-07-10,,,1951,,,,,,
88,https://www.4zida.rs/prodaja-stanova/karaburma-palilula-opstina-beograd/dvosoban-stan/6499d38c9f2e60ef1901e5dd,,52 m² ,2 sobe ,uknjiženo ,grejanje na struju ,uobičajeno stanje ,1,podrum,kupatilo ,prazno ,telefon,,1163 ,pre 7 sati ,120.000,Pera Ćetkovića,"Karaburma, Palilula opština, Beograd",,"Dvosoban stan na prodaju, Pera Ćetkovića, 120.000€, 52m² - 4zida",2023-07-10,,,1971,,,,,,
89,https://www.4zida.rs/prodaja-stanova/gornji-grad-zemun-zemun-opstina-beograd/jednoiposoban-stan/648483407bac51da110f6de7,,35 m² ,1,u procesu uknjižavanja ,podno grejanje ,novo ,,terasa ,,,,,5417 ,pre 30 dana ,110.160,Ugrinovačka,"Gornji Grad, Zemun, Zemun opština, Beograd",,"Jednoiposoban stan na prodaju, Ugrinovačka, 110.160€, 35m² - 4zida",2023-07-10,,,2023,,,,,,
90,https://www.4zida.rs/prodaja-stanova/krunski-venac-vracar-beograd/petosoban-stan/64ac4b00aeb587c80c09b280,,150 m² ,5 soba ,uknjiženo ,etažno grejanje ,,2,terasa ,kupatila ,prazno ,telefon,useljivo ,3881 ,pre 3 sata ,525.000,Patrijarha Gavrila,"Krunski Venac, Vračar, Beograd","Vračar - Lux salonski petosoban stan. Stan je renoviran, uknjižen.  Od prostorija ima  tri spavaće sobe, veliki dnevni boravak, veliki salon, kuhinju, dva kupatila.  Stan se nalazi na Vračaru izmedju Krunske ulice i hotela Metropol, odlična povezanost sa gradom.9112 Oznaka na mapi pokazuje deo grada, ne i tačan položaj zgrade.","Petosoban stan na prodaju, Patrijarha Gavrila, 525.000€, 150m² - 4zida",2023-07-10,,,,,,,,,
91,https://www.4zida.rs/prodaja-stanova/lekino-brdo-vozdovac-opstina-beograd/troiposoban-stan/640e309ec489e60cae0bafd7,,80 m² ,3,,etažno grejanje ,novo ,1,,kupatilo ,prazno ,telefon ,useljivo ,1088 ,pre 2 meseca ,212.000,Davida Pajića,"Lekino Brdo, Voždovac opština, Beograd",,"Troiposoban stan na prodaju, Davida Pajića, 212.000€, 80m² - 4zida",2023-07-10,ima lift ,,2021,,,,,,
92,https://www.4zida.rs/prodaja-stanova/mladenovac-centar-mladenovac-opstina-beograd/trosoban-stan/63e913acbc42c5b6690c0a1b,,70 m² ,3 sobe ,uknjiženo ,grejanje na gas ,novo ,4,terasa ,kupatilo ,prazno ,telefon,useljivo ,1336 ,pre 2 meseca ,76.000,Mladenovac centar,"Mladenovac centar, Mladenovac opština, Beograd",,"Trosoban stan na prodaju, Mladenovac centar, 76.000€, 70m² - 4zida",2023-07-10,,,2022,,,,,,
93,https://www.4zida.rs/prodaja-stanova/jajinci-vozdovac-opstina-beograd/dvosoban-stan/644af1a5150bd389010c316a,Stan u zgradi ,35 m² ,2 sobe ,uknjiženo ,etažno grejanje ,novo ,2,terasa ,,prazno ,kablovska,,585 ,pre 12 minuta ,57.200,Bulevar Jna,"Jajinci, Voždovac opština, Beograd","Stan 35m2 sa terasom, vrhunskog kvaliteta gradnje,  hrastov parket, granitna keramika, 6-komorna Pvc stolarija, etažno i podno grejanje, video-nadzor. Funkcionalan raspored, odvojena spavaća soba, komforan dnevni boravak sa trepezaarijskim delom, kuhinja, kupatilo, terasa. Nov stan,  cena + Pdv, (kupci prvog stana ostvaruju pravo povraćaja Pdv-a)mogućnost kupovine garažnog mesta. Odlična lokacija u neposrednoj blizini Banjice, Doma Zdravlja, više prodavnica i javnog prevoza. Uredna dokumentacija, mogućnost kupovine preko stambenog kredita, za svaku preporuku.... Posrednička naknada je u skladu sa Opštim uslovima poslovanja Posrednika ""SM nekretnine"" Beograd.","Dvosoban stan na prodaju, Bulevar Jna, 57.200€, 35m² - 4zida",2023-07-10,ima lift ,1 garažno mesto ,,,,,,,
94,https://www.4zida.rs/prodaja-stanova/karaburma-palilula-opstina-beograd/garsonjera/64abf62ea4da3539830ca837,,20 m² ,0,uknjiženo ,grejanje na struju ,uobičajeno stanje ,3,podrum,kupatilo ,prazno ,telefon,useljivo ,5739 ,pre 9 sati ,45.000,Stevana Dukića,"Karaburma, Palilula opština, Beograd",,"Garsonjera na prodaju, Stevana Dukića, 45.000€, 20m² - 4zida",2023-07-10,,,1975,,,,,,
95,https://www.4zida.rs/prodaja-stanova/sava-kovacevic-zemun-zemun-opstina-beograd/jednoiposoban-stan/64846b73c19b8bb74d01a5ba,,38 m² ,1,uknjiženo ,,,visoko prizemlje,,kupatilo ,prazno ,telefon ,,13227 ,pre 18 dana ,91.000,Rade Končara,"Sava Kovačević, Zemun, Zemun opština, Beograd",,"Jednoiposoban stan na prodaju, Rade Končara, 91.000€, 38m² - 4zida",2023-07-10,,,,,,,,,
96,https://www.4zida.rs/prodaja-stanova/blok-63-bezanijski-blokovi-novi-beograd-beograd/jednoiposoban-stan/648c682066d0e762300881cc,Stan u zgradi ,50 m² ,1,uknjiženo ,centralno grejanje ,,1,,,,,useljivo ,96893 ,pre 24 dana ,137.000,Gandijeva,"Blok 63, Bežanijski Blokovi, Novi Beograd, Beograd","Agencijski ID: 96893, I/IX, uknjižen. Agent Milica. Više informacija na: www.beocitynekretnine.rs Agencijska provizija 2%. Telefoni: 060/555-3901 • 060/555-2146 • 011/408-5754. Kontakt van radnog vremena: kancelarija@beocitynekretnine.rs","Jednoiposoban stan na prodaju, Gandijeva, 137.000€, 50m² - 4zida",2023-07-10,,,,,,,,,
97,https://www.4zida.rs/prodaja-stanova/vidikovac-rakovica-opstina-beograd/trosoban-stan/648467a3ebad1a9f0109acfd,,68 m² ,3 sobe ,uknjiženo ,centralno grejanje ,uobičajeno stanje ,9,,kupatilo ,prazno ,telefon,useljivo ,1143 ,pre 30 dana ,102.000,Vidikovački venac,"Vidikovac, Rakovica opština, Beograd","Uknjižen trosoban stan, očuvan, funkcionalan. Ima dve spavaće sobe, proatran dnevni boravak, kuhinju i trpezariju, hodnik, kupatilo. Stan je IX spratu nadogradnje. Lift do VII sprata. Blizina prevoza, pijace, tržnih centara i dr. Kontakt: 063/623-596 Agencijska provizija 2%","Trosoban stan na prodaju, Vidikovački venac, 102.000€, 68m² - 4zida",2023-07-10,ima lift ,,,,,,,,
98,https://www.4zida.rs/prodaja-stanova/krnjaca-palilula-opstina-beograd/dvoiposoban-stan/64257b0479f7f37b4905ed5e,Stan u zgradi ,49 m² ,2,uknjiženo ,etažno grejanje ,novo ,visoko prizemlje ,terasa ,,prazno ,kablovska,,568 ,pre 12 minuta ,74.778,Partizanski blok,"Krnjača, Palilula opština, Beograd","Stan 49m2 sa terasom, u izgradnji,  funkcionalan raspored, 2 spavaće sobe, komforan dnevni boravak sa trepezarijskim delom, kuhinja, kupatilo i terasa. Prvoklasnog kvaliteta gradnje, hrastov parket, granitna keramika,  šestokomorna PVC stolarija sa roletnama, etažno grejanje, mali komunalni troškovi. odlična lokacija u neposrednoj blizini Metro-a i javnog prevoza. Uredna dokumentacija, moguća kupovina preko stambenog kredita, cena + PDV od 10%, mogućnost kupovine parking mesta, za svaku preporuku... .. Posrednička naknada je u skladu sa Opštim uslovima poslovanja Posrednika ""SM nekretnine"" Beograd.","Dvoiposoban stan na prodaju, Partizanski blok, 74.778€, 49m² - 4zida",2023-07-10,,,,1 parking mesto ,,,,,
99,https://www.4zida.rs/prodaja-stanova/karaburma-palilula-opstina-beograd/dvosoban-stan/645cda40718c53132d018f5e,,49 m² ,2 sobe ,uknjiženo ,grejanje na struju ,novo ,2,terasa ,kupatilo ,prazno ,telefon,,8599 ,pre 1 mesec ,99.999,Karaburma,"Karaburma, Palilula opština, Beograd",,"Dvosoban stan na prodaju, Karaburma, 99.999€, 49m² - 4zida",2023-07-10,,,,,,,,,
100,https://www.4zida.rs/prodaja-stanova/krnjaca-palilula-opstina-beograd/dvosoban-stan/63874b40c0a4bed45206fad5,Stan u zgradi ,40 m² ,2 sobe ,uknjiženo ,etažno grejanje ,novo ,2,terasa ,,prazno ,kablovska,,412 ,pre 11 minuta ,61.800,Partizanski blok,"Krnjača, Palilula opština, Beograd","Stan 40m2 sa terasom, u izgradnji, funkcionalan raspored, 1 spavaća soba, komforan dnevni boravak sa trepezarijskim delom, kuhinja, kupatilo i terasa. Prvoklasnog kvaliteta gradnje, hrastov parket, granitna keramika,  šestokomorna PVC stolarija sa roletnama, etažno grejanje, mali komunalni troškovi. odlična lokacija u neposrednoj blizini Metro-a i javnog prevoza. Uredna dokumentacija, cena + PDV, mogućnost kupovine parking mesta, za svaku preporuku... Posrednička naknada je u skladu sa Opštim uslovima poslovanja Posrednika ""SM nekretnine"" Beograd.","Dvosoban stan na prodaju, Partizanski blok, 61.800€, 40m² - 4zida",2023-07-10,,,,1 parking mesto ,,,,,
101,https://www.4zida.rs/prodaja-stanova/stepa-stepanovic-vozdovac-opstina-beograd/trosoban-stan/64ac2c5f9b81f36298077495,,83 m² ,3 sobe ,,centralno grejanje ,novo ,1,lođa ,kupatilo ,prazno ,telefon,,889 ,pre 5 sati ,225.000,2. srpske armije,"Stepa Stepanović, Voždovac opština, Beograd",,"Trosoban stan na prodaju, 2. srpske armije, 225.000€, 83m² - 4zida",2023-07-10,ima lift ,,,,,,,,
102,https://www.4zida.rs/prodaja-stanova/miljakovac-iii-miljakovac-rakovica-opstina-beograd/trosoban-stan/64ac4c9eaeb587c80c09b2b9,,50 m² ,3 sobe ,uknjiženo ,etažno grejanje ,u izgradnji ,1,terasa ,kupatilo ,prazno ,telefon ,,124671 ,pre 59 minuta ,85.000,Miljakovačke staze,"Miljakovac III, Miljakovac, Rakovica opština, Beograd",,"Trosoban stan na prodaju, Miljakovačke staze, 85.000€, 50m² - 4zida",2023-07-10,,,,,,,,,
103,https://www.4zida.rs/prodaja-stanova/bajlonijeva-pijaca-stari-grad-opstina-beograd/dvoiposoban-stan/645cda65718c53132d018f6f,,92 m² ,2,uknjiženo ,centralno grejanje ,,5,terasa ,kupatilo ,prazno ,telefon ,useljivo ,2637 ,pre 1 mesec ,230.000,Drinčićeva,"Bajlonijeva Pijaca, Stari Grad opština, Beograd",,"Dvoiposoban stan na prodaju, Drinčićeva, 230.000€, 92m² - 4zida",2023-07-10,,,,,,,,,
104,https://www.4zida.rs/prodaja-stanova/juzni-bulevar-vracar-beograd/trosoban-stan/64359377f126ae93cc005957,Stan u zgradi ,69 m² ,3 sobe ,u procesu uknjižavanja ,centralno grejanje ,,4,terasa ,,prazno ,,,20126 ,pre 9 dana ,220.000,Gospodara Vučića,"Južni Bulevar, Vračar, Beograd",,"Trosoban stan na prodaju, Gospodara Vučića, 220.000€, 69m² - 4zida",2023-07-10,ima lift ,,2007,1 parking mesto ,,,,,
105,https://www.4zida.rs/prodaja-stanova/vojvode-vlahovica-vozdovac-opstina-beograd/garsonjera/64ac2fbd9b81f36298077534,Stan u zgradi ,26 m² ,0,nije uknjiženo ,norveški radijatori ,novo ,visoko prizemlje,,,,,useljivo ,100036 ,pre 5 sati ,46.400,Vojvode Vlahovića,"Vojvode Vlahovića, Voždovac opština, Beograd","Agencijski ID: 100036, VPR/III, lift, nov, novogradnja, stambena zgrada. Novogradnja, stambena zgrada. u centru naselja Vojvode Vlahovića u neposrednoj blizini Shop&amp; Go prodavnice i autobuske stanice za mini buseve . Objekat se gradi sa građevinskom dozvolom, po proceduri za dobijaje upotrebne dozvole i uknjiženja objekta po izgradnji .Gradi se savremenim materijalima sa prvoklasnom termo izolacijom i stolarijom koju proizvodi sam investitor .Stan je izuzetno funkcionalno projektovan sa minimalnim gubitkom korisnog prostora sa plafonom visine 2.80m koji doprinosi većem volumenu prostora i prijatnom osećanju boravljenja.  Ispod stana je predviđen poslovni prostor , Projektovani su veliki prozori što doprinosi puno svetlosti u sobama. . Zgrada će biti useljiva najkasnije u septembru ove godine . Cena je sa PDV -om , kupci prvog stana imaju pravo na povraćaj poreza . Stepen izgrađenosti objekta je 80% , banke odobravaju kredit. Agent Saša. Više informacija na: www.beocitynekretnine.rs Agencijska provizija 2%. Telefoni: 060/328-3901 • 060/555-9720 • 011/328-3901. Kontakt van radnog vremena: kancelarija@beocitynekretnine.rs","Garsonjera na prodaju, Vojvode Vlahovića, 46.400€, 26m² - 4zida",2023-07-10,ima lift ,,2023,,,,,,
106,https://www.4zida.rs/prodaja-stanova/vojvode-vlahovica-vozdovac-opstina-beograd/dvosoban-stan/64ac2fbd9b81f36298077525,Stan u zgradi ,40 m² ,2 sobe ,nije uknjiženo ,norveški radijatori ,novo ,3,,,,,useljivo ,100042 ,pre 5 sati ,70.000,Vojvode Vlahovića,"Vojvode Vlahovića, Voždovac opština, Beograd","Agencijski ID: 100042, III/III, lift, nov, novogradnja, stambena zgrada. Agent Saša. Više informacija na: www.beocitynekretnine.rs Agencijska provizija 2%. Telefoni: 060/328-3901 • 060/555-9720 • 011/328-3901. Kontakt van radnog vremena: kancelarija@beocitynekretnine.rs","Dvosoban stan na prodaju, Vojvode Vlahovića, 70.000€, 40m² - 4zida",2023-07-10,ima lift ,,2023,,,,,,
107,https://www.4zida.rs/prodaja-stanova/visnjicka-banja-palilula-opstina-beograd/garsonjera/64a6ae1e7a6369d24c007dd3,,24 m² ,0,uknjiženo ,grejanje na struju ,novo ,visoko prizemlje,terasa ,kupatilo ,prazno ,telefon,useljivo ,1219 ,pre 7 sati ,60.000,Batočinska,"Višnjička Banja, Palilula opština, Beograd",,"Garsonjera na prodaju, Batočinska, 60.000€, 24m² - 4zida",2023-07-10,,,2016,1 parking mesto ,,,,,
108,https://www.4zida.rs/prodaja-stanova/beograd-centar-stari-grad-opstina-beograd/dvosoban-stan/6346f9c825454c59490e22f6,Stan u zgradi ,53 m² ,2 sobe ,uknjiženo ,grejanje na struju ,,2,podrum,,,,useljivo ,89331 ,pre 2 meseca ,185.000,Cetinjska,"Beograd centar, Stari Grad opština, Beograd",,"Dvosoban stan na prodaju, Cetinjska, 185.000€, 53m² - 4zida",2023-07-10,,,,,,,,,
109,https://www.4zida.rs/prodaja-stanova/blok-11c-stari-merkator-blok-11-novi-beograd-beograd/trosoban-stan/645cf11badedcc5167089e46,Stan u zgradi ,86 m² ,3 sobe ,uknjiženo ,centralno grejanje ,renovirano ,6,terasa,kupatilo,,telefon,useljivo ,,pre 9 sati ,249.500,Luja Adamiča,"Blok 11c - Stari Merkator, Blok 11, Novi Beograd, Beograd",,"Trosoban stan na prodaju, Luja Adamiča, 249.500€, 86m² - 4zida",2023-07-10,ima lift ,,,,,,,,
110,https://www.4zida.rs/prodaja-stanova/kalenic-vracar-beograd/dvosoban-stan/648c647a66d0e76230087b4e,Stan u zgradi ,75 m² ,2 sobe ,uknjiženo ,etažno grejanje ,,2,podrum,,,klima ,useljivo ,95490 ,pre 24 dana ,286.000,Kalenić,"Kalenić, Vračar, Beograd","Agencijski ID: 95490, II/V, klima, terasa(2), uknjižen, luks renoviran, parking, podrum, može zamena(), stambena zgrada. Kvalitetno renoviran 2.0 stan od 75m2 (uknjižen na 62m2), polunamešten, dvostrano orijentisan, u centru Vračara, na par koraka od Kalenić pijace. Veoma je svetao, sa lepim pogledom, po strukturi je bio 3.0, a adaptacijom je  pretvoren u 2.0. Miks fotografija nakon renoviranja od pre 2 godine bez nameštaja i sadašnje stanje kada je polunamešten. Sastoji se iz komfornog dnevnog boravka od oko 40m2 sa trpezarijom i izlazom na dve terase, spavaće sobe sa izlazom na zastakljenu lođu i kupatila. Pvc stolarija sa roletnama i komarnicima, keramika, sanitarije, sigurnosna vrata, sve je vrhunskog kvaliteta. Pre 2 godine je kompletno renoviran, kada su zamenjene i vodovodne i elektro instalacije. Etažno grejanje na struju, infostan oko 1.500 din. Ugradna kuhinja, trpezarijski sto i ostatak nameštaja na fotografijama, sve ostaje u stanu i uključeno je u cenu. Zgrada sa malim brojem stanova, uredno održavana, bez lifta. Stan ima veliki pripadajući podrum kao i svoje parking mesto obezbeđeno u dvorištu zgrade. Blizina Kalenić pijace, brojnih marketa, apoteka, kafića, restorana. Gradski prevoz odlično povezan sa svim delovima grada. Odlična investicija za život, za izdavanje ili za poslovni prostor. Uknjižen 1/1, bez tereta, USELJIV ODMAH. Moguća zamena za manji stan uz doplatu. Agent Nela. Više informacija na: www.beocitynekretnine.rs Agencijska provizija 2%. Telefoni: 060/328-3901 • 060/555-9720 • 011/328-3901. Kontakt van radnog vremena: kancelarija@beocitynekretnine.rs","Dvosoban stan na prodaju, Kalenić, 286.000€, 75m² - 4zida",2023-07-10,,,,1 parking mesto ,,,,,
111,https://www.4zida.rs/prodaja-stanova/banjica-vozdovac-opstina-beograd/dvosoban-stan/64a4495e1ea9b0dda709027b,,70 m² ,2 sobe ,uknjiženo ,centralno grejanje ,novo ,1,terasa ,,prazno ,kablovska,useljivo ,58892 ,pre 5 sati ,150.000,Bulevar oslobođenja,"Banjica, Voždovac opština, Beograd",,"Dvosoban stan na prodaju, Bulevar oslobođenja, 150.000€, 70m² - 4zida",2023-07-10,ima lift ,,,,,,,,
112,https://www.4zida.rs/prodaja-stanova/vidikovacka-padina-vidikovac-rakovica-opstina-beograd/jednosoban-stan/648c7168ce223806a60adc83,Stan u zgradi ,30 m² ,1 soba ,nije uknjiženo ,grejanje na struju ,,3,terasa ,,,,useljivo ,75178 ,pre 24 dana ,59.700,Kneževačka,"Vidikovačka Padina, Vidikovac, Rakovica opština, Beograd","Agencijski ID: 75178, III/IV, terasa. Agent Ranka. Više informacija na: www.beocitynekretnine.rs Agencijska provizija 2%. Telefoni: 060/328-3901 • 060/555-9720 • 011/328-3901. Kontakt van radnog vremena: kancelarija@beocitynekretnine.rs","Jednosoban stan na prodaju, Kneževačka, 59.700€, 30m² - 4zida",2023-07-10,,,,,,,,,
113,https://www.4zida.rs/prodaja-stanova/cerak-cukarica-cukarica-opstina-beograd/dvosoban-stan/64ac090aafa96206280869cc,,58 m² ,2 sobe ,uknjiženo ,grejanje na gas ,,visoko prizemlje,terasa ,kupatilo ,prazno ,telefon ,,1514 ,pre 7 sati ,120.000,Ratka Mitrovića,"Cerak, Čukarica, Čukarica opština, Beograd",,"Dvosoban stan na prodaju, Ratka Mitrovića, 120.000€, 58m² - 4zida",2023-07-10,,,,,,,,,
114,https://www.4zida.rs/prodaja-stanova/banjica-vozdovac-opstina-beograd/cetvorosoban-stan/642f28b943ef3f2f74019c98,,90 m² ,4 sobe ,uknjiženo ,centralno grejanje ,renovirano ,3,terasa,kupatila ,prazno ,telefon,useljivo ,3726 ,pre 5 sati ,189.000,Bulevar oslobođenja,"Banjica, Voždovac opština, Beograd","Prodaja stana - Banjica. Odličan četvorosoban stan u dobroj zgradi sa urednim ulazom i dva lifta. Stan je sunčan, svetao, sa otvorenim pogledom. Funkcionalan raspored prostorija.  Veliki dnevni boravk koji je povezan sa trpezarijom i kuhinjom. Iz kuhinje se izlazi na terasu i iz dnevnog boravka se izlazi na veliku lodju - drugu tersu. Zaseban spavaći blok koji se sastoji od tri spavaće sobe i kupatila. Stan ima dva mokra čvora, kupatilo i gostinjski toalet. U stanu je protočna topla voda i centralno grejanje. Stan je renoviran. Promenjene vodovodne instalacije, odlična keramika. Stan ima pripadajući podrum. I na svakom spratu se nalazi sušionica.  U blizini su : sprtski centar Banjica, prodavnice, pijaca, dve škole, vrtić, tržni centar, Lidal, VMA,  fakulteti (političkih nauka, FON, saobrćajni fakultet). Odlična povezanost sa drugim delovima grada. Veliki parking. Retko u ponudi.  Uskoro slike stana. 14 Oznaka na mapi pokazuje deo grada, ne i tačan položaj zgrade.","Četvorosoban stan na prodaju, Bulevar oslobođenja, 189.000€, 90m² - 4zida",2023-07-10,ima lift ,,,,,,,,
115,https://www.4zida.rs/prodaja-stanova/autokomanda-vozdovac-opstina-beograd/jednosoban-stan/645ced0eb0587d37f309e9d1,Stan u zgradi ,31 m² ,1 soba ,,centralno grejanje ,renovirano ,4,lođa ,,prazno ,interfon ,,6002 ,pre 1 mesec ,85.000,Vojvode Stepe,"Autokomanda, Voždovac opština, Beograd",,"Jednosoban stan na prodaju, Vojvode Stepe, 85.000€, 31m² - 4zida",2023-07-10,ima lift ,,,1 parking mesto ,,,,,
116,https://www.4zida.rs/prodaja-stanova/hram-svetog-save-neimar-vracar-beograd/trosoban-stan/64abf8d8a4da3539830ca8aa,,82 m² ,3 sobe ,uknjiženo ,centralno grejanje ,uobičajeno stanje ,1,podrum,kupatilo ,prazno ,telefon,,14793 ,pre 8 sati ,309.000,Kneginje Zorke,"Hram Svetog Save, Neimar, Vračar, Beograd",,"Trosoban stan na prodaju, Kneginje Zorke, 309.000€, 82m² - 4zida",2023-07-10,ima lift ,,,,,,,,
117,https://www.4zida.rs/prodaja-stanova/knezevac-vidikovac-rakovica-opstina-beograd/jednoiposoban-stan/64ac090aafa96206280869c6,,37 m² ,1,,etažno grejanje ,,4,terasa ,kupatilo ,prazno ,telefon ,,1516 ,pre 5 sati ,72.000,Muminovačka,"Kneževac, Vidikovac, Rakovica opština, Beograd",,"Jednoiposoban stan na prodaju, Muminovačka, 72.000€, 37m² - 4zida",2023-07-10,,,,1 parking mesto ,,,,,
118,https://www.4zida.rs/prodaja-stanova/borca-palilula-opstina-beograd/jednoiposoban-stan/648c635966d0e76230087947,Stan u zgradi ,40 m² ,1,nije uknjiženo ,grejanje na struju ,,prizemlje ,,,,,useljivo ,85685 ,pre 24 dana ,45.000,Borča,"Borča, Palilula opština, Beograd",,"Jednoiposoban stan na prodaju, Borča, 45.000€, 40m² - 4zida",2023-07-10,,,,,,,,,
119,https://www.4zida.rs/prodaja-stanova/petlovo-brdo-rakovica-opstina-beograd/petosoban-stan/649458311fe40fcac704927a,,150 m² ,5 soba ,uknjiženo ,etažno grejanje ,novo ,2,terasa ,kupatilo ,prazno ,telefon,,3854 ,pre 6 sati ,225.000,Hablova,"Petlovo Brdo, Rakovica opština, Beograd",,"Petosoban stan na prodaju, Hablova, 225.000€, 150m² - 4zida",2023-07-10,,,,1 parking mesto ,,,,,
120,https://www.4zida.rs/prodaja-stanova/krnjaca-palilula-opstina-beograd/dvosoban-stan/64ac1558ea531d4d0a02fa03,Stan u zgradi ,60 m² ,2 sobe ,uknjiženo ,centralno grejanje ,renovirano ,4,lođa ,,prazno ,kablovska,,16176 ,pre 6 sati ,90.000,Koste Josipovića,"Krnjača, Palilula opština, Beograd",,"Dvosoban stan na prodaju, Koste Josipovića, 90.000€, 60m² - 4zida",2023-07-10,,,,,,,,,
121,https://www.4zida.rs/prodaja-stanova/rusanj-cukarica-opstina-beograd/trosoban-stan/64ac358663a7d72d4308f1f9,Stan u zgradi ,51 m² ,3 sobe ,uknjiženo ,grejanje na struju ,,4,dvorište,kupatilo,prazno ,telefon,useljivo ,,pre 3 sata ,37.900,Oslobodjenja 1 deo,"Rušanj, Čukarica opština, Beograd",,"Trosoban stan na prodaju, Oslobodjenja 1 deo, 37.900€, 51m² - 4zida",2023-07-10,,,2000,,dvorište ,,ADSL ,,
122,https://www.4zida.rs/prodaja-stanova/mirijevo-zvezdara-opstina-beograd/dvoiposoban-stan/64ac188be7ea48d37e08a3b3,Stan u zgradi ,56 m² ,2,uknjiženo ,etažno grejanje ,novo ,6,,kupatilo ,prazno ,telefon,useljivo ,03,pre 21 minuta ,97.000,Mirijevo,"Mirijevo, Zvezdara opština, Beograd",,"Dvoiposoban stan na prodaju, Mirijevo, 97.000€, 56m² - 4zida",2023-07-10,ima lift ,,,,,da ,,,
123,https://www.4zida.rs/prodaja-stanova/cukarica-cukarica-opstina-beograd/dvosoban-stan/5ffde467e6feec1bc50e944a,,71 m² ,2 sobe ,uknjiženo ,grejanje na gas ,novo ,prizemlje,,kupatilo ,prazno ,,useljivo ,52551 ,pre 20 dana ,106.500,Vojislava Lubarde,"Čukarica, Čukarica opština, Beograd",,"Dvosoban stan na prodaju, Vojislava Lubarde, 106.500€, 71m² - 4zida",2023-07-10,,,,,,,,,
124,https://www.4zida.rs/prodaja-stanova/zeleni-venac-savski-venac-beograd/dvosoban-stan/6412dc4d442e2604fb0aace0,Stan u zgradi ,61 m² ,2 sobe ,uknjiženo ,TA peć ,uobičajeno stanje ,3,podrum,,prazno ,kablovska,,4803 ,pre 3 sata ,183.000,Lomina,"Zeleni Venac, Savski Venac, Beograd",,"Dvosoban stan na prodaju, Lomina, 183.000€, 61m² - 4zida",2023-07-10,,,1935,,,,,,
125,https://www.4zida.rs/prodaja-stanova/lion-zvezdara-opstina-beograd/dvosoban-stan/645ce177718c53132d019128,Stan u zgradi ,70 m² ,2 sobe ,uknjiženo ,centralno grejanje ,novo ,visoko prizemlje,,,prazno ,interfon ,useljivo ,306 ,pre 7 dana ,190.000,Koste Abraševića,"Lion, Zvezdara opština, Beograd",,"Dvosoban stan na prodaju, Koste Abraševića, 190.000€, 70m² - 4zida",2023-07-10,ima lift ,,,,,,,,
126,https://www.4zida.rs/prodaja-stanova/dusanovac-vozdovac-opstina-beograd/dvosoban-stan/6410d3f60b82ec9cc101845c,Stan u zgradi ,59 m² ,2 sobe ,,centralno grejanje ,renovirano ,1,,,prazno ,kablovska,useljivo ,4800 ,pre 3 sata ,141.600,Ustanička,"Dušanovac, Voždovac opština, Beograd",,"Dvosoban stan na prodaju, Ustanička, 141.600€, 59m² - 4zida",2023-07-10,,,1950,,,,,,
127,https://www.4zida.rs/prodaja-stanova/stari-kosutnjak-rakovica-opstina-beograd/cetvorosoban-stan/64ac31809b81f362980775b4,Dupleks ,111 m² ,4 sobe ,,centralno grejanje ,,5,terasa ,,prazno ,,,2643 ,pre 4 sata ,185.000,Luke Vojvodića,"Stari Košutnjak, Rakovica opština, Beograd",,"Četvorosoban stan na prodaju, Luke Vojvodića, 185.000€, 111m² - 4zida",2023-07-10,ima lift ,,1985,,,,,,
128,https://www.4zida.rs/prodaja-stanova/beograd-na-vodi-savski-venac-beograd/dvosoban-stan/645d13ff399424b65f056394,,78 m² ,2 sobe ,,centralno grejanje ,u izgradnji ,18,terasa ,kupatila ,prazno ,telefon ,,7206 ,pre 12 dana ,536.888,Hercegovačka,"Beograd na vodi, Savski Venac, Beograd",,"Dvosoban stan na prodaju, Hercegovačka, 536.888€, 78m² - 4zida",2023-07-10,ima lift ,1 garažno mesto ,,,,,,,
129,https://www.4zida.rs/prodaja-stanova/cvetni-trg-vracar-beograd/jednosoban-stan/64ac237286a00488f508a1e8,,20 m² ,1 soba ,uknjiženo ,centralno grejanje ,uobičajeno stanje ,nisko prizemlje,,kupatilo ,prazno ,telefon ,,2116 ,pre 5 sati ,82.000,Svetozara Markovića,"Cvetni Trg, Vračar, Beograd",,"Jednosoban stan na prodaju, Svetozara Markovića, 82.000€, 20m² - 4zida",2023-07-10,,,,,,,,,
130,https://www.4zida.rs/prodaja-stanova/mirijevo-ii-mirijevo-zvezdara-opstina-beograd/dvosoban-stan/64ac091cafa96206280869da,Stan u zgradi ,49 m² ,2 sobe ,u procesu uknjižavanja ,centralno grejanje ,novo ,1,terasa ,kuhinja ,prazno ,kablovska,useljivo ,74 ,pre 7 sati ,78.400,Mirijevo II,"Mirijevo II, Mirijevo, Zvezdara opština, Beograd",,"Dvosoban stan na prodaju, Mirijevo II, 78.400€, 49m² - 4zida",2023-07-10,,,,1 parking mesto ,,,,,
131,https://www.4zida.rs/prodaja-stanova/lion-zvezdara-opstina-beograd/trosoban-stan/648486507bac51da110f6e4e,,99 m² ,3 sobe ,uknjiženo ,etažno grejanje ,,2,terasa ,kupatila ,prazno ,telefon,,3830 ,pre 30 dana ,185.000,Ravanička,"Lion, Zvezdara opština, Beograd","Prodaja stana - Lion- Ravanička U prilici smo da Vam ponudimo četvrorosoban stan u dva nivoa, sa dva kupatila. Kompletno je renoviran i ne zahteva nikakva ulaganja. Ugrađena je PVC stolarija i etažno grejanje. Dvostrano je orijentisan i svetao, sa velikom tersom od 15m2. Ima klimu. Na donjoj  etaži nalazi se  dnevni boravak, kupatilo, veliku kuhinju i trpezariju. Na gornjoj etaži nalaze se tri spavaće sobe, kupatilo i velika terasa. Stan poseduje i ostavu u suterenu zgrade. Ima male režujske troškove. Odlična lokacija, miran i lep porodični kraj, između Bulevara Kralja Aleksandra  i ulice Vojislava Ilića u delu kod Liona. U blizini su prodavnice, osnovna škola, vrtić, dve srednje škole, pijace i sportski centar Olimp stajališta za veliki broj autobuskih, tramvaskih i trolebuskih linija. Odlična povezanost sa ostalim delovima grada. 35 Oznaka na mapi pokazuje deo grada, ne i tačan položaj zgrade.","Trosoban stan na prodaju, Ravanička, 185.000€, 99m² - 4zida",2023-07-10,,,,,,,,,
132,https://www.4zida.rs/prodaja-stanova/blok-34-novi-beograd-beograd/trosoban-stan/64ac1043ea531d4d0a02f8cb,Stan u zgradi ,85 m² ,3 sobe ,uknjiženo ,centralno grejanje ,,6,podrum,,prazno ,interfon,,19129 ,pre 7 sati ,245.000,Bulevar Zorana Đinđića,"Blok 34, Novi Beograd, Beograd",,"Trosoban stan na prodaju, Bulevar Zorana Đinđića, 245.000€, 85m² - 4zida",2023-07-10,ima lift ,,2015,1 parking mesto ,,,,,
133,https://www.4zida.rs/prodaja-stanova/mirijevo-zvezdara-opstina-beograd/trosoban-stan/6435674834cb3f76720b68b0,Stan u zgradi ,60 m² ,3 sobe ,u procesu uknjižavanja ,etažno grejanje ,luksuzno ,2,terasa ,kupatilo,prazno ,,,,pre 17 dana ,101.000,Rudi Cajevca,"Mirijevo, Zvezdara opština, Beograd",,"Trosoban stan na prodaju, Rudi Cajevca, 101.000€, 60m² - 4zida",2023-07-10,,,,1 parking mesto ,,,,,
134,https://www.4zida.rs/prodaja-stanova/mali-mokri-lug-zvezdara-opstina-beograd/jednoiposoban-stan/64ac2fbf9b81f36298077543,Stan u zgradi ,31 m² ,1,uknjiženo ,grejanje na struju ,novo ,1,terasa ,,,,useljivo ,99999 ,pre 5 sati ,54.250,Prvomajska,"Mali Mokri Lug, Zvezdara opština, Beograd","Agencijski ID: 99999, I/IV, terasa, uknjižen, nov, novogradnja, stambena zgrada. +PDV. Odlično pozicionirani stanovi, autobusko stajaliste odmah pored zgrade, blizina doma zdravlja, prodavnica, vrtića. Agent Olivera. Više informacija na: www.beocitynekretnine.rs Agencijska provizija 2%. Telefoni: 060/328-3901 • 060/555-9720 • 011/328-3901. Kontakt van radnog vremena: kancelarija@beocitynekretnine.rs","Jednoiposoban stan na prodaju, Prvomajska, 54.250€, 31m² - 4zida",2023-07-10,,,,,,,,,
135,https://www.4zida.rs/prodaja-stanova/krunska-vracar-beograd/trosoban-stan/64846bb06a8d2895150cc656,Stan u zgradi ,68 m² ,3 sobe ,uknjiženo ,centralno grejanje ,renovirano ,1,podrum,kupatila ,,,useljivo ,,pre 5 dana ,264.000,Desanke Maksimović,"Krunska, Vračar, Beograd","Trosoban stan u Desanke Maksimović, kompletno renoviran pre godinu dana. Dvostrano orijentisan. Salonska zgrada bez lifta. Uknjižen. Agencijska provizija 2%.","Trosoban stan na prodaju, Desanke Maksimović, 264.000€, 68m² - 4zida",2023-07-10,,,,,,,,,
136,https://www.4zida.rs/prodaja-stanova/cvetanova-cuprija-zvezdara-opstina-beograd/trosoban-stan/6484854f7bac51da110f6e37,,49 m² ,3 sobe ,uknjiženo ,etažno grejanje ,novo ,suteren,terasa ,kupatilo ,prazno ,telefon,,5565 ,pre 30 dana ,77.000,Generala Božidara Jankovića,"Cvetanova Ćuprija, Zvezdara opština, Beograd",,"Trosoban stan na prodaju, Generala Božidara Jankovića, 77.000€, 49m² - 4zida",2023-07-10,ima lift ,,2019,1 parking mesto ,,,,,
137,https://www.4zida.rs/prodaja-stanova/bulbulder-zvezdara-opstina-beograd/garsonjera/64abf5e665fd58fba601ee34,Stan u zgradi ,19 m² ,0,uknjiženo ,grejanje na struju ,luksuzno ,suteren,,kupatilo ,,,useljivo ,1,pre 9 sati ,70.000,Ljubljanska,"Bulbulder, Zvezdara opština, Beograd","Na prodaju garsonjera od 19m2 u samom cenru Zvezdare. Nalazi se u maloj i mirnoj ulici u blizini ulice Dimitrija Tucovića. Zgrada ima 3 sprata, poseduje parking, potpuno je nova i veoma lepog izgleda. Grejanje je na struju. Garsonjera je u potpunosti opremljena i uređena.","Garsonjera na prodaju, Ljubljanska, 70.000€, 19m² - 4zida",2023-07-10,ima lift ,,,,,,,,
138,https://www.4zida.rs/prodaja-stanova/konjarnik-zvezdara-opstina-beograd/dvosoban-stan/6484c25141f08410680ace84,Stan u zgradi ,66 m² ,2 sobe ,u procesu uknjižavanja ,centralno grejanje ,uobičajeno stanje ,5,podrum,kupatilo,,,useljivo ,,pre 30 dana ,112.000,Milića Rakića,"Konjarnik, Zvezdara opština, Beograd",,"Dvosoban stan na prodaju, Milića Rakića, 112.000€, 66m² - 4zida",2023-07-10,ima lift ,,,,,,,,
139,https://www.4zida.rs/prodaja-stanova/kalenic-vracar-beograd/dvosoban-stan/640e3f0d811ad723ab0b39fe,Stan u zgradi ,66 m² ,2 sobe ,uknjiženo ,etažno grejanje ,renovirano ,2,podrum,,prazno ,kablovska,,4799 ,pre 34 dana ,285.000,Njegoševa,"Kalenić, Vračar, Beograd",,"Dvosoban stan na prodaju, Njegoševa, 285.000€, 66m² - 4zida",2023-07-10,ima lift ,,1965,1 parking mesto ,,,,,
140,https://www.4zida.rs/prodaja-stanova/vojvode-vlahovica-vozdovac-opstina-beograd/garsonjera/64ac2fbd9b81f36298077531,Stan u zgradi ,28 m² ,0,nije uknjiženo ,norveški radijatori ,novo ,visoko prizemlje,,,,,useljivo ,100037 ,pre 5 sati ,49.000,Vojvode Vlahovića,"Vojvode Vlahovića, Voždovac opština, Beograd","Agencijski ID: 100037, VPR/III, lift, nov, novogradnja, stambena zgrada. Novogradnja, stambena zgrada. u centru naselja Vojvode Vlahovića u neposrednoj blizini Shop&amp; Go prodavnice i autobuske stanice za mini buseve . Objekat se gradi sa građevinskom dozvolom, po proceduri za dobijaje upotrebne dozvole i uknjiženja objekta po izgradnji .Gradi se savremenim materijalima sa prvoklasnom termo izolacijom i stolarijom koju proizvodi sam investitor .Stan je izuzetno funkcionalno projektovan sa minimalnim gubitkom korisnog prostora sa plafonom visine 2.80m koji doprinosi većem volumenu prostora i prijatnom osećanju boravljenja. Ispod stana je predviđen poslovni prostor , Projektovani su veliki prozori što doprinosi puno svetlosti u sobama. . Zgrada će biti useljiva najkasnije u septembru ove godine . Cena je sa PDV -om , kupci prvog stana imaju pravo na povraćaj poreza . Stepen izgrađenosti objekta je 80% , banke odobravaju kredit. Agent Saša. Više informacija na: www.beocitynekretnine.rs Agencijska provizija 2%. Telefoni: 060/328-3901 • 060/555-9720 • 011/328-3901. Kontakt van radnog vremena: kancelarija@beocitynekretnine.rs","Garsonjera na prodaju, Vojvode Vlahovića, 49.000€, 28m² - 4zida",2023-07-10,ima lift ,,2023,,,,,,
141,https://www.4zida.rs/prodaja-stanova/gradska-bolnica-zvezdara-opstina-beograd/dvosoban-stan/64ac25aa86a00488f508a270,,52 m² ,2 sobe ,uknjiženo ,centralno grejanje ,uobičajeno stanje ,1,terasa ,kupatilo ,prazno ,telefon,useljivo ,1144 ,pre 5 sati ,147.000,Čingrijina,"Gradska Bolnica, Zvezdara opština, Beograd",,"Dvosoban stan na prodaju, Čingrijina, 147.000€, 52m² - 4zida",2023-07-10,ima lift ,,,,,,,,
142,https://www.4zida.rs/prodaja-stanova/mirijevo-zvezdara-opstina-beograd/trosoban-stan/643d3606f63943b7e00b284a,Stan u zgradi ,56 m² ,3 sobe ,uknjiženo ,etažno grejanje ,novo ,2,terasa ,,prazno ,kablovska,useljivo ,74 ,pre 14 minuta ,91.840,Dragoslava Srejovića,"Mirijevo, Zvezdara opština, Beograd","Stan 56m2 sa terasom, funkcionalan raspored, dve odvojene spavaće sobe, veliki dnevni boravak sa trepezarijskim delom, kuhinja odvojena sankom, kupatilo i prostrana terasa sirinom celog stana. Kvalitetna gradnja, hrastov parket, granitna keramika, blind vrata, pvc stolarija, etazno grejanje na struju. Mogucnost kupovine parking mesta. Odlicna lokacija u neposrednoj blizini vise prodavnica i javnog prevoza. Cena + PDV, Za svaku preporuku...  Posrednička naknada je u skladu sa Opštim uslovima poslovanja Posrednika ""SM nekretnine"" Beograd.","Trosoban stan na prodaju, Dragoslava Srejovića, 91.840€, 56m² - 4zida",2023-07-10,ima lift ,,,1 parking mesto ,,,,,
143,https://www.4zida.rs/prodaja-stanova/cvijiceva-palilula-opstina-beograd/garsonjera/6429b64d88b42c31260a0f31,Stan u zgradi ,26 m² ,0,uknjiženo ,centralno grejanje ,uobičajeno stanje ,2,podrum ,,prazno ,kablovska,,4825 ,pre 3 sata ,105.000,Šajkaška,"Cvijićeva, Palilula opština, Beograd",,"Garsonjera na prodaju, Šajkaška, 105.000€, 26m² - 4zida",2023-07-10,ima lift ,,1965,,,,,,
144,https://www.4zida.rs/prodaja-stanova/hadzipopovac-palilula-opstina-beograd/cetvorosoban-stan/641a7ef6c2b473fa0b04647c,Stan u zgradi ,100 m² ,4 sobe ,,,novo ,2,terasa ,ostava ,prazno ,kablovska,,4808 ,pre 3 sata ,375.000,Preradovićeva,"Hadžipopovac, Palilula opština, Beograd",,"Četvorosoban stan na prodaju, Preradovićeva, 375.000€, 100m² - 4zida",2023-07-10,ima lift ,1 garažno mesto ,2023,,,,,,
145,https://www.4zida.rs/prodaja-stanova/blok-45-novi-beograd-beograd/dvosoban-stan/64848a34c0caae338e0f1cba,,55 m² ,2 sobe ,uknjiženo ,centralno grejanje ,uobičajeno stanje ,3,lođa ,kupatilo ,prazno ,telefon ,useljivo ,1383 ,pre 30 dana ,139.000,Jurija Gagarina,"Blok 45, Novi Beograd, Beograd",,"Dvosoban stan na prodaju, Jurija Gagarina, 139.000€, 55m² - 4zida",2023-07-10,ima lift ,,,,,,,,
146,https://www.4zida.rs/prodaja-stanova/palilulska-pijaca-palilula-palilula-opstina-beograd/trosoban-stan/631f21ce80ef189aca0ecb93,,74 m² ,3 sobe ,uknjiženo ,grejanje na struju ,,1,lođa ,kupatilo ,prazno ,telefon ,,80472 ,pre 2 meseca ,209.000,Stanoja Glavaša,"Palilulska Pijaca, Palilula, Palilula opština, Beograd","Stanoja Glavaša, 1/4, lift, 2 lođe, lep, funkcionalan i prostran stan, izvorno dvosoban adaptiran u dvoiposoban, stan se sastoji od dnevnog boravka sa trpezarijom i kuhinjom, dve prostrane spavaće sobe, dve lođe, velikog kupatila, dvostrano je orijentisan, pre dve godine kompletno renoviran, zamenjene elektro i vodovodne instalacije, sanitarije, pvc fasadna stolarija, sigurnosna vrata, u sobama je originalni hrastov parket, grejanje je TA, u stanu postoje kaljeve peći. Nalazi se na odličnoj lokaciji u centru grada, u neposrednoj blizini Palilulske pijace, retko u ponudi, stan za preporuku, uknjižen. Agencijska provizija 2%. Hvala Vam na pregledu oglasa. Broj agencije u Registru posrednika 298. Mapa je informativnog karaktera, ne prikazuje tačnu lokaciju nekretnine.","Trosoban stan na prodaju, Stanoja Glavaša, 209.000€, 74m² - 4zida",2023-07-10,,,,,,,,,
147,https://www.4zida.rs/prodaja-stanova/beogradjanka-savski-venac-beograd/dvosoban-stan/64ac24c986a00488f508a212,,86 m² ,2 sobe ,,centralno grejanje ,uobičajeno stanje ,6,terasa ,kupatilo ,prazno ,telefon,useljivo ,2116 ,pre 5 sati ,309.000,Balkanska,"Beograđanka, Savski Venac, Beograd",,"Dvosoban stan na prodaju, Balkanska, 309.000€, 86m² - 4zida",2023-07-10,ima lift ,,,,,,,,
148,https://www.4zida.rs/prodaja-stanova/donji-grad-zemun-zemun-opstina-beograd/dvoiposoban-stan/645d2fe2d14535d15e0681dc,Stan u zgradi ,54 m² ,2,uknjiženo ,grejanje na struju ,,visoko prizemlje,podrum ,,,telefon ,useljivo ,90457 ,pre 1 mesec ,175.000,Glavna,"Donji Grad, Zemun, Zemun opština, Beograd",,"Dvoiposoban stan na prodaju, Glavna, 175.000€, 54m² - 4zida",2023-07-10,,,,,,,,,
149,https://www.4zida.rs/prodaja-stanova/zemun-centar-zemun-zemun-opstina-beograd/cetvorosoban-stan/648c6efbce223806a60ad7c4,Stan u zgradi ,93 m² ,4 sobe ,uknjiženo ,grejanje na struju ,novo ,1,terasa ,,,,useljivo ,96748 ,pre 24 dana ,210.370,Cara Dušana,"Zemun - Centar, Zemun, Zemun opština, Beograd","Agencijski ID: 96748, I/, lift, terasa(2), uknjižen, nov luks, novogradnja. Stan je uknjizen kao celina a sastoji se od dve zasebne stambene jedinice. Dva jednoiposoban stana. Luks novogradnja. Video nadzor smart sistem kamere.postoji mogućnost kupovine garažnog mesta po ceni od 15000e+ PDV. Agent Ranka. Više informacija na: www.beocitynekretnine.rs Agencijska provizija 2%. Telefoni: 060/555-3901 • 060/555-2146 • 011/408-5754. Kontakt van radnog vremena: kancelarija@beocitynekretnine.rs","Četvorosoban stan na prodaju, Cara Dušana, 210.370€, 93m² - 4zida",2023-07-10,ima lift ,,,,,,,,
150,https://www.4zida.rs/prodaja-stanova/vojvode-vlahovica-vozdovac-opstina-beograd/jednosoban-stan/64ac2fbd9b81f36298077537,Stan u zgradi ,32 m² ,1 soba ,nije uknjiženo ,norveški radijatori ,novo ,visoko prizemlje,,,,,useljivo ,100035 ,pre 5 sati ,56.000,Vojvode Vlahovića,"Vojvode Vlahovića, Voždovac opština, Beograd","Agencijski ID: 100035, VPR/III, lift, nov, novogradnja, deljiv. Novogradnja, stambena zgrada. u centru naselja Vojvode Vlahovića u neposrednoj blizini Shop&amp; Go prodavnice i autobuske stanice za mini buseve . Objekat se gradi sa građevinskom dozvolom, po proceduri za dobijaje upotrebne dozvole i uknjiženja objekta po izgradnji .Gradi se savremenim materijalima sa prvoklasnom termo izolacijom i stolarijom koju proizvodi sam investitor .Stan je izuzetno funkcionalno projektovan sa minimalnim gubitkom korisnog prostora sa plafonom visine 2.80m koji doprinosi većem volumenu prostora i prijatnom osećanju boravljenja .Ispod stana je predviđen poslovni prostor ,  Projektovani su veliki prozori što doprinosi puno svetlosti u sobama. . Zgrada će biti useljiva najkasnije u septembru ove godine . Cena je sa PDV -om , kupci prvog stana imaju pravo na povraćaj poreza . Stepen izgrađenosti objekta je 80% , banke odobravaju kredit. Agent Saša. Više informacija na: www.beocitynekretnine.rs Agencijska provizija 2%. Telefoni: 060/328-3901 • 060/555-9720 • 011/328-3901. Kontakt van radnog vremena: kancelarija@beocitynekretnine.rs","Jednosoban stan na prodaju, Vojvode Vlahovića, 56.000€, 32m² - 4zida",2023-07-10,ima lift ,,2023,,,,,,
151,https://www.4zida.rs/prodaja-stanova/padinska-skela-palilula-opstina-beograd/trosoban-stan/648c662766d0e76230087e39,Stan u zgradi ,74 m² ,3 sobe ,uknjiženo ,etažno grejanje ,,prizemlje,podrum ,,,,useljivo ,92657 ,pre 24 dana ,61.500,Dejana Smiljkovića,"Padinska Skela, Palilula opština, Beograd",,"Trosoban stan na prodaju, Dejana Smiljkovića, 61.500€, 74m² - 4zida",2023-07-10,,1 garažno mesto ,,1 parking mesto ,,,,,
152,https://www.4zida.rs/prodaja-stanova/kanarevo-brdo-rakovica-opstina-beograd/dvoiposoban-stan/649b32f470edf6644203607a,Stan u zgradi ,57 m² ,2,uknjiženo ,norveški radijatori ,renovirano ,2,terasa ,kuhinja ,prazno ,kablovska,useljivo ,617 ,pre 17 minuta ,99.750,Borska,"Kanarevo Brdo, Rakovica opština, Beograd",,"Dvoiposoban stan na prodaju, Borska, 99.750€, 57m² - 4zida",2023-07-10,,,,1 parking mesto ,,,,,
153,https://www.4zida.rs/prodaja-stanova/cvetkova-pijaca-zvezdara-opstina-beograd/jednoiposoban-stan/645d094962629e283201a496,Stan u zgradi ,29 m² ,1,uknjiženo ,TA peć ,uobičajeno stanje ,suteren ,podrum,,prazno ,interfon,,6004 ,pre 1 mesec ,65.000,Dr Velizara Kosanovića,"Cvetkova Pijaca, Zvezdara opština, Beograd",,"Jednoiposoban stan na prodaju, Dr Velizara Kosanovića, 65.000€, 29m² - 4zida",2023-07-10,ima lift ,,,1 parking mesto ,,,,,
154,https://www.4zida.rs/prodaja-stanova/vojvode-vlahovica-vozdovac-opstina-beograd/jednosoban-stan/64ac2fbd9b81f3629807751f,Stan u zgradi ,30 m² ,1 soba ,nije uknjiženo ,norveški radijatori ,novo ,3,,,,,useljivo ,100044 ,pre 5 sati ,52.500,Vojvode Vlahovića,"Vojvode Vlahovića, Voždovac opština, Beograd","Agencijski ID: 100044, III/III, lift, nov, novogradnja, stambena zgrada. Agent Saša. Više informacija na: www.beocitynekretnine.rs Agencijska provizija 2%. Telefoni: 060/328-3901 • 060/555-9720 • 011/328-3901. Kontakt van radnog vremena: kancelarija@beocitynekretnine.rs","Jednosoban stan na prodaju, Vojvode Vlahovića, 52.500€, 30m² - 4zida",2023-07-10,ima lift ,,2023,,,,,,
