,link,Tip,Površina,Broj soba,Uknjiženost,Grejanje,Stanje,Godina izgradnje,Spratnost,Infrastruktura,Unutrašnje prostorije,Nameštenost,Opremljenost,Orijentacija nekretnine,Pogled na,Internet,Useljivo od,Oglas ažuriran,price,street,address,title,end_date,Useljivo,Autobuske linije,Lift,description,Šifra oglasa,Parking,Garaža
0,https://www.4zida.rs/prodaja-stanova/grbavica-gradske-lokacije-novi-sad/dvosoban-stan/64aa8460f353ae565d0ab9c6,Stan u zgradi ,52 m² ,2 sobe ,uknjiženo ,centralno grejanje ,renovirano ,1970,4,alarm,kupatilo,polunamešteno ,kablovska,zapad ,ulicu ,Optički ,09,pre 12 sati ,109.000,Doza Đerđa 11,"Grbavica, Gradske lokacije, Novi Sad","Dvosoban stan na prodaju, Doza Đerđa 11, 109.000€, 52m² - 4zida",2023-07-10,,,,,,,
1,https://www.4zida.rs/prodaja-stanova/stara-detelinara-detelinara-gradske-lokacije-novi-sad/dvosoban-stan/64a86e39d380235c820f7481,Stan u zgradi ,47 m² ,2 sobe ,uknjiženo ,centralno grejanje ,održavano ,1980,visoko prizemlje,podrum,kupatilo,prazno ,kablovska ,,dvorište ,Kablovska ,,pre 1 dan ,81.700,Banatska,"Stara Detelinara, Detelinara, Gradske lokacije, Novi Sad","Dvosoban stan na prodaju, Banatska, 81.700€, 47m² - 4zida",2023-07-10,useljivo ,3,,,,,
2,https://www.4zida.rs/prodaja-stanova/grbavica-gradske-lokacije-novi-sad/cetvorosoban-stan/64a91f20ce030e95170b1106,Stan u zgradi ,71 m² ,4 sobe ,uknjiženo ,centralno grejanje ,novo ,2010,5,prilaz za invalide,kupatilo,prazno ,telefon,,ulicu ,,,pre 5 sati ,173.000,Brace Ribnikar,"Grbavica, Gradske lokacije, Novi Sad","Četvorosoban stan na prodaju, Brace Ribnikar, 173.000€, 71m² - 4zida",2023-07-10,,,ima lift ,"Prodaja cetvorosobnog stana u ulici  Brace Ribnikar-Novi Sad.Stan se nalazi u novijoj odlicnoj zgradi.Na donjoj etazi se nalazi dnevni boravak sa kuhinjom i trpezarijom,spavaca soba,wc i terasa,na gornjoj etazi dve prostrane spavace sobe i kupatilo.Nekretnina je uknjizena.Mogucnost kupovine odlicne garaze od 21m2,ima striju i vodu.Lokacija odlicna kako za zivot tako i za izdavanje.",,,
3,https://www.4zida.rs/prodaja-stanova/marger-medijana-gradske-lokacije-nis/trosoban-stan/631e12140cfffb25af054560,Stan u zgradi ,61 m² ,3 sobe ,uknjiženo ,centralno grejanje ,uobičajeno stanje ,1980,2,podrum ,kupatila ,prazno ,telefon,jug ,,Optički ,,pre 3 dana ,89.000,Obilićev venac 7,"Marger, Medijana, Gradske lokacije, Niš","Trosoban stan na prodaju, Obilićev venac 7, 89.000€, 61m² - 4zida",2023-07-10,useljivo ,3,ima lift ,,,,
4,https://www.4zida.rs/prodaja-stanova/klisa-gradske-lokacije-novi-sad/cetvorosoban-stan/64819239aeeef4e2700d2962,Stan u zgradi ,117 m² ,4 sobe ,,,,,,,,prazno ,,,,,,pre 10 sati ,199.000,Klisa,"Klisa, Gradske lokacije, Novi Sad","Četvorosoban stan na prodaju, Klisa, 199.000€, 117m² - 4zida",2023-07-10,,,,"Na prodaju luksuzna nekretnina u mirnom delu grada, udaljena 2 km od tržnog centra BIG-a, a samo 3,5km od samog centra grada! U cenu je uračunata garaža i parking mesto. Površina – projektovano 117 m2. Na prvom nivou ima 41 m2, na drugom nivou 63 m2, i na trećem nivu - krovna terasa celom dužinom objekta ( cca 17 kv ) Prvi nivo: Dnevna soba okrenuta ka dvorišnom delu sa izlazom na terasu, wc. Drugi nivo: 3 velike spavaće sobe sa kupatilom. I na trećem nivou izlaz na krovnu terasu sa kuhinjom. Investitor sa dugogodišnjim iskustvom u gradjevini i kvalitetom koji se može videti na objektima koje je izgradio. Nekretnina će posedovati najkvalitetnije materijale koji se trenutno mogu pronaći na tržištu - poput aluminijumske stolarije, prvoklasne Italijanske keramike ( mogućnost da kupci sami biraju ), I kalasa tarketa, gebberit sanitarije. Grejanje na gas - svaki stan ima svoj gasni kotao. Nekretninu možete kupiti i putem stambenog kredita. Investitor je u sistemu PDV-a. Za više informacija, pozovite!",44 ,,
5,https://www.4zida.rs/prodaja-stanova/ledine-novi-beograd-beograd/jednoiposoban-stan/648c562dad80916a910f53db,Stan u zgradi ,31 m² ,1,uknjiženo ,podno grejanje ,novo ,,visoko prizemlje,terasa ,,prazno ,kablovska,,,,,pre 10 sati ,45.000,Ledine,"Ledine, Novi Beograd, Beograd","Jednoiposoban stan na prodaju, Ledine, 45.000€, 31m² - 4zida",2023-07-10,,,,,514 ,1 parking mesto ,
6,https://www.4zida.rs/prodaja-stanova/donji-dorcol-dorcol-stari-grad-opstina-beograd/dvoiposoban-stan/649dca90ea3865fee309eabf,,70 m² ,2,uknjiženo ,centralno grejanje ,,,5,podrum,kupatilo ,prazno ,telefon,,,,,pre 6 sati ,252.000,Pančićeva,"Donji Dorćol, Dorćol, Stari Grad opština, Beograd","Dvoiposoban stan na prodaju, Pančićeva, 252.000€, 70m² - 4zida",2023-07-10,useljivo ,,ima lift ,"Prodaja stana - Dorćol. U prodaji je funcionalan dvoiposoban stan u mirnoj ulici. Od prostorija ima hodnik, kuhinju, trpezariju, dnevni boravak, dve spavaće sobe, kupatilo i lođu. Zgrada je dobro održavana sa interfonom i centralnim grejanjem. U neposrednoj blizini je kej, marketi, banke, pošta, škola i prevoz. 16 Oznaka na mapi pokazuje deo grada, ne i tačan položaj zgrade.",3867 ,,
7,https://www.4zida.rs/prodaja-stanova/centar-gradske-lokacije-kragujevac/dvosoban-stan/629c51d4769a4fb1d60fb6b5,Stan u zgradi ,41 m² ,2 sobe ,uknjiženo ,centralno grejanje ,,2010,4,terasa,kupatilo,namešteno ,telefon,,dvorište ,Optički ,,pre 2 dana ,58.000,Karadjordjeva 47,"Centar, Gradske lokacije, Kragujevac","Dvosoban stan na prodaju, Karadjordjeva 47, 58.000€, 41m² - 4zida",2023-07-10,useljivo ,,ima lift ,,,1 parking mesto ,
8,https://www.4zida.rs/prodaja-stanova/radijalac-gradske-lokacije-subotica/garsonjera/63fc67713a7e6c59bc0ca4f0,,37 m² ,0,,,,,,,,,,,,,,pre 8 sati ,51.450,Radijalac,"Radijalac, Gradske lokacije, Subotica","Garsonjera na prodaju, Radijalac, 51.450€, 37m² - 4zida",2023-07-10,,,,"Prodaju se stanovi u izgradnji, na Radijalcu, povrsine od 37m2-145m2m2, od visokog prizemlja do 5. sprata, gasno-podno grejanje, podovi keramika, pvc stolarija-spolja antracit unutrasnjost bela boja+aluminijumske roletne. Zgrada će biti modernog dizajna, posedovaće zatvoren parking i zelenu povrsinu za uzivanje stanara. Visina plafona 2.80m, termoizolacija stiropor/kamena vuna debljine 12cm, energetski razred ""B"". Rok zavrsetka zgrade jun2024. godina.",NK,,
9,https://www.4zida.rs/prodaja-stanova/pantelej-gradske-lokacije-nis/jednoiposoban-stan/641ef52ca6ec92780b06f055,,49 m² ,1,,etažno grejanje ,novo ,,3,terasa ,,prazno ,,,,,,pre 3 dana ,78.240,Pantelej,"Pantelej, Gradske lokacije, Niš","Jednoiposoban stan na prodaju, Pantelej, 78.240€, 49m² - 4zida",2023-07-10,,,ima lift ,"U ponudi je lux jednoiposoban stan u novogradnji na Panteleju. Stan je površine 48,8m2, nalazi se u prizemlju u stambenoj zgradi Pr+III. Stan se sastoji od hodnika, dnevne sobe sa kuhinjom, kupatila, spavaće sobe i terase. Stambeni objekat ce biti izgrađen po svetskim standardima, izolacija, kvalitetna keramika iz uvoza, na podu parket, stolarija spoljašnja PVC, roletne sa daljinskim upravljačem. Grejanje će biti etažno i biće instalirane inverter klime u svakom stanu. Objekat će imati i lift. U cenu je uključen PDV i kupci prvog stana imaju pravo na povraćaj PDV-a u iznosu od 10%. Hvala Vam što ste pogledali oglas. Za više informacija o ovoj ili drugim nekretninama i zakazivanje razgledanja kontaktirajte agenta na broj telefona iz oglasa (poziv, sms, viber) ili putem e-maila. Kompletnu ponudu dostupnih nekretnina možete pronaći na našem sajtu.",3315 ,,
10,https://www.4zida.rs/prodaja-stanova/centar-medijana-gradske-lokacije-nis/dvoiposoban-stan/64a8a0adbb9da41e720bd4b9,Stan u zgradi ,54 m² ,2,uknjiženo ,grejanje na struju ,renovirano ,,,terasa ,kupatilo ,namešteno ,,,,,,pre 2 dana ,99.000,Centar,"Centar, Medijana, Gradske lokacije, Niš","Dvoiposoban stan na prodaju, Centar, 99.000€, 54m² - 4zida",2023-07-10,,,,,D366 ,1 parking mesto ,
11,https://www.4zida.rs/prodaja-stanova/grbavica-gradske-lokacije-novi-sad/jednoiposoban-stan/6364e928e0b0e3bf590f490a,Stan u zgradi ,42 m² ,1,,centralno grejanje ,u izgradnji ,2023,1,terasa ,,prazno ,kablovska,,,,,pre 3 dana ,107.500,Grbavica,"Grbavica, Gradske lokacije, Novi Sad","Jednoiposoban stan na prodaju, Grbavica, 107.500€, 42m² - 4zida",2023-07-10,,,ima lift ,,1061 ,1 parking mesto ,1 garažno mesto 
12,https://www.4zida.rs/prodaja-stanova/blok-28-novi-beograd-beograd/dvosoban-stan/649f000e2eb0de3fa50327fe,,57 m² ,2 sobe ,uknjiženo ,centralno grejanje ,uobičajeno stanje ,,2,terasa ,kupatilo ,prazno ,telefon,,,,,pre 6 sati ,132.000,Bulevar Milutina Milankovića,"Blok 28, Novi Beograd, Beograd","Dvosoban stan na prodaju, Bulevar Milutina Milankovića, 132.000€, 57m² - 4zida",2023-07-10,,,ima lift ,"Dvosoban stan na odličnoj lokaciji na Novom Beogradu, u neposrednoj blizini Super Vera, Fakulteta dramskih umetnosti i Arene. Uknjižen je na 57m2, u izvornom je stanju. Svetao, jugozapadno orijentisan. Odmah je useljiv. Postoji mogućnost kupovine i garaže uz stan, koja ima 13m2 i nalazi se u sklopu zgrade. Cena garaže je 13.000 evra. Svi sadržaji neophodni za svakodnevni život nalaze se oko zgrade koja je okružena zelenilom. U neposrednoj blizini su vrtić, osnovna škola, gimnazija, igrališta, tržni centar, prodavnice, banke, restorani i barovi. 40",3868 ,,
13,https://www.4zida.rs/prodaja-stanova/telep-gradske-lokacije-novi-sad/trosoban-stan/64a6a6ea7a6369d24c007dc0,,62 m² ,3 sobe ,,grejanje na gas ,novo ,,visoko prizemlje,terasa ,kupatila ,prazno ,kablovska,,,,,pre 15 sati ,153.300,Heroja Pinkija,"Telep, Gradske lokacije, Novi Sad","Trosoban stan na prodaju, Heroja Pinkija, 153.300€, 62m² - 4zida",2023-07-10,,,,,1093 ,,
14,https://www.4zida.rs/prodaja-stanova/grbavica-gradske-lokacije-novi-sad/jednosoban-stan/645982f95fe98f1824012342,Stan u zgradi ,28 m² ,1 soba ,uknjiženo ,,u izgradnji ,,visoko prizemlje,,,,,,,,,pre 13 sati ,70.040,"GRBAVICA, NOVI SAD","Grbavica, Gradske lokacije, Novi Sad","Jednosoban stan na prodaju, GRBAVICA, NOVI SAD, 70.040€, 28m² - 4zida",2023-07-10,useljivo ,,,,1095922 ,,
15,https://www.4zida.rs/prodaja-stanova/slavujev-venac-zvezdara-opstina-beograd/jednoiposoban-stan/648c782ea8e1eedfe60af9f4,Stan u zgradi ,32 m² ,1,uknjiženo ,grejanje na struju ,uobičajeno stanje ,,prizemlje ,,,,klima ,,,,,pre 24 dana ,65.000,Slavujev Venac,"Slavujev Venac, Zvezdara opština, Beograd","Jednoiposoban stan na prodaju, Slavujev Venac, 65.000€, 32m² - 4zida",2023-07-10,useljivo ,,,,47737 ,,
16,https://www.4zida.rs/prodaja-stanova/bulevar-evrope-gradske-lokacije-novi-sad/jednoiposoban-stan/648c3987fd222184e20d9263,Stan u zgradi ,40 m² ,1,,centralno grejanje ,novo ,2023,6,terasa ,kuhinja ,namešteno ,kablovska,,,,,pre 3 dana ,120.000,Bulevar Evrope,"Bulevar Evrope, Gradske lokacije, Novi Sad","Jednoiposoban stan na prodaju, Bulevar Evrope, 120.000€, 40m² - 4zida",2023-07-10,useljivo ,,ima lift ,"U novoizgrađenom kompleksu Park Novi na Bulevaru Evrope, prodaje se kompletno namešten stan. Stan se nalazi na 6. spratu zgrade i ima prelep pogled na park.",456 ,,
17,https://www.4zida.rs/prodaja-stanova/pantelej-gradske-lokacije-nis/garsonjera/63eba6b6dd38fec0c9068c48,,34 m² ,0,,etažno grejanje ,,,6,terasa ,,prazno ,,,,,,pre 3 dana ,52.300,Pantelej,"Pantelej, Gradske lokacije, Niš","Garsonjera na prodaju, Pantelej, 52.300€, 34m² - 4zida",2023-07-10,,,ima lift ,"U ponudi je jednoiposoban stan u novogradnji na Panteleju, površine 33,74m2. Nalazi se u stambeno-poslovnoj zgradi Po/Pr/P6, na VI spratu. Stan se sastoji od hodnika, dnevne sobe sa kuhinjom i trpezarijom, spavaće sobe, kupatila i terase. Kompleks će posedovati dve lamele, lokale, hotelski ulazi u samu zgradu, video nadzor kako u podzemnoj garaži tako i u celom kompleksu, tri vrste osvetljenja, dva savremena bešumna lifta, kao i same instalacije koje će biti ugrađene u stanovima. U izgradnji se koristi najkvaliteniji termo blok, granitna keramika, mono blok u kupatilima, linijski slivnik, staklena tuš kabina, spoljašnja Aluminijumska antracit stolarija sa aluminijimskim roletnama, izolacija i dekorativna ukrasna fasada i led rasveta. Grejanje će biti etažno sa svojim zasebnim kotlovima i biće instalirane inverter klime u svakom stanu. Moguća je kupovina parking mesta u podzemnoj garaži po ceni od 8000eur. Sama pozicija objekta se nalazi u delu grada koji je poslednjih godina popularan kod mlađih bračnih parova, kako zbog dobre povezanosti sa samim centrom grada, tako i zbog same infrastukture u blizini (škole, vrtići, tržni centar, marketi). Hvala Vam što ste pogledali oglas. Za više informacija o ovoj ili drugim nekretninama i zakazivanje razgledanja kontaktirajte agenta na broj telefona iz oglasa (poziv, sms, viber) ili putem e-maila. Kompletnu ponudu dostupnih nekretnina možete pronaći na našem sajtu.",3141 ,,
18,https://www.4zida.rs/prodaja-stanova/dubocica-gradske-lokacije-leskovac/jednoiposoban-stan/644aef46c3f654237b0febfe,Stan u zgradi ,45 m² ,1,uknjiženo ,,luksuzno ,2020,1,dvorište,kupatilo,prazno ,klima,jug ,dvorište ,Optički ,,pre 2 dana ,54.000,Nikole pasica 85,"Dubočica, Gradske lokacije, Leskovac","Jednoiposoban stan na prodaju, Nikole pasica 85, 54.000€, 45m² - 4zida",2023-07-10,,,ima lift ,"Lux stan,zelena zgrada,klimatizacija,staklena zid zavesa,3 m svetla visina,izbor enterijera,pametne brave,moderan dizajn,panoramski lift,savremeni koncept stanovanja",,,80 garažna mesta 
19,https://www.4zida.rs/prodaja-stanova/batuse-okolne-lokacije-kosovo-polje/garsonjera/64a3edcc63e155dc23067684,Stan u zgradi ,123 m² ,0,u procesu uknjižavanja ,centralno grejanje ,novo ,,,,,prazno ,,,,,,pre 3 dana ,123.456,Neka 22,"Batuse, Okolne lokacije, Kosovo Polje","Garsonjera na prodaju, Neka 22, 123.456€, 123m² - 4zida",2023-07-10,,,,Lorem ipsum Lorem ipsum Lorem ipsum Lorem ipsum Lorem ipsum Lorem ipsum Lorem ipsum Lorem ipsum Lorem ipsum Lorem ipsum Lorem ipsum Lorem ipsum Lorem ipsum Lorem ipsum Lorem ipsum Lorem ipsum Lorem ipsum Lorem ipsum Lorem ipsum Lorem ipsum Lorem ipsum Lorem ipsum Lorem ipsum Lorem ipsum Lorem ipsum Lorem ipsum Lorem ipsum Lorem ipsum Lorem ipsum Lorem ipsum Lorem ipsum Lorem ipsum Lorem ipsum Lorem ipsum Lorem ipsum Lorem ipsum Lorem ipsum Lorem ipsum Lorem ipsum Lorem ipsum Lorem ipsum Lorem ipsum v,,,
20,https://www.4zida.rs/prodaja-stanova/veternicka-rampa-veternik-gradske-lokacije-novi-sad/dvoiposoban-stan/64aa7e51e02789af13034173,Stan u zgradi ,58 m² ,2,,,,,1,,,prazno ,,,,,,pre 7 sati ,105.060,Veternička Rampa,"Veternička Rampa, Veternik, Gradske lokacije, Novi Sad","Dvoiposoban stan na prodaju, Veternička Rampa, 105.060€, 58m² - 4zida",2023-07-10,,,,,248 ,,
21,https://www.4zida.rs/prodaja-stanova/podbara-gradske-lokacije-novi-sad/jednoiposoban-stan/646f50b74cc6db017708a008,Stan u zgradi ,36 m² ,1,uknjiženo ,,uobičajeno stanje ,,6,,,,,,,,,pre 3 dana ,74.160,Podbara,"Podbara, Gradske lokacije, Novi Sad","Jednoiposoban stan na prodaju, Podbara, 74.160€, 36m² - 4zida",2023-07-10,,,ima lift ,,1026512 ,,
22,https://www.4zida.rs/prodaja-stanova/treska-okolne-lokacije-kopaonik/jednoiposoban-stan/64aaa6efe4d1311c07085aea,Apartman ,30 m² ,1,uknjiženo ,etažno grejanje ,u izgradnji ,2020,2,dvorište ,kupatilo,prazno ,kablovska,istok,ulicu,Optički ,25,pre 14 sati ,76.700,Igora Nikića bb,"Treska, Okolne lokacije, Kopaonik","Jednoiposoban stan na prodaju, Igora Nikića bb, 76.700€, 30m² - 4zida",2023-07-10,,,,,,,1 garažno mesto 
23,https://www.4zida.rs/prodaja-stanova/ledine-novi-beograd-beograd/dvoiposoban-stan/63c2a120dc90bd596c09482f,Stan u zgradi ,56 m² ,2,uknjiženo ,podno grejanje ,novo ,,2,terasa ,,prazno ,kablovska,,,,,pre 10 sati ,89.600,Ledine,"Ledine, Novi Beograd, Beograd","Dvoiposoban stan na prodaju, Ledine, 89.600€, 56m² - 4zida",2023-07-10,,,,,445 ,1 parking mesto ,
24,https://www.4zida.rs/prodaja-stanova/petrovaradin-gradske-lokacije-novi-sad/cetvorosoban-stan/64a847a428de43eeb906d888,,116 m² ,4 sobe ,,centralno grejanje ,,2023,1,terasa ,,,,,,,,pre 2 dana ,218.500,Petrovaradin,"Petrovaradin, Gradske lokacije, Novi Sad","Četvorosoban stan na prodaju, Petrovaradin, 218.500€, 116m² - 4zida",2023-07-10,,,,,1046946 ,,
25,https://www.4zida.rs/prodaja-stanova/centar-gradske-lokacije-sokobanja/dvoiposoban-stan/5f7249069a3091110063f088,Apartman ,91 m² ,2,uknjiženo ,etažno grejanje ,novo ,,1,prilaz za invalide,kupatilo,prazno ,telefon,,,,,pre 3 dana ,99.900,Alekse Markisica,"Centar, Gradske lokacije, Sokobanja","Dvoiposoban stan na prodaju, Alekse Markisica, 99.900€, 91m² - 4zida",2023-07-10,useljivo ,1 ,,,,,
26,https://www.4zida.rs/prodaja-stanova/stepa-stepanovic-vozdovac-opstina-beograd/jednoiposoban-stan/64a2d88ab46d2686bd0df373,,35 m² ,1,uknjiženo ,centralno grejanje ,,,7,podrum,kupatilo ,prazno ,telefon,,,,,pre 6 sati ,96.500,Generala Štefanika,"Stepa Stepanović, Voždovac opština, Beograd","Jednoiposoban stan na prodaju, Generala Štefanika, 96.500€, 35m² - 4zida",2023-07-10,useljivo ,,ima lift ,"Prodaja stana - Naselje Stepe Stepanović. Prodaje se stan u urednoj zgradi sa liftom preko puta škole. Od prostorija ima predsoblje, kuhinju, dnevu sobu sa trpezarijom, spavaću sobu, kupatilo i terasu. Vrlo lep pogled na ceo grad. U blizini su: škola, prodavnice, Maxi, Aroma, pekara, apoteka, kafića, salona, pet shop ..... dom zdravlja. Kroz naselje prolazi i autobuska linija 49 koja vodi preko Banjice do Banovog Brda... U blizini su linije 33,39,50,25,...2112",3873 ,,
27,https://www.4zida.rs/prodaja-stanova/gornji-grad-zemun-zemun-opstina-beograd/dvosoban-stan/62aa17c5fc8856574460fce3,Stan u zgradi ,41 m² ,2 sobe ,uknjiženo ,etažno grejanje ,novo ,,prizemlje,terasa ,,prazno ,telefon,,,,,pre 10 sati ,95.100,Skopljanska,"Gornji Grad, Zemun, Zemun opština, Beograd","Dvosoban stan na prodaju, Skopljanska, 95.100€, 41m² - 4zida",2023-07-10,,,ima lift ,,349 ,,1 garažno mesto 
28,https://www.4zida.rs/prodaja-stanova/banovo-brdo-cukarica-cukarica-opstina-beograd/jednoiposoban-stan/649b4552718452a7ba06fd9f,,42 m² ,1,uknjiženo ,etažno grejanje ,renovirano ,,2,podrum,kupatilo ,prazno ,telefon,,,,,pre 6 sati ,109.000,Nedeljka Čabrinovića,"Banovo Brdo, Čukarica, Čukarica opština, Beograd","Jednoiposoban stan na prodaju, Nedeljka Čabrinovića, 109.000€, 42m² - 4zida",2023-07-10,useljivo ,,ima lift ,"Prodaja stana Banovo brdo. U dobroj zgradi sa liftom, vrlo funkcionalan jednoiposoban stan. Stan je svetao, sunčan. Gleda na park, zaklonjen od gradske buke.  Od prostorija ima dnevnu sobu, spavaču sobu, kuhinju, kupatilo i terasu. U blizini su marketi, vrtić, gradski prevoz. Mogućnost kupovine stana sa nameštajem. Uknjižen stan. 08 Oznaka na mapi pokazuje deo grada, ne i tačan položaj zgrade.",3864 ,,
29,https://www.4zida.rs/prodaja-stanova/bulevar-oslobodjenja-gradske-lokacije-novi-sad/dvoiposoban-stan/6482d53bd6bd3553b80955bc,Stan u zgradi ,57 m² ,2,uknjiženo ,,uobičajeno stanje ,2022,6,terasa ,,,,,,,,pre 2 dana ,176.130,Bulevar Oslobođenja,"Bulevar Oslobođenja, Gradske lokacije, Novi Sad","Dvoiposoban stan na prodaju, Bulevar Oslobođenja, 176.130€, 57m² - 4zida",2023-07-10,,,ima lift ,"U jednoj od najluksuznijih zgrada u Novom Sadu, na Bulevaru oslobođenja, nudimo Vam fenomenalan dvoiposoban stan sa prelepim pogledom na čitav centar grada i tvrđavu. Stan je nov i neuseljavan u zgradi koja je završena 2022-e godine. Za sve informacije, kao i zakazivanje razgledanja, nazovite 0603371110.",1000640 ,,
30,https://www.4zida.rs/prodaja-stanova/crveni-pevac-medijana-gradske-lokacije-nis/jednosoban-stan/646f962800e6071d00008c73,Stan u zgradi ,30 m² ,1 soba ,uknjiženo ,centralno grejanje ,novo ,,1,prilaz za invalide,kupatilo,polunamešteno ,telefon,,,Optički ,,pre 3 dana ,65.000,Crveni Pevac,"Crveni Pevac, Medijana, Gradske lokacije, Niš","Jednosoban stan na prodaju, Crveni Pevac, 65.000€, 30m² - 4zida",2023-07-10,useljivo ,1 ,ima lift ,,,1 parking mesto ,
31,https://www.4zida.rs/prodaja-stanova/telep-gradske-lokacije-novi-sad/trosoban-stan/63de4f790bad69b7ff08c15d,,108 m² ,3 sobe ,uknjiženo ,centralno grejanje ,uobičajeno stanje ,,prizemlje,podrum,kupatilo ,prazno ,telefon,,,,,pre 8 sati ,135.000,Jablanička,"Telep, Gradske lokacije, Novi Sad","Trosoban stan na prodaju, Jablanička, 135.000€, 108m² - 4zida",2023-07-10,useljivo ,,,,5152 ,1 parking mesto ,1 garažno mesto 
32,https://www.4zida.rs/prodaja-stanova/mala-vaga-centar-gradske-lokacije-kragujevac/trosoban-stan/63d77dd64651f5929003abb0,,70 m² ,3 sobe ,,centralno grejanje ,u izgradnji ,,1,prilaz za invalide,kupatilo,,interfon ,,,,,pre 11 sati ,92.400,Kneza Mihaila,"Mala Vaga, Centar, Gradske lokacije, Kragujevac","Trosoban stan na prodaju, Kneza Mihaila, 92.400€, 70m² - 4zida",2023-07-10,,,ima lift ,"Na prodaju stan je 70 m2 na odličnoj lokaciji. Trosoban stan sa dve izdvojene sobe, komfornom dnevnom sobom, kuhinjom i terasom.  Objekat se gradi u skladu sa visokim energetskim standardima; zidan termoblokom, izolacija je AF stiropor debljine 12 cm, stolarija je od šestokomornih Rehau Synego profila sa troslojim staklom punjenim argonom i aluminijumskim zastorom. Završna obrada je od keramičkih pločica prve klase ili tarket parket. U stanovima se postavlja inverter klima uredjaj. U ponudi su stanovi na prvom, drugom, trećem  i četvrtom spratu. Postoji mogućnost kupovine garažnog mesta. Za sve informacije i razgledanje stojimo vam na raspolaganju, radnim danima od 09-19h i subotom od 09-17h. Ovu i druge nekretnine sa većim brojem fotografija možete pogledati na našem sajtu: bulevarnekretnine.rs, kontakt: info@bulevarnekretnine.rs, usluga besplatna. Čekamo Vas. Telefon 034/330808 i 060/0544253. Bulevar Nekretnine 034, Kragujevac, broj u registru posrednika: 1278.",p,,1 garažno mesto 
33,https://www.4zida.rs/prodaja-stanova/telep-gradske-lokacije-novi-sad/cetvorosoban-stan/64a91f3096a42450a1052aaf,Stan u zgradi ,113 m² ,4 sobe ,uknjiženo ,grejanje na gas ,novo ,,4,terasa ,,prazno ,kablovska,,,,,pre 5 sati ,174.500,Telep,"Telep, Gradske lokacije, Novi Sad","Četvorosoban stan na prodaju, Telep, 174.500€, 113m² - 4zida",2023-07-10,useljivo ,,ima lift ,,245 ,1 parking mesto ,
34,https://www.4zida.rs/prodaja-stanova/adice-gradske-lokacije-novi-sad/jednoiposoban-stan/649cdbdca91f2f0359017263,Stan u zgradi ,38 m² ,1,uknjiženo ,,u izgradnji ,2018,2,terasa ,,,,,,,,pre 13 sati ,67.980,Adice,"Adice, Gradske lokacije, Novi Sad","Jednoiposoban stan na prodaju, Adice, 67.980€, 38m² - 4zida",2023-07-10,,,,"Agencijska oznaka-1094477- Na prodaju jednoiposoban stan na Adicama. Bez ulaganja. Dekorativna kosina u spavaćoj sobi. Mali računi. Drugi sprat, terasa. Kontakt osoba, Koviljka 064/823-6605",1094477 ,,
35,https://www.4zida.rs/prodaja-stanova/trg-svetog-save-bulevar-nemanjica-medijana-gradske-lokacije-nis/dvosoban-stan/6474766e459f6fbe9f0d9088,Stan u zgradi ,50 m² ,2 sobe ,u procesu uknjižavanja ,TA peć ,uobičajeno stanje ,,5,,kupatilo,prazno ,telefon,,,,,pre 3 dana ,65.000,Trg Svetog Save,"Trg Svetog Save, Bulevar Nemanjića, Medijana, Gradske lokacije, Niš","Dvosoban stan na prodaju, Trg Svetog Save, 65.000€, 50m² - 4zida",2023-07-10,useljivo ,,,Prodaje se stan na petom spratu bez lifta.Stan je u blizini osnovne škole sveti Sava.Bez većih ulaganja.,,,
36,https://www.4zida.rs/prodaja-stanova/adice-gradske-lokacije-novi-sad/troiposoban-stan/64871b26c19ca5a5d6040ce1,Stan u zgradi ,74 m² ,3,uknjiženo ,,u izgradnji ,,1,terasa ,,,,,,,,pre 8 sati ,110.520,Adice,"Adice, Gradske lokacije, Novi Sad","Troiposoban stan na prodaju, Adice, 110.520€, 74m² - 4zida",2023-07-10,,,,"CENA sa PDV-om... NOVA kvalitetna gradnja na Adicama u blizini Telepa... Useljenje decembar 2023. godine... Prvi sprat, Izvanredan raspored.... Agencijska oznaka - 1096188",1096188 ,,
37,https://www.4zida.rs/prodaja-stanova/liman-3-liman-gradske-lokacije-novi-sad/cetvorosoban-stan/64a806c3e081f00be10545d3,Stan u zgradi ,87 m² ,4 sobe ,uknjiženo ,grejanje na gas ,potrebno renoviranje ,,2,terasa ,,prazno ,,,,,,pre 3 dana ,216.300,Liman 3,"Liman 3, Liman, Gradske lokacije, Novi Sad","Četvorosoban stan na prodaju, Liman 3, 216.300€, 87m² - 4zida",2023-07-10,,,,,13 ,,
38,https://www.4zida.rs/prodaja-stanova/centar-3-gradske-lokacije-subotica/dvosoban-stan/645c9781f4330291400aed27,Stan u zgradi ,50 m² ,2 sobe ,,,,,,,,,,,,,,pre 8 sati ,64.375,Centar 3,"Centar 3, Gradske lokacije, Subotica","Dvosoban stan na prodaju, Centar 3, 64.375€, 50m² - 4zida",2023-07-10,,,,"Prodaje se 2s stan u izgradnji povrsine 50m2, centar 3, stan se sastoji od spavaće sobe, dnevnog boravka sa kuhinjom, kupatila i terase. Stan se nalazi na 4. spratu, nije poslednji, gasno podno grejenja-izuzetno ekonomično, pvc stolarija, roletne, sigurnosna vrata, rok zavrsetka zgrade maj 2024. godine. Postoji mogućnost kupovine parking mesta i garažnog mesta uz doplatu.",NK,,
39,https://www.4zida.rs/prodaja-stanova/petlovo-brdo-rakovica-opstina-beograd/jednosoban-stan/64882a785adb4faf5104ebff,Stan u zgradi ,41 m² ,1 soba ,uknjiženo ,centralno grejanje ,,2000,1,podrum,,prazno ,interfon ,,,,,pre 11 sati ,75.000,Mrakovička,"Petlovo Brdo, Rakovica opština, Beograd","Jednosoban stan na prodaju, Mrakovička, 75.000€, 41m² - 4zida",2023-07-10,,,,,355 ,1 parking mesto ,
40,https://www.4zida.rs/prodaja-stanova/petrovaradin-gradske-lokacije-novi-sad/troiposoban-stan/6438128e481e49479e0a582a,Stan u zgradi ,71 m² ,3,,,,,1,,,prazno ,,,,,,pre 10 sati ,137.160,Petrovaradin,"Petrovaradin, Gradske lokacije, Novi Sad","Troiposoban stan na prodaju, Petrovaradin, 137.160€, 71m² - 4zida",2023-07-10,,,,,82 ,,
41,https://www.4zida.rs/prodaja-stanova/retenzija-zemun-zemun-opstina-beograd/jednoiposoban-stan/6418508ac594dc123402b22c,Stan u zgradi ,38 m² ,1,uknjiženo ,centralno grejanje ,,,visoko prizemlje,lođa ,kupatilo,prazno ,klima ,,,,,pre 13 sati ,115.000,Retenzija,"Retenzija, Zemun, Zemun opština, Beograd","Jednoiposoban stan na prodaju, Retenzija, 115.000€, 38m² - 4zida",2023-07-10,useljivo ,,,,,,
42,https://www.4zida.rs/prodaja-stanova/erdoglija-gradske-lokacije-kragujevac/jednoiposoban-stan/64a85fc9a56902d562086b12,Stan u zgradi ,47 m² ,1,uknjiženo ,centralno grejanje ,novo ,,1,podrum,kupatilo,namešteno ,kablovska,,,ADSL ,,pre 3 dana ,57.000,Erdoglija,"Erdoglija, Gradske lokacije, Kragujevac","Jednoiposoban stan na prodaju, Erdoglija, 57.000€, 47m² - 4zida",2023-07-10,useljivo ,,ima lift ,,,1 parking mesto ,1 garažno mesto 
43,https://www.4zida.rs/prodaja-stanova/denkova-basta-zvezdara-opstina-beograd/trosoban-stan/647dd1ff824512519b013787,,75 m² ,3 sobe ,uknjiženo ,etažno grejanje ,,,7,podrum,kupatilo ,prazno ,telefon,,,,,pre 5 sati ,182.000,Križanićeva,"Denkova Bašta, Zvezdara opština, Beograd","Trosoban stan na prodaju, Križanićeva, 182.000€, 75m² - 4zida",2023-07-10,useljivo ,,ima lift ,,3821 ,,
44,https://www.4zida.rs/prodaja-stanova/istocni-vracar-vracar-beograd/troiposoban-stan/649b4551718452a7ba06fd9c,,80 m² ,3,uknjiženo ,centralno grejanje ,uobičajeno stanje ,,2,podrum,kupatila ,prazno ,telefon,,,,,pre 6 sati ,245.000,Maksima Gorkog,"Istočni Vračar, Vračar, Beograd","Troiposoban stan na prodaju, Maksima Gorkog, 245.000€, 80m² - 4zida",2023-07-10,useljivo ,,ima lift ,,3865 ,,
45,https://www.4zida.rs/prodaja-stanova/aerodrom-gradske-lokacije-kragujevac/trosoban-stan/63aae2fae082d0813103f77f,,70 m² ,3 sobe ,uknjiženo ,centralno grejanje ,uobičajeno stanje ,,5,terasa ,kupatilo,prazno ,,,,,,pre 11 sati ,55.000,Atinska,"Aerodrom, Gradske lokacije, Kragujevac","Trosoban stan na prodaju, Atinska, 55.000€, 70m² - 4zida",2023-07-10,,,,,p,1 parking mesto ,
46,https://www.4zida.rs/prodaja-stanova/blok-21-novi-beograd-beograd/dvosoban-stan/647b089c8b7617a6e504b6c8,,58 m² ,2 sobe ,,,,,9,terasa ,kupatilo ,namešteno ,,,,,,pre 1 dan ,150.000,Bulevar Zorana Đinđića,"Blok 21, Novi Beograd, Beograd","Dvosoban stan na prodaju, Bulevar Zorana Đinđića, 150.000€, 58m² - 4zida",2023-07-10,,,,,88463734 ,,
47,https://www.4zida.rs/prodaja-stanova/rasadnik-okolne-lokacije-zlatibor/jednoiposoban-stan/64a5ac54e3a3f1eca8001c39,Stan u zgradi ,48 m² ,1,uknjiženo ,norveški radijatori ,,2016,1,terasa ,kupatilo,namešteno ,telefon,,,,,pre 2 dana ,74.000,Rasadnik,"Rasadnik, Okolne lokacije, Zlatibor","Jednoiposoban stan na prodaju, Rasadnik, 74.000€, 48m² - 4zida",2023-07-10,useljivo ,,,,2617 ,1 parking mesto ,
48,https://www.4zida.rs/prodaja-stanova/pantelej-gradske-lokacije-nis/jednoiposoban-stan/644b9ead69d12caf0e05c1c4,,51 m² ,1,uknjiženo ,etažno grejanje ,novo ,,prizemlje,terasa ,,prazno ,,,,,,pre 3 dana ,76.500,Pantelej,"Pantelej, Gradske lokacije, Niš","Jednoiposoban stan na prodaju, Pantelej, 76.500€, 51m² - 4zida",2023-07-10,,,ima lift ,"U ponudi je jednoiposoban stan u novogradnji na Panteleju. Stan je površine 51m2, nalazi se u prizemlju u stambenoj zgradi Po+Pr+IV. Stan se sastoji od hodnika, dnevne sobe sa kuhinjom, kupatila, spavaće sobe i terase. Stambeni objekat ce biti izgrađen po svetskim standardima, izolacija, kvalitetna keramika iz uvoza, na podu parket, stolarija spoljašnja PVC. Grejanje će biti etažno. Objekat će imati i lift. Postoji mogućnost kupovine parking mesta u podzemnoj garaži. U cenu je uključen PDV i kupci prvog stana imaju pravo na povraćaj PDV-a u iznosu od 10%. Hvala Vam što ste pogledali oglas. Za više informacija o ovoj ili drugim nekretninama i zakazivanje razgledanja kontaktirajte agenta na broj telefona iz oglasa (poziv, sms, viber) ili putem e-maila. Kompletnu ponudu dostupnih nekretnina možete pronaći na našem sajtu.",3428 ,,
49,https://www.4zida.rs/prodaja-stanova/apelovac-palilula-gradske-lokacije-nis/trosoban-stan/6489f405b069246b8809bff6,Stan u zgradi ,75 m² ,3 sobe ,uknjiženo ,etažno grejanje ,novo ,2020,3,prilaz za invalide,kupatilo,prazno ,telefon,jug ,,Optički ,,pre 3 dana ,115.660,Zetska,"Apelovac, Palilula, Gradske lokacije, Niš","Trosoban stan na prodaju, Zetska, 115.660€, 75m² - 4zida",2023-07-10,useljivo ,1 ,ima lift ,,,,
50,https://www.4zida.rs/prodaja-stanova/blok-1-fontana-novi-beograd-beograd/dvoiposoban-stan/646ccafa3c0c297d77068e2a,,70 m² ,2,uknjiženo ,centralno grejanje ,,,1,podrum,kupatilo ,prazno ,telefon,,,,,pre 5 sati ,209.900,Narodnih heroja,"Blok 1 - Fontana, Novi Beograd, Beograd","Dvoiposoban stan na prodaju, Narodnih heroja, 209.900€, 70m² - 4zida",2023-07-10,useljivo ,,ima lift ,"Stan na izuzetnoj lokaciji u ulici Narodnih heroja. Po strukturi dvoiposoban, odličan raspored, istočno orijentisan, svetao, sa dve spavače sobe. Stan se prodaje kompletno namešten sa svim ugradnim i pokretnim stvarima. U potpunosti je renoviran, Bosal vrata, PVC stolarija i ne zahteva ikakva dodatna ulaganja. Uknjižen je, bez tereta i zabeležbi. Ukupna površina stana sa terasom iznosi 70m2. Odlična infrastruktura, blizina vrtića, škole, snabdevanja i prevoza. 53",3807 ,,
51,https://www.4zida.rs/prodaja-stanova/saobracajni-fakultet-vozdovac-vozdovac-opstina-beograd/dvosoban-stan/64884213c1d14366ef01b79a,,50 m² ,2 sobe ,uknjiženo ,grejanje na struju ,renovirano ,,2,terasa ,kupatilo ,prazno ,telefon,,,,,pre 5 sati ,100.900,Ljuba Vučkovića,"Saobraćajni fakultet, Voždovac, Voždovac opština, Beograd","Dvosoban stan na prodaju, Ljuba Vučkovića, 100.900€, 50m² - 4zida",2023-07-10,,,,"Funkcionalan dvosoban stan na drugom spratu održavane zgrade. Stan je prostran i svetao. Zamenjena je spoljna stolarija, ugrađeni PVC prozori. Stan ima prelep pogled na park....02",3837 ,,
52,https://www.4zida.rs/prodaja-stanova/hotel-yu-novi-beograd-beograd/jednosoban-stan/6491ed4a1aee0cdf150754cb,,44 m² ,1 soba ,uknjiženo ,centralno grejanje ,renovirano ,,prizemlje,,kupatilo ,prazno ,telefon,,,,,pre 5 sati ,88.000,Bulevar Maršala Tolbuhina,"Hotel YU, Novi Beograd, Beograd","Jednosoban stan na prodaju, Bulevar Maršala Tolbuhina, 88.000€, 44m² - 4zida",2023-07-10,useljivo ,,ima lift ,"Stari Merkator- Prodaja stana u prizemlju solitera. Ulaz u stan zaseban, van zgrade, pogodan za lokal, frizerski salon... Od prostorija ima ulazni deo, dve sobe i kuhinja sa trpezarijom, kupatilo. Centralno grejanje. renovirano pre par godina.  777 Oznaka na mapi pokazuje deo grada, ne i tačan položaj zgrade.",3848 ,,
53,https://www.4zida.rs/prodaja-stanova/studenicka-pantelej-gradske-lokacije-nis/jednoiposoban-stan/62ebfd6d8755edc8390ca723,Stan u zgradi ,40 m² ,1,uknjiženo ,grejanje na struju ,u izgradnji ,,2,prilaz za invalide,kupatilo,prazno ,telefon,istok,ulicu,Optički ,16,pre 3 dana ,60.000,Studenicka,"Studenička, Pantelej, Gradske lokacije, Niš","Jednoiposoban stan na prodaju, Studenicka, 60.000€, 40m² - 4zida",2023-07-10,,1 ,ima lift ,,,,
54,https://www.4zida.rs/prodaja-stanova/telep-gradske-lokacije-novi-sad/dvosoban-stan/64a6a6e97a6369d24c007dae,,40 m² ,2 sobe ,,grejanje na gas ,u izgradnji ,2023,visoko prizemlje,terasa ,kupatilo ,prazno ,kablovska,,,,,pre 2 dana ,84.300,Laze Lazarevića,"Telep, Gradske lokacije, Novi Sad","Dvosoban stan na prodaju, Laze Lazarevića, 84.300€, 40m² - 4zida",2023-07-10,,,,,1099 ,,
55,https://www.4zida.rs/prodaja-stanova/centar-3-gradske-lokacije-subotica/trosoban-stan/649d855c1e98d8f5c30fb224,Stan u zgradi ,46 m² ,3 sobe ,,,,,,,,,,,,,,pre 8 sati ,59.800,Centar 3,"Centar 3, Gradske lokacije, Subotica","Trosoban stan na prodaju, Centar 3, 59.800€, 46m² - 4zida",2023-07-10,,,,"Prodaju se stanovi u izgradnji, centar 3, povrsine od 46m2-64m2, spratnosti od 1-5 sprata, zgrada se gradi od klima blokova, 15cm demit izolacije, pvc stolarija, gasno podno grejanje sa keramičkim podnim oblogama, svi stanovi imaju terase, zgrada ima lift, postoji mogućnost kupovine parking mesta i garažnog mesta. Rok zavrsetka zgrade maj 2024. godina.",NK,,
56,https://www.4zida.rs/prodaja-stanova/novi-sad-centar-stari-grad-gradske-lokacije-novi-sad/trosoban-stan/64ac16f8ea531d4d0a02fa94,Stan u zgradi ,79 m² ,3 sobe ,,centralno grejanje ,renovirano ,,2,terasa ,kuhinja ,namešteno ,klima,,,,,pre 23 minuta ,229.500,Novi Sad - Centar,"Novi Sad - Centar, Stari Grad, Gradske lokacije, Novi Sad","Trosoban stan na prodaju, Novi Sad - Centar, 229.500€, 79m² - 4zida",2023-07-10,,,ima lift ,,16 ,1 parking mesto ,
57,https://www.4zida.rs/prodaja-stanova/nova-detelinara-detelinara-gradske-lokacije-novi-sad/garsonjera/63eb618a1a139b50e805cd5d,Stan u zgradi ,22 m² ,0,uknjiženo ,centralno grejanje ,renovirano ,,2,terasa ,kuhinja ,prazno ,šporet ,,,,,pre 3 dana ,60.800,Nova Detelinara,"Nova Detelinara, Detelinara, Gradske lokacije, Novi Sad","Garsonjera na prodaju, Nova Detelinara, 60.800€, 22m² - 4zida",2023-07-10,useljivo ,,,Prodaje se odlična renovirana garsonjera na Novoj Detelinari. Nalazi se na drugom spratu zgrade. Poseduje terasu od 2 kvadrata. Kuhinja ulazi u cenu stana. Uknjižena je i odmah useljiva. Parking mesto za stanare je obezbedjeno u dvorištu zgrade.,431 ,1 parking mesto ,
58,https://www.4zida.rs/prodaja-stanova/beograd-centar-stari-grad-opstina-beograd/dvoiposoban-stan/6335d45737f3fde60a0ade3b,Salonac ,78 m² ,2,uknjiženo ,centralno grejanje ,,1939,1,lođa ,,prazno ,,,,,,pre 14 sati ,289.000,Dobračina,"Beograd centar, Stari Grad opština, Beograd","Dvoiposoban stan na prodaju, Dobračina, 289.000€, 78m² - 4zida",2023-07-10,,,ima lift ,,19479 ,1 parking mesto ,
59,https://www.4zida.rs/prodaja-stanova/centar-gradske-lokacije-zlatibor/jednoiposoban-stan/6436d5649cbaee9f9600b6e6,Stan u zgradi ,40 m² ,1,uknjiženo ,etažno grejanje ,novo ,,visoko prizemlje,sauna,kupatilo,namešteno ,telefon,,,,,pre 5 sati ,73.500,Centar,"Centar, Gradske lokacije, Zlatibor","Jednoiposoban stan na prodaju, Centar, 73.500€, 40m² - 4zida",2023-07-10,,,ima lift ,,2626 ,1 parking mesto ,1 garažno mesto 
60,https://www.4zida.rs/prodaja-stanova/zitni-trg-gradske-lokacije-zrenjanin/trosoban-stan/64a90fe5a83888e40a0015b1,,68 m² ,3 sobe ,uknjiženo ,,novo ,2016,2,terasa ,kupatilo ,prazno ,telefon,,,,,pre 1 dan ,98.000,Žitni trg,"Žitni Trg, Gradske lokacije, Zrenjanin","Trosoban stan na prodaju, Žitni trg, 98.000€, 68m² - 4zida",2023-07-10,useljivo ,,,,1841 ,,1 garažno mesto 
61,https://www.4zida.rs/prodaja-stanova/kvantaska-pijaca-podbara-gradske-lokacije-novi-sad/dvosoban-stan/64a98457c1561f8e5c09f546,Stan u zgradi ,47 m² ,2 sobe ,uknjiženo ,grejanje na gas ,,,visoko prizemlje,,kupatilo ,prazno ,,,,,,pre 2 dana ,108.000,Jug Bogdana,"Kvantaška Pijaca, Podbara, Gradske lokacije, Novi Sad","Dvosoban stan na prodaju, Jug Bogdana, 108.000€, 47m² - 4zida",2023-07-10,,,,,,1 parking mesto ,
62,https://www.4zida.rs/prodaja-stanova/banovo-brdo-cukarica-cukarica-opstina-beograd/jednoiposoban-stan/649c5d4a5157aaa2f70d22ff,,42 m² ,1,uknjiženo ,etažno grejanje ,renovirano ,,2,podrum,kupatilo ,prazno ,telefon,,,,,pre 6 sati ,109.000,Nedeljka Čabrinovića,"Banovo Brdo, Čukarica, Čukarica opština, Beograd","Jednoiposoban stan na prodaju, Nedeljka Čabrinovića, 109.000€, 42m² - 4zida",2023-07-10,useljivo ,,ima lift ,"Prodaja stana Banovo brdo. U dobroj zgradi sa liftom, vrlo funkcionalan jednoiposoban stan. Stan je svetao, sunčan. Gleda na park, zaklonjen od gradske buke.  Od prostorija ima dnevnu sobu, spavaću sobu, kuhinju, kupatilo i terasu. U blizini su marketi, vrtić, gradski prevoz. Mogućnost kupovine stana sa nameštajem. Uknjižen stan. 08 Oznaka na mapi pokazuje deo grada, ne i tačan položaj zgrade.",3866 ,,
63,https://www.4zida.rs/prodaja-stanova/grbavica-gradske-lokacije-novi-sad/trosoban-stan/64a6a6ea7a6369d24c007dba,,72 m² ,3 sobe ,,centralno grejanje ,u izgradnji ,2023,1,terasa ,kupatila ,prazno ,kablovska,,,,,pre 3 dana ,245.000,Lasla Gala,"Grbavica, Gradske lokacije, Novi Sad","Trosoban stan na prodaju, Lasla Gala, 245.000€, 72m² - 4zida",2023-07-10,,,ima lift ,,1095 ,,
64,https://www.4zida.rs/prodaja-stanova/gradske-lokacije-indjija/trosoban-stan/648c82d290fff7a0e80c5eb5,Stan u zgradi ,91 m² ,3 sobe ,uknjiženo ,grejanje na gas ,,2012,4,terasa ,,,,,,,,pre 3 dana ,159.900,Marsala Birjuzova,"Gradske lokacije, Inđija","Trosoban stan na prodaju, Marsala Birjuzova, 159.900€, 91m² - 4zida",2023-07-10,,,ima lift ,,30782 ,,
65,https://www.4zida.rs/prodaja-stanova/bistrica-novo-naselje-gradske-lokacije-novi-sad/trosoban-stan/646bd25fa63f52c655028b51,Stan u zgradi ,80 m² ,3 sobe ,uknjiženo ,centralno grejanje ,održavano ,,1,prilaz za invalide,kupatilo,polunamešteno ,telefon,,ulicu,Kablovska ,30,pre 22 sati ,155.000,Djordja Niksica Johana 15,"Bistrica, Novo Naselje, Gradske lokacije, Novi Sad","Trosoban stan na prodaju, Djordja Niksica Johana 15, 155.000€, 80m² - 4zida",2023-07-10,,,ima lift ,,,,
66,https://www.4zida.rs/prodaja-stanova/centar-2-gradske-lokacije-subotica/dvosoban-stan/63838e7ada1bc064ce0cc248,,47 m² ,2 sobe ,,grejanje na gas ,u izgradnji ,,1,terasa ,kupatilo ,prazno ,telefon ,,,,,pre 3 dana ,61.670,Karađorđev put,"Centar 2, Gradske lokacije, Subotica","Dvosoban stan na prodaju, Karađorđev put, 61.670€, 47m² - 4zida",2023-07-10,,,ima lift ,,61 ,,
67,https://www.4zida.rs/prodaja-stanova/bulevar-nemanjica-medijana-gradske-lokacije-nis/jednoiposoban-stan/6480926e7c44b9f70a02ed76,,50 m² ,1,uknjiženo ,grejanje na struju ,,,5,,,prazno ,,,,,,pre 3 dana ,65.000,Bulevar Nemanjića,"Bulevar Nemanjića, Medijana, Gradske lokacije, Niš","Jednoiposoban stan na prodaju, Bulevar Nemanjića, 65.000€, 50m² - 4zida",2023-07-10,,,,"Prodaje se dvosoban stan na Bulevaru Nemanjića, površine 50m2. Stan se nalazi na V spratu, zgrada nema lift (poslednji sprat, iznad su tavanske prostorije). Sastoji se od ulaznog hodnika, dnevnog boravka, kuhinje, spavaće sobe, kupatila i terase. Grejanje je na struju. Uz stan se dobija pripadajuća ostava. Javni parking ispred zgrade. Hvala Vam što ste pogledali oglas. Za više informacija o ovoj ili drugim nekretninama i zakazivanje razgledanja kontaktirajte agenta na broj telefona iz oglasa (poziv, sms, viber) ili putem e-maila. Kompletnu ponudu dostupnih nekretnina možete pronaći na našem sajtu.",3547 ,,
68,https://www.4zida.rs/prodaja-stanova/sumice-vozdovac-opstina-beograd/dvosoban-stan/64870d0f1b5fc3500c0af180,,68 m² ,2 sobe ,,centralno grejanje ,,,3,lođa ,kupatilo ,prazno ,telefon,,,,,pre 5 sati ,168.000,Vladimira Tomanovića,"Šumice, Voždovac opština, Beograd","Dvosoban stan na prodaju, Vladimira Tomanovića, 168.000€, 68m² - 4zida",2023-07-10,useljivo ,,ima lift ,"Stan se nalazi u ul.Vladimira Tomanovića, sa pogledom na park, u mirnom delu ulice. Dobro održavan, delimično renoviran stan, svetao, lako adaptibilan u trosoban. Ispred zgrade nalazi se parking za stanare. Stan se sastoji od dve prostrane sobe, hodnika, kuhinje sa trpezarijom, kupatila i prostrane lođe. U blizini zgrade nalazi se obdanište, škola, dobra povezanost sa svim delovima grada.....7310",3834 ,,
69,https://www.4zida.rs/prodaja-stanova/beograd-centar-stari-grad-opstina-beograd/dvoiposoban-stan/647e2639eeb3c8832501f868,,70 m² ,2,uknjiženo ,centralno grejanje ,,,5,podrum,kupatilo ,prazno ,telefon,,,,,pre 5 sati ,252.000,Pančićeva,"Beograd centar, Stari Grad opština, Beograd","Dvoiposoban stan na prodaju, Pančićeva, 252.000€, 70m² - 4zida",2023-07-10,useljivo ,,ima lift ,"Prodaja stana - Dorćol. U prodaji je funcionalan dvoiposoban stan u mirnoj ulici. Od prostorija ima hodnik, kuhinju, trpezariju, dnevni boravak, dve spavaće sobe, kupatilo i lođu. Zgrada je dobro održavana sa interfonom i centralnim grejanjem. U neposrednoj blizini je kej, marketi, banke, pošta, škola i prevoz. 16 Oznaka na mapi pokazuje deo grada, ne i tačan položaj zgrade.",3826 ,,
70,https://www.4zida.rs/prodaja-stanova/istocni-vracar-vracar-beograd/cetvorosoban-stan/64935afb3eab04823e0895a5,,95 m² ,4 sobe ,uknjiženo ,centralno grejanje ,uobičajeno stanje ,,visoko prizemlje,podrum,kupatila ,prazno ,telefon,,,,,pre 6 sati ,298.000,Molerova,"Istočni Vračar, Vračar, Beograd","Četvorosoban stan na prodaju, Molerova, 298.000€, 95m² - 4zida",2023-07-10,useljivo ,,,"Prodaja stana Vračar - Molerova. U odličnoj zgradi na izuzetnoj lokaciji u Molerovoj ulici prodaje se salonski stan. Uredan mermerni ulaz u zgradu. Stan je salonski. Klasičan parket, kvalitetna drvena stolarija unutrašnja. Od prostorija ima  ulazni hodnik, dnevni boravk sa trpezarijskim delom, kuhinju, spavaće sobe, kupatilo, gostinskog toalet, manju ostavu i dve terase. Kupatilo i gostinjski toalet imaju prirodnu ventilaciju.  Postavljena je nova spoljna stolarija u stanu.  Kompletno promenjene vodovodne i elektro instalacije. Stan ima centralno grejanje, vrlo je topao s obzirom na kvalitetnu gradnju i debele zidove kakvi su se zidali ranije kod svih salonskih zgrada. Stan je dvostran. Oktrenut ka ulici i ka prelepom sredjenom dvorištu. Vredi pogledati.  16 Oznaka na mapi pokazuje deo grada, ne i tačan položaj zgrade.",3849 ,,
71,https://www.4zida.rs/prodaja-stanova/centar-3-gradske-lokacije-subotica/jednosoban-stan/642ebb06db65ccb21805600d,Stan u zgradi ,30 m² ,1 soba ,,,,,,,,,,,,,,pre 8 sati ,40.500,Centar 3,"Centar 3, Gradske lokacije, Subotica","Jednosoban stan na prodaju, Centar 3, 40.500€, 30m² - 4zida",2023-07-10,,,,"Prodaju se stanovi u izgradnji u blizini centra, struktura stanova se kreće od garsonjera do 3s, povrsine od 30m2-68m2, zgrada ima 6 spratova. Katakteristike zgrade: Podno grejanje koje se ističe niskim troskovima grejanja na prirodni gas, kvalitetna, PVC stolarija sa troslojnim niskoemisionim staklom, sa aluminijumskim roletnama, zidovi su izgrađeni od termoblokova najvisih izolacijskih svojstava + fasadna izolacija, energetski paso&amp;scaron, B kategorije, pregradni zidovi izgrađeni su od opeke, tarket podne obloge u sobama i trpezariji, a keramika I klase u kupatilima i kuhinji, linijski slivnici i staklene tu&amp;scaron, kabine, tus paravani od kaljenog stakla, ugradni Geberit vodokotlići, uvozna granitna keramika,sigurnosna ulazna vrata, optički priključak, interfon, klima uređaj, postoji mogućnost kupovine parking mesta po ceni od 4.800e i garažnog mesta po ceni od 9.600e, cena kvadrata iznosi 1350e. Rok zavrsetka zgrade 31.01.2024.godine.",NK,,
72,https://www.4zida.rs/prodaja-stanova/rasadnik-gradske-lokacije-krusevac/dvosoban-stan/646f3b347886f4adce0dbe2c,Stan u zgradi ,56 m² ,2 sobe ,uknjiženo ,centralno grejanje ,uobičajeno stanje ,,3,terasa ,kupatilo ,prazno ,,,,,,pre 2 dana ,56.000,Rasadnik,"Rasadnik, Gradske lokacije, Kruševac","Dvosoban stan na prodaju, Rasadnik, 56.000€, 56m² - 4zida",2023-07-10,useljivo ,,,"Na prodaju stan na odlicnoj lokaciji u Rasadniku 1,stan ima 2 spavace sobe,dnevnu sobu,terasu,kuhinju I kupatilo,peodaje se sa svim stvarima koje se u stanu nalaze.",,,
73,https://www.4zida.rs/prodaja-stanova/hadzipopovac-palilula-opstina-beograd/cetvorosoban-stan/63eeb067a7d095bec901e492,Stan u zgradi ,100 m² ,4 sobe ,uknjiženo ,,u izgradnji ,,1,,,prazno ,,,,,,pre 1 dan ,375.000,Preradoviceva,"Hadžipopovac, Palilula opština, Beograd","Četvorosoban stan na prodaju, Preradoviceva, 375.000€, 100m² - 4zida",2023-07-10,,,,,,,
74,https://www.4zida.rs/prodaja-stanova/novo-naselje-gradske-lokacije-novi-sad/trosoban-stan/649ee3194d1cc64c290fd7c4,,76 m² ,3 sobe ,,centralno grejanje ,,1980,8,terasa ,,,,,,,,pre 13 sati ,137.000,Novo Naselje,"Novo Naselje, Gradske lokacije, Novi Sad","Trosoban stan na prodaju, Novo Naselje, 137.000€, 76m² - 4zida",2023-07-10,,,ima lift ,,1046874 ,,
75,https://www.4zida.rs/prodaja-stanova/telep-gradske-lokacije-novi-sad/petosoban-stan/64677baa239d0db4400fb474,,113 m² ,5 soba ,uknjiženo ,etažno grejanje ,novo ,2020,3,terasa ,kupatila ,prazno ,kablovska,,,,,pre 2 dana ,535.000,Ilariona Ruvarca,"Telep, Gradske lokacije, Novi Sad","Petosoban stan na prodaju, Ilariona Ruvarca, 535.000€, 113m² - 4zida",2023-07-10,,,ima lift ,"Na prodaju izuzetan, kompletno opremljen duplex na Telepu ukupne površine 276 m2 sa prelepom terasom koja poseduje bazen. Uknjižena površina stana je 113 m2. U cenu stana ulazi i garaža površine 59 m2",1009 ,,1 garažno mesto 
76,https://www.4zida.rs/prodaja-stanova/ledine-novi-beograd-beograd/dvoiposoban-stan/648d60bee07ab2fd6a08a943,Stan u zgradi ,59 m² ,2,uknjiženo ,podno grejanje ,novo ,,1,terasa ,,prazno ,kablovska,,,,,pre 10 sati ,94.000,Sterijina,"Ledine, Novi Beograd, Beograd","Dvoiposoban stan na prodaju, Sterijina, 94.000€, 59m² - 4zida",2023-07-10,,,,,532 ,1 parking mesto ,
77,https://www.4zida.rs/prodaja-stanova/veternik-gradske-lokacije-novi-sad/trosoban-stan/6389dc42c00e75750e001d7b,Stan u zgradi ,63 m² ,3 sobe ,nije uknjiženo ,grejanje na gas ,u izgradnji ,,,terasa ,kupatilo ,prazno ,,,,,31,pre 3 dana ,104.000,Veternik,"Veternik, Gradske lokacije, Novi Sad","Trosoban stan na prodaju, Veternik, 104.000€, 63m² - 4zida",2023-07-10,,,,,41976 ,1 parking mesto ,
78,https://www.4zida.rs/prodaja-stanova/rudo-zvezdara-opstina-beograd/dvoiposoban-stan/6496bdaa0540f8d8020563a0,Stan u zgradi ,73 m² ,2,uknjiženo ,centralno grejanje ,,,13,terase ,kupatilo ,prazno ,,,,,,pre 9 sati ,129.000,Rudo,"Rudo, Zvezdara opština, Beograd","Dvoiposoban stan na prodaju, Rudo, 129.000€, 73m² - 4zida",2023-07-10,,,ima lift ,,,1 parking mesto ,
79,https://www.4zida.rs/prodaja-stanova/sajmiste-gradske-lokacije-novi-sad/cetvorosoban-stan/62a315c575215b73fa2c76d8,Stan u zgradi ,129 m² ,4 sobe ,uknjiženo ,centralno grejanje ,,,2,podrum,kuhinja,polunamešteno ,telefon,,,,,pre 7 sati ,286.340,Sajmište,"Sajmište, Gradske lokacije, Novi Sad","Četvorosoban stan na prodaju, Sajmište, 286.340€, 129m² - 4zida",2023-07-10,useljivo ,,ima lift ,,50 ,,
80,https://www.4zida.rs/prodaja-stanova/satelit-novo-naselje-gradske-lokacije-novi-sad/jednosoban-stan/64a2cad5abedce0c8b0e011d,Stan u zgradi ,33 m² ,1 soba ,uknjiženo ,,u izgradnji ,,2,,,,,,,,,pre 13 sati ,58.710,Satelit,"Satelit, Novo Naselje, Gradske lokacije, Novi Sad","Jednosoban stan na prodaju, Satelit, 58.710€, 33m² - 4zida",2023-07-10,,,,"Agencijska oznaka 1095892 - Uknjižen jednosoban stan na Satelitu. Stan je u izvornom stanju, pvc u dnevnom boravku. Prepravkom lako može biti jednoiposoban. Poseduje podrumsku prostoriju. Drugi sprat. Kontakt osoba, Nemanja 064/823-6616",1095892 ,,
81,https://www.4zida.rs/prodaja-stanova/mirijevo-zvezdara-opstina-beograd/trosoban-stan/649ff19e0d348fa6210167c5,Stan u zgradi ,82 m² ,3 sobe ,uknjiženo ,centralno grejanje ,renovirano ,,6,podrum,,prazno ,kablovska,,,,,pre 11 sati ,149.900,16. oktobar,"Mirijevo, Zvezdara opština, Beograd","Trosoban stan na prodaju, 16. oktobar, 149.900€, 82m² - 4zida",2023-07-10,useljivo ,,ima lift ,,540 ,1 parking mesto ,
82,https://www.4zida.rs/prodaja-stanova/lekino-brdo-vozdovac-opstina-beograd/trosoban-stan/6491d1518d613e1eed090bb8,,63 m² ,3 sobe ,uknjiženo ,centralno grejanje ,novo ,2011,1,terasa ,kupatilo ,prazno ,telefon,,,,,pre 5 sati ,176.000,Tikveška,"Lekino Brdo, Voždovac opština, Beograd","Trosoban stan na prodaju, Tikveška, 176.000€, 63m² - 4zida",2023-07-10,,,ima lift ,,3847 ,,
83,https://www.4zida.rs/prodaja-stanova/erdoglija-gradske-lokacije-kragujevac/dvoiposoban-stan/648d7a8d15791d39cb0d3d7f,,53 m² ,2,,centralno grejanje ,u izgradnji ,,4,prilaz za invalide,kupatilo ,,interfon ,,,,,pre 11 sati ,71.500,Milana Ilića Čiče,"Erdoglija, Gradske lokacije, Kragujevac","Dvoiposoban stan na prodaju, Milana Ilića Čiče, 71.500€, 53m² - 4zida",2023-07-10,,,ima lift ,"Na prodaju stan u izgradnji od renomiranog investitora od 49 m2 plus 4 m2. Stan se nalazi na četvrtom spratu. Stan se sastoji od hodnika, dnevnog boravka sa kuhinjom i trpezarijom, dve spavaće sobe, kupatiila i terase. Objekat se nalazi nedaleko od centra grada. Objekat se gradi u skladu sa visokim energetskim standardima; zidan termoblokom, izolacija je debljine 12 cm, stolarija je od šestokomornih Rehau Synego profila sa troslojim staklom punjenim argonom i aluminijumskim zastorom. Završna obrada je od keramičkih pločica prve klase ili parket. U stanu će biti postavljeni inverter klima uredjaji. Postoji mogućnost kupovine garažnog mesta, kao i parking mesta. Za sve informacije i razgledanje stojimo vam na raspolaganju, radnim danima od 09-19h i subotom od 09-17h. Ovu i druge nekretnine sa većim brojem fotografija možete pogledati na našem sajtu: bulevarnekretnine.rs, kontakt: info@bulevarnekretnine.rs, usluga besplatna. Čekamo Vas. Telefon 034/330808 i 060/0544253. Bulevar Nekretnine 034, Kragujevac, broj u registru posrednika: 1278.",p,,1 garažno mesto 
84,https://www.4zida.rs/prodaja-stanova/veternicka-rampa-veternik-gradske-lokacije-novi-sad/dvoiposoban-stan/64a99d5704bd6bc71f089e2a,Stan u zgradi ,58 m² ,2,,,,,2,,,prazno ,,,,,,pre 2 dana ,103.000,Veternička Rampa,"Veternička Rampa, Veternik, Gradske lokacije, Novi Sad","Dvoiposoban stan na prodaju, Veternička Rampa, 103.000€, 58m² - 4zida",2023-07-10,,,,,247 ,,
85,https://www.4zida.rs/prodaja-stanova/bistrica-novo-naselje-gradske-lokacije-novi-sad/petosoban-stan/63de959fa76dca4b1303c950,Stan u zgradi ,103 m² ,5 soba ,u procesu uknjižavanja ,centralno grejanje ,uobičajeno stanje ,,5,terasa ,kupatila ,prazno ,,,,,,pre 5 sati ,212.180,Bulevar Jovana Dučića,"Bistrica, Novo Naselje, Gradske lokacije, Novi Sad","Petosoban stan na prodaju, Bulevar Jovana Dučića, 212.180€, 103m² - 4zida",2023-07-10,,,ima lift ,Dupleks stan u mirnom delu Novog naselja.,,,
86,https://www.4zida.rs/prodaja-stanova/stari-grad-gradske-lokacije-novi-sad/trosoban-stan/647ee0617646d0905200a41c,Stan u zgradi ,69 m² ,3 sobe ,,,,,5,,,polunamešteno ,,,,,,pre 3 dana ,207.000,Stari Grad,"Stari Grad, Gradske lokacije, Novi Sad","Trosoban stan na prodaju, Stari Grad, 207.000€, 69m² - 4zida",2023-07-10,,,,"Prodaje se prelep trosoban stan u najlepšoj ulici Novog Sada, odmah pored OŠ Đorđe Natošević. Nalazi se na petom spratu zgrade sa liftom. Poseduje dnevni boravak, trpezariju, kuhinju, dve spavaće sobe, ostavu, terasu, kupatilo i wc.",454 ,,
87,https://www.4zida.rs/prodaja-stanova/kotez-1-gradske-lokacije-pancevo/dvosoban-stan/64a83a66298219f1aa0fa751,Stan u zgradi ,56 m² ,2 sobe ,uknjiženo ,centralno grejanje ,,,7,terase ,kupatilo,,,,,,,pre 3 dana ,60.000,Braće Jovanovića,"Kotež 1, Gradske lokacije, Pančevo","Dvosoban stan na prodaju, Braće Jovanovića, 60.000€, 56m² - 4zida",2023-07-10,,,,,,,
88,https://www.4zida.rs/prodaja-stanova/novi-sad-centar-stari-grad-gradske-lokacije-novi-sad/garsonjera/64a6867e5c7cc3fa0205eb60,Stan u zgradi ,19 m² ,0,uknjiženo ,centralno grejanje ,novo ,,3,terasa ,kuhinja ,namešteno ,TV,,,,,pre 3 dana ,50.000,Novi Sad - Centar,"Novi Sad - Centar, Stari Grad, Gradske lokacije, Novi Sad","Garsonjera na prodaju, Novi Sad - Centar, 50.000€, 19m² - 4zida",2023-07-10,,,,,352 ,,
89,https://www.4zida.rs/prodaja-stanova/veternicka-rampa-veternik-gradske-lokacije-novi-sad/jednoiposoban-stan/64a99d5704bd6bc71f089e2d,Stan u zgradi ,29 m² ,1,,podno grejanje ,u izgradnji ,,2,terasa ,,prazno ,Kanalizacija ,,,,,pre 5 sati ,61.800,Veternička Rampa,"Veternička Rampa, Veternik, Gradske lokacije, Novi Sad","Jednoiposoban stan na prodaju, Veternička Rampa, 61.800€, 29m² - 4zida",2023-07-10,,,,,246 ,,
90,https://www.4zida.rs/prodaja-stanova/centar-medijana-gradske-lokacije-nis/trosoban-stan/64a6b2297a6369d24c007eed,,83 m² ,3 sobe ,uknjiženo ,centralno grejanje ,uobičajeno stanje ,,5,podrum,kupatilo ,prazno ,telefon,,,,,pre 11 sati ,129.000,Nade Tomić,"Centar, Medijana, Gradske lokacije, Niš","Trosoban stan na prodaju, Nade Tomić, 129.000€, 83m² - 4zida",2023-07-10,useljivo ,,,,1904 ,1 parking mesto ,
91,https://www.4zida.rs/prodaja-stanova/centar-gradske-lokacije-krusevac/trosoban-stan/64144699bb566552260950c8,Stan u zgradi ,81 m² ,3 sobe ,uknjiženo ,centralno grejanje ,,2000,2,terase ,kupatilo,prazno ,,,,,,pre 2 dana ,58.000,Centar,"Centar, Gradske lokacije, Kruševac","Trosoban stan na prodaju, Centar, 58.000€, 81m² - 4zida",2023-07-10,useljivo ,,,"Na prodaju odlican stan u strogom cetru grada,stan poseduje dve spavace sobe ,dnevnu sobu,dve terase,wc,kupatilo I hodnik.Odlicna investicija. U stanu su potrebna mala ulaganja stan je odmah useljiv.",,,
92,https://www.4zida.rs/prodaja-stanova/liman-2-liman-gradske-lokacije-novi-sad/garsonjera/646cbf9ca7125052ac004d72,,25 m² ,0,uknjiženo ,centralno grejanje ,uobičajeno stanje ,,2,terasa ,kupatilo ,prazno ,telefon ,,,,,pre 9 sati ,72.100,Boška Buhe,"Liman 2, Liman, Gradske lokacije, Novi Sad","Garsonjera na prodaju, Boška Buhe, 72.100€, 25m² - 4zida",2023-07-10,useljivo ,,ima lift ,,5624 ,,
93,https://www.4zida.rs/prodaja-stanova/nova-detelinara-detelinara-gradske-lokacije-novi-sad/garsonjera/644aa6e295f4816a960baae9,Stan u zgradi ,25 m² ,0,uknjiženo ,centralno grejanje ,renovirano ,,2,terasa ,kupatilo ,prazno ,,,dvorište ,,,pre 3 dana ,65.000,Branka Bajića,"Nova Detelinara, Detelinara, Gradske lokacije, Novi Sad","Garsonjera na prodaju, Branka Bajića, 65.000€, 25m² - 4zida",2023-07-10,useljivo ,,,,01,,
94,https://www.4zida.rs/prodaja-stanova/palic-okolne-lokacije-subotica/petosoban-stan/6368f8576b1dc18d450bd179,,443 m² ,5 soba ,,grejanje na gas ,u izgradnji ,,,,,,,,,,,pre 3 dana ,400.000,Vikend Naselje,"Palić, Okolne lokacije, Subotica","Petosoban stan na prodaju, Vikend Naselje, 400.000€, 443m² - 4zida",2023-07-10,,,,,67 ,,
95,https://www.4zida.rs/prodaja-stanova/liman-1-liman-gradske-lokacije-novi-sad/trosoban-stan/641b2eb5425cc821510f66dc,Stan u zgradi ,77 m² ,3 sobe ,uknjiženo ,centralno grejanje ,održavano ,,12,terase ,kupatilo,prazno ,,,,,,pre 2 dana ,185.000,Fruškogorska ulica,"Liman 1, Liman, Gradske lokacije, Novi Sad","Trosoban stan na prodaju, Fruškogorska ulica, 185.000€, 77m² - 4zida",2023-07-10,,,ima lift ,,,,
96,https://www.4zida.rs/prodaja-stanova/telep-gradske-lokacije-novi-sad/cetvorosoban-stan/622254f5986db64b87365987,Stan u zgradi ,105 m² ,4 sobe ,,,,,1,,,prazno ,,,,,,pre 3 dana ,231.000,Telep,"Telep, Gradske lokacije, Novi Sad","Četvorosoban stan na prodaju, Telep, 231.000€, 105m² - 4zida",2023-07-10,,,,,373 ,,
97,https://www.4zida.rs/prodaja-stanova/gornja-vrezina-okolne-lokacije-nis/jednoiposoban-stan/648ae6e66fa0afbb36032ff3,,53 m² ,1,uknjiženo ,grejanje na struju ,novo ,,2,terasa ,,prazno ,,,,,,pre 3 dana ,71.550,Gornja Vrežina,"Gornja Vrežina, Okolne lokacije, Niš","Jednoiposoban stan na prodaju, Gornja Vrežina, 71.550€, 53m² - 4zida",2023-07-10,,,,"Prodaje se nov jednoiposoban stan u Donjoj Vrežini. Stan je površine 53m2, nalazi se na II spratu u novoj stambenoj zgradi bez lifta. Sastoji se od hodnika, prostranog dnevnog boravka sa kuhinjom i trpezarijom, spavaće sobe, kupatila i terase. Grejanje je na struju i poseduje inverter klimu. Uz stan se dobija i parking mesto u dvorištu zgrade. Uknjižen, moguća je kupovina putem stambenog kredita. U cenu je uključen PDV i kupci prvog stana imaju pravo na povraćaj PDV-a u iznosu od 10%. Hvala Vam što ste pogledali oglas. Za više informacija o ovoj ili drugim nekretninama i zakazivanje razgledanja kontaktirajte agenta na broj telefona iz oglasa (poziv, sms, viber) ili putem e-maila. Kompletnu ponudu dostupnih nekretnina možete pronaći na našem sajtu.",3578 ,,
98,https://www.4zida.rs/prodaja-stanova/bulevar-zona-1-bulevar-nemanjica-medijana-gradske-lokacije-nis/jednosoban-stan/64abe6153187beaf0c00a723,Stan u zgradi ,44 m² ,1 soba ,uknjiženo ,etažno grejanje ,renovirano ,1980,6,dvorište,kupatilo,polunamešteno ,telefon,jug ,ulicu ,Kablovska ,,pre 9 sati ,55.000,Sremska,"Bulevar Zona 1, Bulevar Nemanjića, Medijana, Gradske lokacije, Niš","Jednosoban stan na prodaju, Sremska, 55.000€, 44m² - 4zida",2023-07-10,useljivo ,,,,,,
99,https://www.4zida.rs/prodaja-stanova/sumice-vozdovac-opstina-beograd/garsonjera/646635f3d985f72e390bcafa,Stan u zgradi ,26 m² ,0,uknjiženo ,,renovirano ,,8,,,,,,,,,pre 9 sati ,68.000,Ljermontova,"Šumice, Voždovac opština, Beograd","Garsonjera na prodaju, Ljermontova, 68.000€, 26m² - 4zida",2023-07-10,,,ima lift ,,143 ,,
100,https://www.4zida.rs/prodaja-stanova/pantelej-gradske-lokacije-nis/jednoiposoban-stan/64300b0fcc0fecbcd7065148,,42 m² ,1,uknjiženo ,grejanje na struju ,novo ,,5,terasa ,,prazno ,,,,,,pre 3 dana ,70.000,Pantelej,"Pantelej, Gradske lokacije, Niš","Jednoiposoban stan na prodaju, Pantelej, 70.000€, 42m² - 4zida",2023-07-10,,,ima lift ,"U ponudi je jednoiposoban stan u novogradnji na Panteleju, površine 42m2. Nalazi se u stambenoj zgradi a liftom, na V spratu. Stan se sastoji od hodnika, dnevne sobe sa kuhinjom i trpezarijom, spavaće sobe, kupatila i terase. Grejanje je na struju, klima uređaj. Stan je veoma osvetljen, ima funkcionalan raspored prostorija i maksimalno iskorišćenu kvadraturu. U cenu je uključen PDV i kupci prvog stana imaju pravo na povraćaj PDV-a u iznosu od 10%. Hvala Vam što ste pogledali oglas. Za više informacija o ovoj ili drugim nekretninama i zakazivanje razgledanja kontaktirajte agenta na broj telefona iz oglasa (poziv, sms, viber) ili putem e-maila. Kompletnu ponudu dostupnih nekretnina možete pronaći na našem sajtu.",3363 ,,
101,https://www.4zida.rs/prodaja-stanova/sajlovo-gradske-lokacije-novi-sad/jednoiposoban-stan/6480a31ad176acef92093224,Stan u zgradi ,25 m² ,1,,,,,,,,prazno ,,,,,,pre 10 sati ,46.000,Sajlovo,"Sajlovo, Gradske lokacije, Novi Sad","Jednoiposoban stan na prodaju, Sajlovo, 46.000€, 25m² - 4zida",2023-07-10,,,,,118 ,,
102,https://www.4zida.rs/prodaja-stanova/dedinje-savski-venac-beograd/dvosoban-stan/647e263aeeb3c8832501f86b,,65 m² ,2 sobe ,uknjiženo ,centralno grejanje ,uobičajeno stanje ,,1,podrum,kupatilo ,prazno ,telefon,,,,,pre 5 sati ,225.000,Neznanog Junaka,"Dedinje, Savski Venac, Beograd","Dvosoban stan na prodaju, Neznanog Junaka, 225.000€, 65m² - 4zida",2023-07-10,useljivo ,,,"Prodaja stana - Dedinje - Neznanog junaka. U odličnoj vojnoj gradi sa vrlo urednim ulazom. Zgrada je  okružena zelenilom. Prodaje se veliki dvosoban stan klasičnog rasporeda prostorija, svetao. Od prostorija ima dve velike sobe kvadratnog oblika, veliki ulazuni deo sa prostorom za plakare, velika trpezariju povezanu sa kuhinjom, kupatilo i dve terase. Na terase se izlazi iz trpezarije i iz jedne spavaće sobe. Kupatilo ima prirodnu ventilaciju. U sve prostorije se ulazi iz predsoblja. Grejanje je centralno na gas. Stan je uknjižen. U blizini je vrtić, engleska škola, prodavnice... 14 Oznaka na mapi pokazuje deo grada, ne i tačan položaj zgrade.",3824 ,,
103,https://www.4zida.rs/prodaja-stanova/palilula-gradske-lokacije-nis/garsonjera/63f7a0a7e1c983ca240ea477,,28 m² ,0,uknjiženo ,etažno grejanje ,novo ,,2,terasa ,,prazno ,,,,,,pre 3 dana ,42.420,Palilula,"Palilula, Gradske lokacije, Niš","Garsonjera na prodaju, Palilula, 42.420€, 28m² - 4zida",2023-07-10,,,,"Prodaje se garsonjera u novogradnji na Paliluli u stambenoj zgradi koja ima Prizemlje+III sprata. Stan je površine 28,4m2 na II spratu. Struktura stana: ulazni hodnik, kombinovana soba, kupatilo i terasa. Zgrada je smeštena u mirnoj ulici na izuzetno lepoj lokaciji. Stanovi su veoma kvalitetne i moderne gradnje: fasada po standardima energetske efikasnosti objekata, PVC stolarija, parket visokog kvaliteta, visoka zvučna i termička izolacija, sanitarija prve klase, etažno grejanje. Svaki stan poseduje inverter klimu i električni kotao tj. sopstveno grejanje što značajno utiče na kontrolu i regulaciju toplote i znatno smanjenje troškova. Cena parkig mesta na slobodnom delu parcele je 3000eur, a natkriveni parking je 3500eur. U cenu je uključen PDV i kupci prvog stana imaju pravo na povraćaj PDV-a u iznosu od 10%. Hvala Vam što ste pogledali oglas. Za više informacija o ovoj ili drugim nekretninama i zakazivanje razgledanja kontaktirajte agenta na broj telefona iz oglasa (poziv, sms, viber) ili putem e-maila. Kompletnu ponudu dostupnih nekretnina možete pronaći na našem sajtu.",3177 ,,
104,https://www.4zida.rs/prodaja-stanova/pejton-gradske-lokacije-krusevac/jednosoban-stan/645abda9749ff966b80a4057,Stan u zgradi ,31 m² ,1 soba ,uknjiženo ,centralno grejanje ,,2000,5,tavan,kupatilo,prazno ,,,,,,pre 2 dana ,35.500,Pejton,"Pejton, Gradske lokacije, Kruševac","Jednosoban stan na prodaju, Pejton, 35.500€, 31m² - 4zida",2023-07-10,useljivo ,,ima lift ,"Stan u blizini Disa,odlicna investicija,vrlo povoljno.Stan je useljiv,manji jednosoban sa terasom.Postoji mogucnost kupovine stana sa stvarima.",,,
105,https://www.4zida.rs/prodaja-stanova/mokranjcev-palilula-gradske-lokacije-nis/garsonjera/646a89ec612936c711048d04,Stan u zgradi ,31 m² ,0,uknjiženo ,grejanje na struju ,,,3,terasa ,kupatilo ,prazno ,,,,,,pre 11 sati ,43.000,Mokranjčeva,"Mokranjčev, Palilula, Gradske lokacije, Niš","Garsonjera na prodaju, Mokranjčeva, 43.000€, 31m² - 4zida",2023-07-10,,,,,,,
106,https://www.4zida.rs/prodaja-stanova/matejevacki-pantelej-gradske-lokacije-nis/dvoiposoban-stan/64ac2568ef045476860e2f30,Stan u zgradi ,56 m² ,2,uknjiženo ,etažno grejanje ,novo ,,,podrum,kupatilo ,prazno ,,,,,,pre 5 sati ,86.000,Matejevački,"Matejevački, Pantelej, Gradske lokacije, Niš","Dvoiposoban stan na prodaju, Matejevački, 86.000€, 56m² - 4zida",2023-07-10,useljivo ,,ima lift ,Prodaje se nov dvoiposoban stan sa PDV-om odmah useljiv.,,,
107,https://www.4zida.rs/prodaja-stanova/telep-gradske-lokacije-novi-sad/cetvorosoban-stan/62bd85a809c689364c0e8174,Stan u zgradi ,87 m² ,4 sobe ,uknjiženo ,,u izgradnji ,2022,2,terasa ,,,,,,,,pre 9 sati ,197.140,"TELEP, NOVI SAD","Telep, Gradske lokacije, Novi Sad","Četvorosoban stan na prodaju, TELEP, NOVI SAD, 197.140€, 87m² - 4zida",2023-07-10,useljivo ,,ima lift ,"Agencijska oznaka 1092100 -  Prelep četvorosoban stan, cena sa PDV-om, u luksuznoj urbanoj vili na Telepu, u savršeno mirnoj i uvučenoj ulici u blizini Bulevara Patrijarha Pavla. Zgrada modernog  i savremenog izgleda pruža mogućnost kvalitetnog života. Komfornost svih stanova u ovoj urbanoj vili je na visokom nivou, i svaki stan ima svoju garažu koja se prodaje po ceni od 20.000 e plus PDV. Podno grejanje pruža mogućnost bolje iskorištenosti prostora, a grejanje na gas sa kalorimetrima niske troškove. Zgrada poseduje lift koji retko možete naći u vilama ove spratnosti i  ide iz suterena gde su garaže do stana. Moguća kupovina putem stambenog kredita. ZA VIŠE INFORMACIJA POZVATI SANDRA 064-231-1602",1092100 ,,
108,https://www.4zida.rs/prodaja-stanova/blok-63-bezanijski-blokovi-novi-beograd-beograd/dvosoban-stan/6495821f0d745424ec061125,Stan u zgradi ,85 m² ,2 sobe ,uknjiženo ,centralno grejanje ,,,2,terasa ,ostava ,prazno ,kablovska,,,,,pre 10 sati ,235.000,Gandijeva,"Blok 63, Bežanijski Blokovi, Novi Beograd, Beograd","Dvosoban stan na prodaju, Gandijeva, 235.000€, 85m² - 4zida",2023-07-10,useljivo ,,ima lift ,,535 ,1 parking mesto ,1 garažno mesto 
109,https://www.4zida.rs/prodaja-stanova/centar-medijana-gradske-lokacije-nis/jednoiposoban-stan/63d29b3ac4789c162007850d,,37 m² ,1,,centralno grejanje ,novo ,,1,terasa ,,prazno ,,,,,,pre 3 dana ,77.990,Centar,"Centar, Medijana, Gradske lokacije, Niš","Jednoiposoban stan na prodaju, Centar, 77.990€, 37m² - 4zida",2023-07-10,,,ima lift ,"U ponudi je jednoiposoban stan u novogradnji u centru na veoma lepoj lokaciji. Stan je površine 37,2m2, nalazi se na I spratu. Stan će biti opremljen zasebnim instalacijama grejanja sa panelnim radijatorima i sopstvenim kalorimetrom za kontrolu potrošnje toplotne energije. Visokokvalitetni PVC ili Aluminijumski profili sa termo prekidom u tamno sivoj boji (antracit), sa niskoemisionim staklima 4+16+4, koja pružaju odličnu toplotnu i zvučnu izolaciju. Kvalitetan i topao višeslojni drveni pod od hrasta tipa Tarkett - Salsa Oak Nature ili sl. Kupatilo i kuhinja - keramika visokog kvaliteta i dizajna, terasa - protivklizne granitne pločice visokog kvaliteta. Ulaz u zgradu i podzemna garaža biće pokriveni kamerama za video nadzor. Ograđeno unutrašnje dvorište zgrade sa prostorom za igru dece i parkiranjem. Ulaz u dvorište obezbeđen rampom, a ulaz u podzemnu garažu garažnim vratima na daljinsko otvaranje-zatvaranje. Smešten u mirnoj ulici, predstavlja idealno mesto za život. Dovoljno daleko od gradske vreve da Vam pruži potpuni mir, a dovoljno blizu da nakon kraće šetnje uživate u različitim gradskim sadržajima ili u najvećem gradskom parku i sportskom centru Čair. Hvala Vam što ste pogledali oglas. Za više informacija o ovoj ili drugim nekretninama i zakazivanje razgledanja kontaktirajte agenta na broj telefona iz oglasa (poziv, sms, viber) ili putem e-maila. Kompletnu ponudu dostupnih nekretnina možete pronaći na našem sajtu.",3057 ,,
110,https://www.4zida.rs/prodaja-stanova/jagodnjak-gradske-lokacije-paracin/trosoban-stan/64a9b5f402778ea8b10b6ee4,Stan u zgradi ,86 m² ,3 sobe ,uknjiženo ,podno grejanje ,novo ,2020,prizemlje,dvorište,kupatilo,namešteno ,telefon,,dvorište ,Optički ,,pre 2 dana ,83.000,Jagodnjak,"Jagodnjak, Gradske lokacije, Paraćin","Trosoban stan na prodaju, Jagodnjak, 83.000€, 86m² - 4zida",2023-07-10,useljivo ,,ima lift ,,,,
111,https://www.4zida.rs/prodaja-stanova/salajka-gradske-lokacije-novi-sad/cetvorosoban-stan/64a8b949679d9b85730bd868,Stan u zgradi ,89 m² ,4 sobe ,uknjiženo ,,u izgradnji ,2021,4,terasa ,,,,,,,,pre 13 sati ,181.280,Salajka,"Salajka, Gradske lokacije, Novi Sad","Četvorosoban stan na prodaju, Salajka, 181.280€, 89m² - 4zida",2023-07-10,,,ima lift ,,1096294 ,,1 garažno mesto 
112,https://www.4zida.rs/prodaja-stanova/palic-okolne-lokacije-subotica/jednoiposoban-stan/633fe27749ea7fc6ad04c182,,85 m² ,1,,grejanje na gas ,novo ,,2,terasa ,kupatilo ,prazno ,klima ,,,,,pre 3 dana ,204.000,Jezerska,"Palić, Okolne lokacije, Subotica","Jednoiposoban stan na prodaju, Jezerska, 204.000€, 85m² - 4zida",2023-07-10,useljivo ,,,,13 ,,
113,https://www.4zida.rs/prodaja-stanova/prozivka-gradske-lokacije-subotica/cetvorosoban-stan/640f231160ef84d63808738e,,78 m² ,4 sobe ,,,,,,,,,,,,,,pre 8 sati ,107.000,Prozivka,"Prozivka, Gradske lokacije, Subotica","Četvorosoban stan na prodaju, Prozivka, 107.000€, 78m² - 4zida",2023-07-10,,,,"Prodaje se komforan, 4s stan na Prozivci, povrsine 78m2, 1. sprat, stan se sastoji od tri spavaće sobe, velikog dnevnog boravka sa kuhinjom, dva kupatila sa tus kabinom, terase, centralno grejanje, parketi, klima uređjaj, stan je prostran sa puno dnevne svetlosti.",NK,,
114,https://www.4zida.rs/prodaja-stanova/aqua-park-gradske-lokacije-jagodina/jednosoban-stan/648b3d062352faa86904a633,Stan u zgradi ,29 m² ,1 soba ,uknjiženo ,norveški radijatori ,novo ,,,terasa ,,prazno ,klima ,,,,,pre 3 dana ,33.800,Vuka Bojovica Bb,"Aqua Park, Gradske lokacije, Jagodina","Jednosoban stan na prodaju, Vuka Bojovica Bb, 33.800€, 29m² - 4zida",2023-07-10,,,ima lift ,,Y653 ,,1 garažno mesto 
115,https://www.4zida.rs/prodaja-stanova/betanija-sajmiste-gradske-lokacije-novi-sad/dvosoban-stan/648773a3e6bf6956b80108a3,,40 m² ,2 sobe ,,,u izgradnji ,2024,2,terasa ,kupatilo ,prazno ,kablovska,,,,,pre 5 sati ,125.000,Bulevar Kralja Petra I,"Betanija, Sajmište, Gradske lokacije, Novi Sad","Dvosoban stan na prodaju, Bulevar Kralja Petra I, 125.000€, 40m² - 4zida",2023-07-10,,,ima lift ,,1049 ,1 parking mesto ,
116,https://www.4zida.rs/prodaja-stanova/pantelej-gradske-lokacije-nis/jednoiposoban-stan/6390aecb9a5bf9bf780fee98,,40 m² ,1,uknjiženo ,grejanje na struju ,novo ,,1,terasa ,,prazno ,,,,,,pre 3 dana ,67.200,Pantelej,"Pantelej, Gradske lokacije, Niš","Jednoiposoban stan na prodaju, Pantelej, 67.200€, 40m² - 4zida",2023-07-10,,,ima lift ,"Prodaje se nov jednoiposoban stan na Panteleju, površine 39,5m2. Nalazi se na I spratu. Stan se sastoji od hodnika iz koga se ulazi u ostale prostorije, velikog dnevnog boravka sa kuhinjom, spavaće sobe i kupatila.  Zgrada je smeštena u mirnoj ulici u blizini Pantelejske crkve. Idealna je za porodično stanovanje zbog mirnog kraja, blizine škole, kafića, marketa, autobuskog stajališta i odlične povezanosti sa svim delovima grada. U gradnji su korišćeni kvalitetni moderni materijali, pod će biti obložen parketom I klase, sanitarijom i keramikom prve klase, PVC stolarija. Stanovi su građeni tako da se postiže maksimalna funkcionalnost prostorija. U cenu je uključen PDV i kupci prvog stana imaju pravo na povraćaj PDV-a u iznosu od 10%. Hvala Vam što ste pogledali oglas. Za više informacija o ovoj ili drugim nekretninama i zakazivanje razgledanja kontaktirajte agenta na telefon 066/497-100 (poziv, sms, viber) ili putem e-maila. Kompletnu ponudu dostupnih nekretnina možete pronaći na našem sajtu.",2908 ,,
117,https://www.4zida.rs/prodaja-stanova/petrovaradin-gradske-lokacije-novi-sad/dvosoban-stan/64a855c2f28b650a7e0ab36a,,58 m² ,2 sobe ,,centralno grejanje ,,2023,visoko prizemlje,terasa ,,,,,,,,pre 13 sati ,107.500,Petrovaradin,"Petrovaradin, Gradske lokacije, Novi Sad","Dvosoban stan na prodaju, Petrovaradin, 107.500€, 58m² - 4zida",2023-07-10,,,,,1046953 ,,
118,https://www.4zida.rs/prodaja-stanova/kej-stari-grad-gradske-lokacije-novi-sad/dvosoban-stan/648c3985fd222184e20d925a,Stan u zgradi ,42 m² ,2 sobe ,,,,,1,,,namešteno ,,,,,,pre 3 dana ,155.000,Kej,"Kej, Stari Grad, Gradske lokacije, Novi Sad","Dvosoban stan na prodaju, Kej, 155.000€, 42m² - 4zida",2023-07-10,,,,Prodaje se luksuzan namešten stan na keju. Nalazi se na prvom spratu zgrade i prodaje se kompletno opremljen. U cenu stana ulazi i garaža. Stan je dvorišno orjentisan.,459 ,,
119,https://www.4zida.rs/prodaja-stanova/novo-naselje-gradske-lokacije-novi-sad/trosoban-stan/6454e50ee17af47efb0d474f,,87 m² ,3 sobe ,,centralno grejanje ,,1981,2,terasa ,,,,,,,,pre 5 dana ,165.000,Novo Naselje,"Novo Naselje, Gradske lokacije, Novi Sad","Trosoban stan na prodaju, Novo Naselje, 165.000€, 87m² - 4zida",2023-07-10,,,,"Šifra 1046463, Novi Sad, Novo naselje, Bistrica, Seljačkih buna, trosoban stan, 87 m2. Prodaja stana na najcenjenijem delu Novog naselja, Seljačkih buna deo ulice zgrade od crvene fasadne cigle. Ovaj trosoban stan se sastoji od ulaznog honika sa toaletom i ostavom, dnevne sobe koja se naslanja na trpezariju. Izlaz na terasu je iz dnevne sobe, a terasa je prostrana površine 5 m2 i dvostrano je orijentisana sa pogledom na ulicu. Ulaz u kuhinju je iz trpezarije i iz hodnika, a poseduje i prirodnu ventilaciju. Spavaći deo stana je odvojen hodnikom i sastoji se od 2 spavaće sobe, degažmana sa mestom za ugradni plakar i izlazom na terasu. Kupatilo je sa ležećom kadom i mestom za veš mašinu. Stan je trostrano orijentisan. Zgrada je sa 3 stana na spratu, a u prizemlju se nalazi biciklana. U neposrednom okruženju se nalazi osnovna škola,obdanište autobuske stanice, uređene zelene površine i parking prostor.Preporučujem ovaj porodični stan koji je vlasništvo prodavca od dana izgradnje i sam stan je u izvornom stanju što pruža mogućnost adaptacije po sopstvenom ukusu. Za više informacija pozovite: Vladan Malbaša, master prodaje, licenca br. 2957, tel. 060/ 6-365-269 (Solis nekretnine, Novi Sad, upisan u Registar posrednika br. 544, tel: 021/520-231)",1046463 ,,
120,https://www.4zida.rs/prodaja-stanova/bozidar-adzija-medijana-gradske-lokacije-nis/dvosoban-stan/64a94b60e91ac45d5906a58d,Stan u zgradi ,49 m² ,2 sobe ,uknjiženo ,grejanje na struju ,uobičajeno stanje ,,,podrum,kupatilo,prazno ,,,,,,pre 12 sati ,75.000,aaa,"Božidar Adžija, Medijana, Gradske lokacije, Niš","Dvosoban stan na prodaju, aaa, 75.000€, 49m² - 4zida",2023-07-10,useljivo ,,,,,1 parking mesto ,
