,link,Površina,Plac,Uknjiženost,Grejanje,Stanje,Garaža,Parking,Infrastruktura,Unutrašnje prostorije,Nameštenost,Šifra oglasa,Oglas ažuriran,price,street,address,title,end_date,Tip,Broj etaža,Broj soba,Opremljenost,Godina izgradnje,Vodoinstalacija,Pogled na,Orijentacija nekretnine,Internet
0,https://www.4zida.rs/prodaja-kuca/gornja-satornja-okolne-lokacije-topola/kuca/64d09b851eb521456600c21e,200 m² ,100a plac ,uknjiženo ,TA peć ,potrebno renoviranje ,1 garažno mesto ,1 parking mesto ,terasa ,ostava ,prazno ,724 ,pre 1 dan ,65.000,Gornja Šatornja,"Gornja Šatornja, Okolne lokacije, Topola","Kuća na prodaju, Gornja Šatornja, 65.000€, 200m² - 4zida",2023-08-08,,,,,,,,,
1,https://www.4zida.rs/prodaja-kuca/somborska-rampa-podbara-gradske-lokacije-novi-sad/dvoetazna/64d0c088e3677f98ef08cfb4,458 m² ,550a plac ,uknjiženo ,grejanje na gas ,,,,,,,373110 ,pre 1 dan ,618.000,Somborska rampa,"Somborska rampa, Podbara, Gradske lokacije, Novi Sad","2-etažna kuća na prodaju, Somborska rampa, 618.000€, 458m² - 4zida",2023-08-08,Samostalna kuća ,2,3 sobe ,,,,,,
2,https://www.4zida.rs/prodaja-kuca/jakovo-surcin-opstina-beograd/kuca/64d24131d1626165c70d0bf5,230 m² ,,uknjiženo ,etažno grejanje ,uobičajeno stanje ,,,terase (2) ,,,8827 ,pre 3 sata ,199.900,Braće Panić,"Jakovo, Surčin opština, Beograd","Kuća na prodaju, Braće Panić, 199.900€, 230m² - 4zida",2023-08-08,,,5 soba ,,,,,,
3,https://www.4zida.rs/prodaja-kuca/zmajevo-okolne-lokacije-vrbas/kuca/64819c2eaeeef4e2700d2a6d,54 m² ,,uknjiženo ,,uobičajeno stanje ,,,terasa ,,,3045539 ,pre 2 meseca ,33.200,Zmajevo,"Zmajevo, Okolne lokacije, Vrbas","Kuća na prodaju, Zmajevo, 33.200€, 54m² - 4zida",2023-08-08,,,3 sobe ,,,,,,
4,https://www.4zida.rs/prodaja-kuca/slanci-palilula-opstina-beograd/jednoetazna/64d2414b2614c7c0950e5183,86 m² ,4a plac ,u procesu uknjižavanja ,grejanje na struju ,potrebno renoviranje ,,,,,prazno ,,pre 3 sata ,95.000,Slanački put,"Slanci, Palilula opština, Beograd","1-etažna kuća na prodaju, Slanački put, 95.000€, 86m² - 4zida",2023-08-08,Montažna kuća ,1,3 sobe ,,,,,,
5,https://www.4zida.rs/prodaja-kuca/mali-bajmok-gradske-lokacije-subotica/kuca/64d0eee2c8359f54060c3386,150 m² ,,,,,1 garažno mesto ,,,kupatila (2) ,,770287 ,pre 1 dan ,95.000,Mali Bajmok,"Mali Bajmok, Gradske lokacije, Subotica","Kuća na prodaju, Mali Bajmok, 95.000€, 150m² - 4zida",2023-08-08,,,4 sobe ,telefon ,,,,,
6,https://www.4zida.rs/prodaja-kuca/popovica-sremska-kamenica-gradske-lokacije-novi-sad/dvoetazna/64d268c95c364c53630d432c,138 m² ,1499a plac ,uknjiženo ,grejanje na gas ,,,,,,,515196 ,pre 49 minuta ,148.530,Popovica,"Popovica, Sremska Kamenica, Gradske lokacije, Novi Sad","2-etažna kuća na prodaju, Popovica, 148.530€, 138m² - 4zida",2023-08-08,Samostalna kuća ,2,5 soba ,"telefon, kablovska ",,,,,
7,https://www.4zida.rs/prodaja-kuca/gradske-lokacije-srbobran/kuca/64d0ffba44c91cba70057db2,172 m² ,6.43a plac ,uknjiženo ,centralno grejanje ,,1 garažno mesto ,1 parking mesto ,terasa ,,prazno ,2946 ,pre 1 dan ,59.700,Gradske lokacije,"Gradske lokacije, Srbobran","Kuća na prodaju, Gradske lokacije, 59.700€, 172m² - 4zida",2023-08-08,,,,klima ,,,,,
8,https://www.4zida.rs/prodaja-kuca/grosnica-okolne-lokacije-kragujevac/jednoetazna/64d00a5df6b853fd680415b3,60 m² ,20a plac ,nije uknjiženo ,,novo ,,,"dvorište, tavan, terasa, lođa ","kupatilo, toalet, kuhinja, ostava ",namešteno ,,pre 1 dan ,55.000,Erdecica 18a,"Grošnica, Okolne lokacije, Kragujevac","1-etažna kuća na prodaju, Erdecica 18a, 55.000€, 60m² - 4zida",2023-08-08,Vikendica ,1,2 sobe ,Kanalizacija ,2020,gradska voda ,,,
9,https://www.4zida.rs/prodaja-kuca/rogaca-sopot-opstina-beograd/kuca/64d0b90f3f9a45d74006f326,98 m² ,12.59a plac ,uknjiženo ,grejanje na struju ,,,,podrum ,kupatilo ,prazno ,4303 ,pre 1 dan ,77.000,Beogradska,"Rogača, Sopot opština, Beograd","Kuća na prodaju, Beogradska, 77.000€, 98m² - 4zida",2023-08-08,,,10 soba ,telefon ,,,,,
10,https://www.4zida.rs/prodaja-kuca/klisa-gradske-lokacije-novi-sad/dvoetazna/64d124b010fdca8a930e98ee,351 m² ,3a plac ,delimično uknjiženo ,grejanje na gas ,novo ,1 garažno mesto ,,"tavan, terase (3",kupatila (3,polunamešteno ,512989 ,pre 23 sati ,226.600,Slana bara,"Klisa, Gradske lokacije, Novi Sad","2-etažna kuća na prodaju, Slana bara, 226.600€, 351m² - 4zida",2023-08-08,Dvojna kuća ,2,6 soba ,Kanalizacija ,,,"ulicu, dvorište ",,
11,https://www.4zida.rs/prodaja-kuca/gat-gradske-lokacije-subotica/jednoetazna/64d0f085c8359f54060c33dc,142 m² ,1.43a plac ,,etažno grejanje ,renovirano ,,,terasa ,kupatila (2) ,,1006 ,pre 1 dan ,70.000,Gat,"Gat, Gradske lokacije, Subotica","1-etažna kuća na prodaju, Gat, 70.000€, 142m² - 4zida",2023-08-08,,1,4 sobe ,"telefon, kablovska, internet, klima ",,,,,
12,https://www.4zida.rs/prodaja-kuca/novi-karlovci-okolne-lokacije-indjija/jednoetazna/64d26fa88f07fe1b920e81c9,150 m² ,20a plac ,uknjiženo ,centralno grejanje ,,1 garažno mesto ,,"dvorište, podrum, terasa ",kupatilo ,prazno ,,pre 18 minuta ,75.000,Novi Karlovci,"Novi Karlovci, Okolne lokacije, Inđija","1-etažna kuća na prodaju, Novi Karlovci, 75.000€, 150m² - 4zida",2023-08-08,Kuća u nizu ,1,5 soba ,"kablovska, klima, Kanalizacija ",,gradska voda ,,,
13,https://www.4zida.rs/prodaja-kuca/zeljeznicko-naselje-gradske-lokacije-subotica/kuca/64d0f2d6c8359f54060c3479,115 m² ,6.3a plac ,uknjiženo ,centralno grejanje ,uobičajeno stanje ,1 garažno mesto ,1 parking mesto ,dvorište ,kupatilo ,prazno ,1373 ,pre 1 dan ,68.000,Željezničko Naselje,"Željezničko Naselje, Gradske lokacije, Subotica","Kuća na prodaju, Željezničko Naselje, 68.000€, 115m² - 4zida",2023-08-08,,,3 sobe ,"telefon, internet, klima ",1990,,,,
14,https://www.4zida.rs/prodaja-kuca/kelebija-gradske-lokacije-subotica/dvoetazna/64d0e2d50c0aeff59d08b3e5,137 m² ,5531a plac ,,,,,,,kupatilo ,,23,pre 2 sata ,48.000,Kelebija,"Kelebija, Gradske lokacije, Subotica","2-etažna kuća na prodaju, Kelebija, 48.000€, 137m² - 4zida",2023-08-08,,2,4 sobe ,,,,,,
15,https://www.4zida.rs/prodaja-kuca/turija-okolne-lokacije-srbobran/kuca/64d0ffb444c91cba70057dac,122 m² ,6.12a plac ,uknjiženo ,,renovirano ,1 garažno mesto ,1 parking mesto ,"podrum, terasa ",,prazno ,2347 ,pre 1 dan ,63.860,Turija,"Turija, Okolne lokacije, Srbobran","Kuća na prodaju, Turija, 63.860€, 122m² - 4zida",2023-08-08,,,,klima ,,,,,
16,https://www.4zida.rs/prodaja-kuca/centar-2-gradske-lokacije-subotica/jednoetazna/64d0c6787c7bdb377b0a404b,38 m² ,1a plac ,,,,,,,kupatilo ,,23,pre 2 sata ,32.500,Centar 2,"Centar 2, Gradske lokacije, Subotica","1-etažna kuća na prodaju, Centar 2, 32.500€, 38m² - 4zida",2023-08-08,,1,1 soba ,,,,,,
17,https://www.4zida.rs/prodaja-kuca/dusanovac-vozdovac-opstina-beograd/troeatazna/64cccdce93c2935e5307f780,180 m² ,2.2a plac ,uknjiženo ,etažno grejanje ,uobičajeno stanje ,1 garažno mesto ,,"dvorište, terasa ",kupatila (3,prazno ,1236 ,pre 4 dana ,128.000,Jaše Ignjatovića,"Dušanovac, Voždovac opština, Beograd","3-etažna kuća na prodaju, Jaše Ignjatovića, 128.000€, 180m² - 4zida",2023-08-08,,3,6 soba ,telefon ,,,,,
18,https://www.4zida.rs/prodaja-kuca/futog-okolne-lokacije-novi-sad/kuca/64d25ab1383c214a090efbcd,78 m² ,,uknjiženo ,,uobičajeno stanje ,,,,,,3045829 ,pre 1 sat ,82.400,Futog,"Futog, Okolne lokacije, Novi Sad","Kuća na prodaju, Futog, 82.400€, 78m² - 4zida",2023-08-08,,,3 sobe ,,,,,,
19,https://www.4zida.rs/prodaja-kuca/kertvaros-gradske-lokacije-subotica/dvoetazna/64d0a353950dc389d50dbcc9,128 m² ,,uknjiženo ,etažno grejanje ,održavano ,1 garažno mesto ,,"tavan, podrum, terase (2) ","kupatilo, toalet, kuhinja, ostava ",polunamešteno ,,pre 1 dan ,68.000,Kertvaroš,"Kertvaroš, Gradske lokacije, Subotica","2-etažna kuća na prodaju, Kertvaroš, 68.000€, 128m² - 4zida",2023-08-08,Kuća u nizu ,2,3 sobe ,Kanalizacija ,,gradska voda ,,,
20,https://www.4zida.rs/prodaja-kuca/velika-lomnica-okolne-lokacije-krusevac/dvoetazna/64d022d52a44d5a0da0894f3,105 m² ,12a plac ,u procesu uknjižavanja ,,u izgradnji ,,,terase (2) ,kupatilo ,prazno ,,pre 1 dan ,41.000,Lomnica,"Velika Lomnica, Okolne lokacije, Kruševac","2-etažna kuća na prodaju, Lomnica, 41.000€, 105m² - 4zida",2023-08-08,Vikendica ,2,2 sobe ,,,,,,
21,https://www.4zida.rs/prodaja-kuca/debeljaca-okolne-lokacije-kovacica/jednoetazna/64d10a0c983b125bdb08d588,100 m² ,15a plac ,delimično uknjiženo ,,,,,"dvorište, tavan ","kupatilo, toalet, kuhinja, ostava ",prazno ,,pre 1 dan ,42.000,Debeljača,"Debeljača, Okolne lokacije, Kovačica","1-etažna kuća na prodaju, Debeljača, 42.000€, 100m² - 4zida",2023-08-08,Seoska kuća ,1,4 sobe ,"telefon, Kanalizacija ",1980,gradska voda ,,,
22,https://www.4zida.rs/prodaja-kuca/brace-jerkovic-vozdovac-opstina-beograd/dvoetazna/64d208f54d80a8c1fb0d81fa,253 m² ,,uknjiženo ,podno grejanje ,luksuzno ,,,"dvorište, alarm, terasa, Bazen za plivanje ",kupatila (2) ,prazno ,,pre 7 sati ,620.000,Klinska,"Braće Jerković, Voždovac opština, Beograd","2-etažna kuća na prodaju, Klinska, 620.000€, 253m² - 4zida",2023-08-08,Samostalna kuća ,2,5 soba ,"kablovska, internet ",2010,,,,
23,https://www.4zida.rs/prodaja-kuca/klisa-gradske-lokacije-novi-sad/kuca/64d170d4cee5590e1f0e1f2b,450 m² ,,uknjiženo ,grejanje na gas ,uobičajeno stanje ,,,terasa ,,,3000017 ,pre 18 sati ,329.600,Klisa,"Klisa, Gradske lokacije, Novi Sad","Kuća na prodaju, Klisa, 329.600€, 450m² - 4zida",2023-08-08,,,6 soba ,,1995,,,,
24,https://www.4zida.rs/prodaja-kuca/dobanovci-surcin-opstina-beograd/kuca/64d11aa891e5152f89012735,159 m² ,8a plac ,,grejanje na gas ,uobičajeno stanje ,,,"dvorište, podrum, terasa ",kupatila (10) ,prazno ,1586 ,pre 1 dan ,170.000,Grobljanska,"Dobanovci, Surčin opština, Beograd","Kuća na prodaju, Grobljanska, 170.000€, 159m² - 4zida",2023-08-08,,,10 soba ,"telefon, kablovska, internet, klima ",1995,,,,
25,https://www.4zida.rs/prodaja-kuca/radijalac-gradske-lokacije-subotica/kuca/64aed287d6816600f80871db,76 m² ,,uknjiženo ,centralno grejanje ,novo ,,,terasa ,kupatila (2) ,prazno ,702 ,pre 18 sati ,90.000,Radijalac,"Radijalac, Gradske lokacije, Subotica","Kuća na prodaju, Radijalac, 90.000€, 76m² - 4zida",2023-08-08,,,3 sobe ,"telefon, kablovska, interfon, klima ",,,,,
26,https://www.4zida.rs/prodaja-kuca/lekino-brdo-vozdovac-opstina-beograd/kuca/64cfe673e0e2de064a056ccd,266 m² ,1.6a plac ,uknjiženo ,grejanje na struju ,,1 garažno mesto ,1 parking mesto ,"podrum, terasa, lođa ","kuhinja, ostava ",namešteno ,40 ,pre 1 dan ,580.000,Veselina Masleše,"Lekino Brdo, Voždovac opština, Beograd","Kuća na prodaju, Veselina Masleše, 580.000€, 266m² - 4zida",2023-08-08,,,,"kablovska, internet, interfon, TV, klima, veš mašina, sudo mašina, frižider, šporet, ležaj, Kanalizacija ",2005,,,,
27,https://www.4zida.rs/prodaja-kuca/stara-carsija-gradske-lokacije-kraljevo/jednoetazna/64cfe0c9f9a2c287b9028a54,86 m² ,3a plac ,uknjiženo ,podno grejanje ,renovirano ,1 garažno mesto ,,"dvorište, terasa ","kupatilo, kuhinja ",namešteno ,,pre 1 dan ,95.000,Stara Čaršija,"Stara Čaršija, Gradske lokacije, Kraljevo","1-etažna kuća na prodaju, Stara Čaršija, 95.000€, 86m² - 4zida",2023-08-08,Samostalna kuća ,1,4 sobe ,"telefon, kablovska, TV, klima, veš mašina, kuhinjski elementi, sudo mašina, frižider, zamrzivač, rerna, ležaj, ugradni plakar, Kanalizacija ",2010,gradska voda ,,istok ,
28,https://www.4zida.rs/prodaja-kuca/verusic-okolne-lokacije-subotica/jednoetazna/64d09a44bd23e7f246089768,141 m² ,550a plac ,uknjiženo ,centralno grejanje ,renovirano ,,,"dvorište, alarm, podrum, terasa ","kupatilo, kuhinja, ostava ",prazno ,,pre 23 sati ,270.000,Stari Žednik Salaši 458,"Verušić, Okolne lokacije, Subotica","1-etažna kuća na prodaju, Stari Žednik Salaši 458, 270.000€, 141m² - 4zida",2023-08-08,Seoska kuća ,1,2 sobe ,,,,,,
29,https://www.4zida.rs/prodaja-kuca/deronje-okolne-lokacije-odzaci/kuca/64d0b79a3f9a45d74006f2c8,109 m² ,90a plac ,,,,,,,,prazno ,1189 ,pre 1 dan ,50.000,Deronje,"Deronje, Okolne lokacije, Odžaci","Kuća na prodaju, Deronje, 50.000€, 109m² - 4zida",2023-08-08,,,,,,,,,
30,https://www.4zida.rs/prodaja-kuca/novi-grad-gradske-lokacije-subotica/jednoetazna/64d0f084c8359f54060c33d9,300 m² ,6.01a plac ,,grejanje na struju ,,,1 parking mesto ,,toalet ,,1037 ,pre 1 dan ,69.000,Novi Grad,"Novi Grad, Gradske lokacije, Subotica","1-etažna kuća na prodaju, Novi Grad, 69.000€, 300m² - 4zida",2023-08-08,,1,2 sobe ,telefon ,,,,,
31,https://www.4zida.rs/prodaja-kuca/gradske-lokacije-temerin/troeatazna/64d2332e5e828a565b03470a,350 m² ,6a plac ,uknjiženo ,grejanje na gas ,,1 garažno mesto ,1 parking mesto ,"tavan, podrum, terase (3",kupatila (3,polunamešteno ,513538 ,pre 4 sata ,247.200,Baranji Karolja,"Gradske lokacije, Temerin","3-etažna kuća na prodaju, Baranji Karolja, 247.200€, 350m² - 4zida",2023-08-08,Samostalna kuća ,3,7 soba ,Kanalizacija ,,gradska voda ,,,
32,https://www.4zida.rs/prodaja-kuca/gradske-lokacije-srbobran/kuca/64d24193d1626165c70d0c0b,80 m² ,6.31a plac ,uknjiženo ,grejanje na gas ,,,1 parking mesto ,,,polunamešteno ,2583 ,pre 3 sata ,38.100,Gradske lokacije,"Gradske lokacije, Srbobran","Kuća na prodaju, Gradske lokacije, 38.100€, 80m² - 4zida",2023-08-08,,,,,,,,,
33,https://www.4zida.rs/prodaja-kuca/korman-okolne-lokacije-sabac/jednoetazna/64d0f1444c5e6eb1530172e6,42 m² ,45a plac ,uknjiženo ,,potrebno renoviranje ,,,,,,376 ,pre 9 sati ,15.000,Korman,"Korman, Okolne lokacije, Šabac","1-etažna kuća na prodaju, Korman, 15.000€, 42m² - 4zida",2023-08-08,Samostalna kuća ,1,1 soba ,,,,,,
34,https://www.4zida.rs/prodaja-kuca/gornja-satornja-okolne-lokacije-topola/kuca/64d09bdd1eb521456600c22d,49 m² ,12.29a plac ,,,renovirano ,,1 parking mesto ,,,namešteno ,3612 ,pre 1 dan ,35.000,Krćevac,"Gornja Šatornja, Okolne lokacije, Topola","Kuća na prodaju, Krćevac, 35.000€, 49m² - 4zida",2023-08-08,,,,,,,,,
35,https://www.4zida.rs/prodaja-kuca/donje-sajlovo-sajlovo-gradske-lokacije-novi-sad/dvoetazna/64d0b6bf517ef8b8c10988d3,115 m² ,11a plac ,uknjiženo ,centralno grejanje ,renovirano ,,,terasa ,kupatila (3,,497066 ,pre 1 dan ,360.500,Sajlovo,"Donje Sajlovo, Sajlovo, Gradske lokacije, Novi Sad","2-etažna kuća na prodaju, Sajlovo, 360.500€, 115m² - 4zida",2023-08-08,Samostalna kuća ,2,5 soba ,"kablovska, klima, Kanalizacija ",,,,,
36,https://www.4zida.rs/prodaja-kuca/aqua-park-gradske-lokacije-jagodina/kuca/64d0c5c87c7bdb377b0a4000,126 m² ,4.64a plac ,uknjiženo ,,,,,"podrum, terasa ",,prazno ,7303 ,pre 1 dan ,150.000,Aqua Park,"Aqua Park, Gradske lokacije, Jagodina","Kuća na prodaju, Aqua Park, 150.000€, 126m² - 4zida",2023-08-08,,,,,,,,,
37,https://www.4zida.rs/prodaja-kuca/kertvaros-gradske-lokacije-subotica/jednoetazna/64d1283cb9ba124c630dfaf5,73 m² ,2a plac ,uknjiženo ,grejanje na gas ,održavano ,,,tavan ,"kupatila (2), toaleti (2), kuhinja, ostava ",prazno ,,pre 23 sati ,60.999,Kertvaroš,"Kertvaroš, Gradske lokacije, Subotica","1-etažna kuća na prodaju, Kertvaroš, 60.999€, 73m² - 4zida",2023-08-08,Dvojna kuća ,1,3 sobe ,"telefon, kablovska, Kanalizacija ",1940,gradska voda ,ulicu ,istok ,
38,https://www.4zida.rs/prodaja-kuca/banatska-palanka-okolne-lokacije-bela-crkva/jednoetazna/64d21f243af59ac2c20f1392,44 m² ,9.93a plac ,uknjiženo ,,uobičajeno stanje ,,,dvorište ,"kuhinja, ostava ",,,pre 6 sati ,25.000,Banatska Palanka,"Banatska Palanka, Okolne lokacije, Bela Crkva","1-etažna kuća na prodaju, Banatska Palanka, 25.000€, 44m² - 4zida",2023-08-08,Samostalna kuća ,1,2 sobe ,"telefon, kablovska ",,,,,
39,https://www.4zida.rs/prodaja-kuca/kudeljarski-nasip-gradske-lokacije-pancevo/dvoetazna/64d26a909c8001af780c3a5c,188 m² ,4.8a plac ,delimično uknjiženo ,podno grejanje ,u izgradnji ,,,,kupatilo ,prazno ,,pre 42 minuta ,85.000,Kudeljarski Nasip,"Kudeljarski Nasip, Gradske lokacije, Pančevo","2-etažna kuća na prodaju, Kudeljarski Nasip, 85.000€, 188m² - 4zida",2023-08-08,Samostalna kuća ,2,4 sobe ,,,gradska voda ,,,
40,https://www.4zida.rs/prodaja-kuca/brace-jerkovic-vozdovac-opstina-beograd/dvoetazna/64d202ad1a5a1b602706fec3,253 m² ,5a plac ,uknjiženo ,podno grejanje ,renovirano ,,,"dvorište, podrum, terasa ",kupatila (2) ,namešteno ,,pre 8 sati ,620.000,Braće Jerković,"Braće Jerković, Voždovac opština, Beograd","2-etažna kuća na prodaju, Braće Jerković, 620.000€, 253m² - 4zida",2023-08-08,Samostalna kuća ,2,5 soba ,"kablovska, klima, Kanalizacija ",,,,,
41,https://www.4zida.rs/prodaja-kuca/gradske-lokacije-indjija/dvoetazna/64cc12c368279cfd9308a14b,350 m² ,,uknjiženo ,centralno grejanje ,,1 garažno mesto ,,"tavan, terase (3","kupatila (2), toalet, kuhinja, ostava ",namešteno ,,pre 1 dan ,155.000,Branislava nusica 6,"Gradske lokacije, Inđija","2-etažna kuća na prodaju, Branislava nusica 6, 155.000€, 350m² - 4zida",2023-08-08,Samostalna kuća ,2,8 soba ,"TV, klima, kuhinjski elementi, sudo mašina, frižider, zamrzivač, mikrotalasna rerna, rerna, šporet, ležaj, plakar, ugradni plakar, Kanalizacija ",2000,,,,
42,https://www.4zida.rs/prodaja-kuca/kelebija-gradske-lokacije-subotica/kuca/64d0d980317631b1940bbcf5,119 m² ,37.99a plac ,,,,1 garažno mesto ,1 parking mesto ,terasa ,ostava ,prazno ,208 ,pre 1 dan ,57.000,Kelebija,"Kelebija, Gradske lokacije, Subotica","Kuća na prodaju, Kelebija, 57.000€, 119m² - 4zida",2023-08-08,,,,"kablovska, internet ",2002,,,,
43,https://www.4zida.rs/prodaja-kuca/kamenjak-gradske-lokacije-sabac/dvoetazna/64d12282705691ae6d08884b,313 m² ,403a plac ,uknjiženo ,grejanje na gas ,potrebno renoviranje ,1 garažno mesto ,,terasa ,kupatilo ,prazno ,,pre 23 sati ,135.000,Kamenjak,"Kamenjak, Gradske lokacije, Šabac","2-etažna kuća na prodaju, Kamenjak, 135.000€, 313m² - 4zida",2023-08-08,Samostalna kuća ,2,4 sobe ,,,,,,
44,https://www.4zida.rs/prodaja-kuca/radnicko-naselje-gradske-lokacije-leskovac/jednoetazna/64d207c1e96fd35ce60efacf,71 m² ,,uknjiženo ,,uobičajeno stanje ,1 garažno mesto ,,,"kupatilo, toalet ",,p,pre 7 sati ,42.000,27.marta,"Radničko Naselje, Gradske lokacije, Leskovac","1-etažna kuća na prodaju, 27.marta, 42.000€, 71m² - 4zida",2023-08-08,,1,3 sobe ,,,,,,
45,https://www.4zida.rs/prodaja-kuca/rakovac-okolne-lokacije-beocin/dvoetazna/64d256246489f6a6350d0a7f,102 m² ,10a plac ,uknjiženo ,centralno grejanje ,luksuzno ,,,,,namešteno ,,pre 2 sata ,268.000,Rakovac,"Rakovac, Okolne lokacije, Beočin","2-etažna kuća na prodaju, Rakovac, 268.000€, 102m² - 4zida",2023-08-08,Samostalna kuća ,2,3 sobe ,,,,,,
46,https://www.4zida.rs/prodaja-kuca/cerevic-okolne-lokacije-beocin/jednoetazna/64d0fde1bef4d097cf0c72ef,364 m² ,1985a plac ,uknjiženo ,,,,,,,,495545 ,pre 1 dan ,206.000,Čerević,"Čerević, Okolne lokacije, Beočin","1-etažna kuća na prodaju, Čerević, 206.000€, 364m² - 4zida",2023-08-08,Seoska kuća ,1,7 soba ,"telefon, kablovska ",,,,,
47,https://www.4zida.rs/prodaja-kuca/novi-slankamen-okolne-lokacije-indjija/kuca/64d22fa620d4259f4f08d026,425 m² ,,uknjiženo ,,,1 garažno mesto ,1 parking mesto ,terasa ,ostava ,prazno ,19383 ,pre 4 sata ,250.000,Živojina Mišića,"Novi Slankamen, Okolne lokacije, Inđija","Kuća na prodaju, Živojina Mišića, 250.000€, 425m² - 4zida",2023-08-08,,,,"interfon, klima, Kanalizacija ",,,,,
48,https://www.4zida.rs/prodaja-kuca/mladenovac-centar-mladenovac-opstina-beograd/dvoetazna/64cfe67c75d69613ad090877,200 m² ,2.83a plac ,uknjiženo ,grejanje na gas ,,1 garažno mesto ,,"tavan, terase (2) ","kuhinja, ostava ",prazno ,,pre 1 dan ,120.000,Sretena Lomića,"Mladenovac centar, Mladenovac opština, Beograd","2-etažna kuća na prodaju, Sretena Lomića, 120.000€, 200m² - 4zida",2023-08-08,Samostalna kuća ,2,5 soba ,Kanalizacija ,,,,,
49,https://www.4zida.rs/prodaja-kuca/centar-2-gradske-lokacije-subotica/jednoetazna/64d0c6777c7bdb377b0a4048,37 m² ,1a plac ,,,,,,,kupatilo ,,23,pre 2 sata ,31.500,Centar 2,"Centar 2, Gradske lokacije, Subotica","1-etažna kuća na prodaju, Centar 2, 31.500€, 37m² - 4zida",2023-08-08,,1,1 soba ,,,,,,
50,https://www.4zida.rs/prodaja-kuca/tresnja-sopot-opstina-beograd/kuca/64d0c1dd7c7bdb377b0a3f1a,48 m² ,,uknjiženo ,kaljeva peć ,održavano ,,1 parking mesto ,,,,5260 ,pre 57 minuta ,45.000,Put za Bošnjake 3.deo,"Trešnja, Sopot opština, Beograd","Kuća na prodaju, Put za Bošnjake 3.deo, 45.000€, 48m² - 4zida",2023-08-08,,,2 sobe ,"kablovska, TV ",,,,,
51,https://www.4zida.rs/prodaja-kuca/aleksandrovo-gradske-lokacije-subotica/kuca/64d2325e20d4259f4f08d0d8,178 m² ,,,,,,,,kupatila (2) ,,770288 ,pre 4 sata ,130.000,Aleksandrovo,"Aleksandrovo, Gradske lokacije, Subotica","Kuća na prodaju, Aleksandrovo, 130.000€, 178m² - 4zida",2023-08-08,,,5 soba ,telefon ,,,,,
52,https://www.4zida.rs/prodaja-kuca/sumica-gradske-lokacije-zrenjanin/jednoetazna/64d2304920d4259f4f08d04d,90 m² ,4a plac ,,,,,,terasa ,kupatilo ,,12611482 ,pre 4 sata ,57.000,Šumica,"Šumica, Gradske lokacije, Zrenjanin","1-etažna kuća na prodaju, Šumica, 57.000€, 90m² - 4zida",2023-08-08,,1,,,,,,,
53,https://www.4zida.rs/prodaja-kuca/paragovo-sremska-kamenica-gradske-lokacije-novi-sad/kuca/64d214dad6feae4fa501bd89,340 m² ,,uknjiženo ,etažno grejanje ,uobičajeno stanje ,,,,,,3003479 ,pre 6 sati ,435.000,Paragovo,"Paragovo, Sremska Kamenica, Gradske lokacije, Novi Sad","Kuća na prodaju, Paragovo, 435.000€, 340m² - 4zida",2023-08-08,,,7 soba ,,,,,,
54,https://www.4zida.rs/prodaja-kuca/aleksandrovo-gradske-lokacije-subotica/kuca/64d16d51cee5590e1f0e1eaf,170 m² ,5.15a plac ,uknjiženo ,etažno grejanje ,novo ,1 garažno mesto ,1 parking mesto ,dvorište ,kupatilo ,prazno ,703 ,pre 18 sati ,135.000,Aleksandrovo,"Aleksandrovo, Gradske lokacije, Subotica","Kuća na prodaju, Aleksandrovo, 135.000€, 170m² - 4zida",2023-08-08,,,7 soba ,"telefon, kablovska, klima ",,,,,
55,https://www.4zida.rs/prodaja-kuca/branko-bjegovic-crveni-krst-gradske-lokacije-nis/dvoetazna/64cff13ddae24647ca04e599,96 m² ,3.6a plac ,u procesu uknjižavanja ,grejanje na struju ,,1 garažno mesto ,,"dvorište, podrum, terasa ","kupatila (2), kuhinja ",prazno ,,pre 1 dan ,135.000,Branko Bjegović,"Branko Bjegović, Crveni Krst, Gradske lokacije, Niš","2-etažna kuća na prodaju, Branko Bjegović, 135.000€, 96m² - 4zida",2023-08-08,Samostalna kuća ,2,6 soba ,"klima, Kanalizacija ",,gradska voda ,,,
56,https://www.4zida.rs/prodaja-kuca/letnjikovac-okolne-lokacije-sabac/dvoetazna/64d0a02a49b3ae27af027060,126 m² ,5a plac ,uknjiženo ,,,,,terasa ,"kupatilo, kuhinja, ostava ",,364 ,pre 1 dan ,45.000,Letnjikovac,"Letnjikovac, Okolne lokacije, Šabac","2-etažna kuća na prodaju, Letnjikovac, 45.000€, 126m² - 4zida",2023-08-08,Samostalna kuća ,2,3 sobe ,Kanalizacija ,,,,,
57,https://www.4zida.rs/prodaja-kuca/sumica-gradske-lokacije-zrenjanin/jednoetazna/64d223bee1a0f0352b02120e,115 m² ,5a plac ,u procesu uknjižavanja ,grejanje na gas ,renovirano ,,,"dvorište, tavan, terasa ",kupatilo ,namešteno ,PU1025 ,pre 5 sati ,57.000,Šumica,"Šumica, Gradske lokacije, Zrenjanin","1-etažna kuća na prodaju, Šumica, 57.000€, 115m² - 4zida",2023-08-08,Samostalna kuća ,1,3 sobe ,"kablovska, Kanalizacija ",,gradska voda ,,,Optički 
58,https://www.4zida.rs/prodaja-kuca/pregrevica-zemun-zemun-opstina-beograd/kuca/64d0f27ec8359f54060c344e,45 m² ,,uknjiženo ,etažno grejanje ,,,,,kupatilo ,prazno ,2135 ,pre 1 dan ,85.000,Pregrevica,"Pregrevica, Zemun, Zemun opština, Beograd","Kuća na prodaju, Pregrevica, 85.000€, 45m² - 4zida",2023-08-08,,,2 sobe ,"telefon, interfon ",,,,,
59,https://www.4zida.rs/prodaja-kuca/bikovo-okolne-lokacije-subotica/jednoetazna/64d0c6a27c7bdb377b0a404e,61 m² ,3905a plac ,,,,1 garažno mesto ,,,kupatilo ,,23,pre 2 sata ,13.000,Bikovo,"Bikovo, Okolne lokacije, Subotica","1-etažna kuća na prodaju, Bikovo, 13.000€, 61m² - 4zida",2023-08-08,,1,2 sobe ,,,,,,
60,https://www.4zida.rs/prodaja-kuca/zeljeznicko-naselje-gradske-lokacije-subotica/jednoetazna/64d0ef264c5e6eb1530172b8,85 m² ,6.8a plac ,delimično uknjiženo ,grejanje na struju ,uobičajeno stanje ,,,,,,8585 ,pre 1 dan ,53.000,Željezničkpo,"Željezničko Naselje, Gradske lokacije, Subotica","1-etažna kuća na prodaju, Željezničkpo, 53.000€, 85m² - 4zida",2023-08-08,Samostalna kuća ,1,3 sobe ,klima ,,,,,
61,https://www.4zida.rs/prodaja-kuca/mali-mokri-lug-zvezdara-opstina-beograd/dvoetazna/64d132da639879142e0a4f1b,95 m² ,4.3a plac ,uknjiženo ,grejanje na struju ,novo ,,,dvorište ,kupatilo ,,85664 ,pre 22 sati ,130.000,15. Februara,"Mali Mokri Lug, Zvezdara opština, Beograd","2-etažna kuća na prodaju, 15. Februara, 130.000€, 95m² - 4zida",2023-08-08,,2,3 sobe ,telefon ,,,,,
62,https://www.4zida.rs/prodaja-kuca/popovica-sremska-kamenica-gradske-lokacije-novi-sad/dvoetazna/64d2322e09203723080c8fa1,76 m² ,11a plac ,uknjiženo ,grejanje na gas ,uobičajeno stanje ,,,"podrum, terasa ","kupatilo, toalet, kuhinja, ostava ",prazno ,512651 ,pre 4 sata ,236.900,Fruškogorski put,"Popovica, Sremska Kamenica, Gradske lokacije, Novi Sad","2-etažna kuća na prodaju, Fruškogorski put, 236.900€, 76m² - 4zida",2023-08-08,Samostalna kuća ,2,4 sobe ,"telefon, kablovska ",,gradska voda ,,,
63,https://www.4zida.rs/prodaja-kuca/bukovicka-banja-gradske-lokacije-arandjelovac/jednoetazna/64d237b0108d37dd790cb280,174 m² ,10a plac ,uknjiženo ,podno grejanje ,luksuzno ,,3 parking mesta ,terasa ,"kupatilo, toalet ",prazno ,EXTRA LUX RENOVIRANA KUCA SA GARAZOM,pre 4 sata ,198.000,Bukovička Banja,"Bukovička Banja, Gradske lokacije, Aranđelovac","1-etažna kuća na prodaju, Bukovička Banja, 198.000€, 174m² - 4zida",2023-08-08,Samostalna kuća ,1,4 sobe ,,,,,,
64,https://www.4zida.rs/prodaja-kuca/tabanovic-okolne-lokacije-sabac/dvoetazna/64d233e740349c8a41046274,399 m² ,21a plac ,uknjiženo ,centralno grejanje ,,,,"dvorište, terase (2) ","kupatila (2), toaleti (2), kuhinja, ostava ",,377 ,pre 4 sata ,94.000,Tabanović,"Tabanović, Okolne lokacije, Šabac","2-etažna kuća na prodaju, Tabanović, 94.000€, 399m² - 4zida",2023-08-08,Domaćinstvo ,2,4 sobe ,"klima, kuhinjski elementi, ležaj, Kanalizacija ",,,,,
65,https://www.4zida.rs/prodaja-kuca/rakovac-okolne-lokacije-beocin/jednoetazna/64d25a63bd19ca7cb708f096,91 m² ,6a plac ,uknjiženo ,etažno grejanje ,,,1 parking mesto ,,"kuhinja, ostava ",namešteno ,,pre 1 sat ,318.000,Rakovac,"Rakovac, Okolne lokacije, Beočin","1-etažna kuća na prodaju, Rakovac, 318.000€, 91m² - 4zida",2023-08-08,Samostalna kuća ,1,3 sobe ,"kablovska, internet, TV, klima, veš mašina, kuhinjski elementi, sudo mašina, frižider, rerna, šporet, ležaj, plakar, Kanalizacija ",,,,,
66,https://www.4zida.rs/prodaja-kuca/zmajevo-okolne-lokacije-vrbas/kuca/64d2308c20d4259f4f08d05e,224 m² ,,uknjiženo ,,uobičajeno stanje ,,,,,,3045830 ,pre 4 sata ,56.650,Zmajevo,"Zmajevo, Okolne lokacije, Vrbas","Kuća na prodaju, Zmajevo, 56.650€, 224m² - 4zida",2023-08-08,,,4 sobe ,,,,,,
67,https://www.4zida.rs/prodaja-kuca/banstol-vikend-naselje-okolne-lokacije-indjija/kuca/64819ba1aeeef4e2700d2a31,164 m² ,,uknjiženo ,grejanje na gas ,u izgradnji ,,,terasa ,,,3045600 ,pre 2 meseca ,267.800,Banstol - Vikend Naselje,"Banstol - Vikend Naselje, Okolne lokacije, Inđija","Kuća na prodaju, Banstol - Vikend Naselje, 267.800€, 164m² - 4zida",2023-08-08,,,4 sobe ,,,,,,
68,https://www.4zida.rs/prodaja-kuca/kelebija-gradske-lokacije-subotica/jednoetazna/64d0bcb6be46afb409084c7c,119 m² ,45.72a plac ,uknjiženo ,etažno grejanje ,,2 garažna mesta ,,"dvorište, alarm, terasa ",kupatilo ,prazno ,8583 ,pre 1 dan ,57.000,Kelebija,"Kelebija, Gradske lokacije, Subotica","1-etažna kuća na prodaju, Kelebija, 57.000€, 119m² - 4zida",2023-08-08,Samostalna kuća ,1,3 sobe ,"telefon, internet ",2000,bunarska voda ,,,Optički 
69,https://www.4zida.rs/prodaja-kuca/mali-bajmok-gradske-lokacije-subotica/dvoetazna/64d0aac7979b81f83c089711,146 m² ,5.94a plac ,uknjiženo ,etažno grejanje ,,1 garažno mesto ,,"dvorište, tavan, podrum, terasa ","kupatilo, toalet ",prazno ,8576 ,pre 1 dan ,120.000,Mali Bajmok,"Mali Bajmok, Gradske lokacije, Subotica","2-etažna kuća na prodaju, Mali Bajmok, 120.000€, 146m² - 4zida",2023-08-08,Samostalna kuća ,2,4 sobe ,Kanalizacija ,,gradska voda ,,,
70,https://www.4zida.rs/prodaja-kuca/gospodjinci-okolne-lokacije-zabalj/kuca/64819b4daeeef4e2700d2a0d,100 m² ,,uknjiženo ,,uobičajeno stanje ,,,,,,3045348 ,pre 2 meseca ,41.200,Gospođinci,"Gospođinci, Okolne lokacije, Žabalj","Kuća na prodaju, Gospođinci, 41.200€, 100m² - 4zida",2023-08-08,,,3 sobe ,,,,,,
71,https://www.4zida.rs/prodaja-kuca/futog-okolne-lokacije-novi-sad/kuca/64d0fc2544c91cba70057cfa,167 m² ,,uknjiženo ,centralno grejanje ,uobičajeno stanje ,,,terasa ,,,3002836 ,pre 1 dan ,175.100,Futog,"Futog, Okolne lokacije, Novi Sad","Kuća na prodaju, Futog, 175.100€, 167m² - 4zida",2023-08-08,,,6 soba ,,,,,,
72,https://www.4zida.rs/prodaja-kuca/obrenovac-obrenovac-opstina-beograd/kuca/64d10bb5ce4cf7b47d04f973,63 m² ,,uknjiženo ,grejanje na struju ,potrebno renoviranje ,,,,,,8818 ,pre 1 dan ,36.000,Gardoška,"Obrenovac, Obrenovac opština, Beograd","Kuća na prodaju, Gardoška, 36.000€, 63m² - 4zida",2023-08-08,,,5 soba ,,,,,,
73,https://www.4zida.rs/prodaja-kuca/popovica-sremska-kamenica-gradske-lokacije-novi-sad/kuca/64d214e1d6feae4fa501bd8c,114 m² ,,uknjiženo ,,uobičajeno stanje ,,,,,,3003407 ,pre 6 sati ,397.000,Popovica,"Popovica, Sremska Kamenica, Gradske lokacije, Novi Sad","Kuća na prodaju, Popovica, 397.000€, 114m² - 4zida",2023-08-08,,,4 sobe ,,,,,,
74,https://www.4zida.rs/prodaja-kuca/centar-gradske-lokacije-valjevo/dvoetazna/64d10ed90d903e674f028df9,300 m² ,,uknjiženo ,,,,,,,prazno ,,pre 20 sati ,333.000,Centar,"Centar, Gradske lokacije, Valjevo","2-etažna kuća na prodaju, Centar, 333.000€, 300m² - 4zida",2023-08-08,Samostalna kuća ,2,5 soba ,,,,,,
75,https://www.4zida.rs/prodaja-kuca/nova-kolonija-gradske-lokacije-zrenjanin/dvoetazna/64d23163339929033207c655,150 m² ,4a plac ,uknjiženo ,centralno grejanje ,renovirano ,1 garažno mesto ,,"dvorište, tavan, podrum, terase (2), lođa ","kupatilo, ostava ",prazno ,PU1026 ,pre 4 sata ,60.000,Nova kolonija,"Nova kolonija, Gradske lokacije, Zrenjanin","2-etažna kuća na prodaju, Nova kolonija, 60.000€, 150m² - 4zida",2023-08-08,Samostalna kuća ,2,5 soba ,"kablovska, interfon, klima, Kanalizacija ",,,,,Optički 
76,https://www.4zida.rs/prodaja-kuca/tatarsko-brdo-sremska-kamenica-gradske-lokacije-novi-sad/dvoetazna/64d0c7cf2eb0eed2de0e5ff5,260 m² ,840a plac ,uknjiženo ,grejanje na gas ,novo ,,,,,,351744 ,pre 1 dan ,618.000,Tatarsko Brdo,"Tatarsko Brdo, Sremska Kamenica, Gradske lokacije, Novi Sad","2-etažna kuća na prodaju, Tatarsko Brdo, 618.000€, 260m² - 4zida",2023-08-08,Vikendica ,2,4 sobe ,,,,,,
77,https://www.4zida.rs/prodaja-kuca/tornik-okolne-lokacije-zlatibor/dvoetazna/64cfd00347daac4af10023db,150 m² ,5a plac ,uknjiženo ,grejanje na struju ,luksuzno ,1 garažno mesto ,,terasa ,kupatilo ,prazno ,,pre 2 dana ,110.000,Bbb Bb,"Tornik, Okolne lokacije, Zlatibor","2-etažna kuća na prodaju, Bbb Bb, 110.000€, 150m² - 4zida",2023-08-08,Dvojna kuća ,2,5 soba ,,,,,,
78,https://www.4zida.rs/prodaja-kuca/koracica-mladenovac-opstina-beograd/jednoetazna/64d1372d639879142e0a4fed,59 m² ,11a plac ,uknjiženo ,grejanje na struju ,potrebno renoviranje ,1 garažno mesto ,,terasa ,,prazno ,66741 ,pre 22 sati ,20.000,"Cerje, Oglavci","Koraćica, Mladenovac opština, Beograd","1-etažna kuća na prodaju, Cerje, Oglavci, 20.000€, 59m² - 4zida",2023-08-08,,1,,,,,,,
79,https://www.4zida.rs/prodaja-kuca/curug-okolne-lokacije-zabalj/kuca/64819b8faeeef4e2700d2a25,80 m² ,,uknjiženo ,,uobičajeno stanje ,,,,,,3045556 ,pre 2 meseca ,38.110,Čurug,"Čurug, Okolne lokacije, Žabalj","Kuća na prodaju, Čurug, 38.110€, 80m² - 4zida",2023-08-08,,,2 sobe ,,,,,,
80,https://www.4zida.rs/prodaja-kuca/platicevo-okolne-lokacije-ruma/dvoetazna/64d0cd77e83525b69902ed77,250 m² ,10a plac ,uknjiženo ,centralno grejanje ,renovirano ,2 garažna mesta ,,"dvorište, terase (2) ","kupatilo, toalet, kuhinja, ostava ",prazno ,,pre 1 dan ,55.000,Platičevo,"Platičevo, Okolne lokacije, Ruma","2-etažna kuća na prodaju, Platičevo, 55.000€, 250m² - 4zida",2023-08-08,Seoska kuća ,2,5 soba ,"kablovska, TV, klima, Kanalizacija ",1980,gradska voda ,"ulicu, dvorište ",,
81,https://www.4zida.rs/prodaja-kuca/stara-radnicka-kolonija-gradske-lokacije-kragujevac/jednoetazna/64d13abbdaf98e8e1b0742c4,69 m² ,,uknjiženo ,grejanje na struju ,uobičajeno stanje ,,,"dvorište, terasa ",kupatilo ,namešteno ,,pre 8 sati ,33.000,S.C.Babović,"Stara Radnička Kolonija, Gradske lokacije, Kragujevac","1-etažna kuća na prodaju, S.C.Babović, 33.000€, 69m² - 4zida",2023-08-08,Kuća u nizu ,1,2 sobe ,klima ,,,,,
82,https://www.4zida.rs/prodaja-kuca/veternik-gradske-lokacije-novi-sad/kuca/64d0aef655ccc4af3c0d0e3a,180 m² ,3.65a plac ,uknjiženo ,grejanje na gas ,renovirano ,1 garažno mesto ,1 parking mesto ,terasa ,"kuhinja, ostava ",namešteno ,2605 ,pre 9 sati ,185.400,Veternik,"Veternik, Gradske lokacije, Novi Sad","Kuća na prodaju, Veternik, 185.400€, 180m² - 4zida",2023-08-08,,,,"kablovska, internet, interfon, klima, veš mašina, frižider, šporet, ležaj, Kanalizacija ",,,,,
83,https://www.4zida.rs/prodaja-kuca/golubinci-okolne-lokacije-stara-pazova/jednoetazna/64d0d2fb9e5d4497f20d5f64,100 m² ,22a plac ,uknjiženo ,grejanje na gas ,potrebno renoviranje ,,,dvorište ,"kupatilo, toalet, kuhinja, ostava ",prazno ,,pre 9 sati ,26.000,Golubinci,"Golubinci, Okolne lokacije, Stara Pazova","1-etažna kuća na prodaju, Golubinci, 26.000€, 100m² - 4zida",2023-08-08,Samostalna kuća ,1,4 sobe ,,1960,gradska voda ,,,
84,https://www.4zida.rs/prodaja-kuca/popovica-sremska-kamenica-gradske-lokacije-novi-sad/jednoetazna/64d1280f35f6d15b6e05f660,31 m² ,10a plac ,uknjiženo ,grejanje na struju ,uobičajeno stanje ,,,"dvorište, terasa ",toalet ,prazno ,512139 ,pre 23 sati ,257.500,Popovica,"Popovica, Sremska Kamenica, Gradske lokacije, Novi Sad","1-etažna kuća na prodaju, Popovica, 257.500€, 31m² - 4zida",2023-08-08,Vikendica ,1,2 sobe ,,,,,,
85,https://www.4zida.rs/prodaja-kuca/zeljeznicko-naselje-gradske-lokacije-subotica/kuca/64d0f2d6c8359f54060c347c,188 m² ,9.7a plac ,uknjiženo ,centralno grejanje ,uobičajeno stanje ,1 garažno mesto ,,"tavan, podrum, terasa ",kupatila (2) ,prazno ,1372 ,pre 1 dan ,68.000,Željezničko Naselje,"Željezničko Naselje, Gradske lokacije, Subotica","Kuća na prodaju, Željezničko Naselje, 68.000€, 188m² - 4zida",2023-08-08,,,4 sobe ,telefon ,1980,,,,
86,https://www.4zida.rs/prodaja-kuca/zemun-zemun-opstina-beograd/kuca/64d25d3c383c214a090efc1f,623 m² ,,uknjiženo ,etažno grejanje ,uobičajeno stanje ,,,,,,8828 ,pre 1 sat ,700.000,Slavonska,"Zemun, Zemun opština, Beograd","Kuća na prodaju, Slavonska, 700.000€, 623m² - 4zida",2023-08-08,,,5 soba ,,,,,,
87,https://www.4zida.rs/prodaja-kuca/gradske-lokacije-vrbas/troeatazna/64d22b116c4fed60a00adbc7,287 m² ,6a plac ,uknjiženo ,,,1 garažno mesto ,,"tavan, terase (3","kupatila (2), toaleti (2) ",,,pre 4 sata ,128.500,Gojka Vojnovica 44,"Gradske lokacije, Vrbas","3-etažna kuća na prodaju, Gojka Vojnovica 44, 128.500€, 287m² - 4zida",2023-08-08,Samostalna kuća ,3,12 soba ,Kanalizacija ,1990,gradska voda ,,,
88,https://www.4zida.rs/prodaja-kuca/krusedol-prnjavor-okolne-lokacije-irig/jednoetazna/64cffed7ad2c8561bc02b085,45 m² ,,,centralno grejanje ,,,,,,,3003442 ,pre 1 dan ,154.500,Krušedol Prnjavor,"Krušedol Prnjavor, Okolne lokacije, Irig","1-etažna kuća na prodaju, Krušedol Prnjavor, 154.500€, 45m² - 4zida",2023-08-08,,1,,,2020,,,,
89,https://www.4zida.rs/prodaja-kuca/gradske-lokacije-bogatic/kuca/64d2360620d4259f4f08d1a3,220 m² ,20a plac ,,,,,,,,namešteno ,1811 ,pre 4 sata ,46.500,Gradske lokacije,"Gradske lokacije, Bogatić","Kuća na prodaju, Gradske lokacije, 46.500€, 220m² - 4zida",2023-08-08,,,,,,,,,
90,https://www.4zida.rs/prodaja-kuca/padinska-skela-palilula-opstina-beograd/dvoetazna/64d13a4adaf98e8e1b0742b4,197 m² ,3a plac ,uknjiženo ,TA peć ,,1 garažno mesto ,,"tavan, podrum, terasa ","kupatila (2), kuhinja, ostava ",prazno ,,pre 22 sati ,85.000,Dejana Smiljkovića,"Padinska Skela, Palilula opština, Beograd","2-etažna kuća na prodaju, Dejana Smiljkovića, 85.000€, 197m² - 4zida",2023-08-08,Samostalna kuća ,2,5 soba ,"telefon, kablovska, Kanalizacija ",2010,gradska voda ,,,Kablovska 
91,https://www.4zida.rs/prodaja-kuca/ljuljaci-okolne-lokacije-knic/dvoetazna/64d1ed235c026f0d4d03fba2,150 m² ,450a plac ,uknjiženo ,,uobičajeno stanje ,,,,,namešteno ,,pre 8 sati ,50.000,nama ulice bb,"Ljuljaci, Okolne lokacije, Knić","2-etažna kuća na prodaju, nama ulice bb, 50.000€, 150m² - 4zida",2023-08-08,Imanje ,2,5 soba ,,,,,,
92,https://www.4zida.rs/prodaja-kuca/karagaca-petrovaradin-gradske-lokacije-novi-sad/jednoetazna/64d1235f1af48241020a9078,82 m² ,5a plac ,uknjiženo ,grejanje na struju ,novo ,1 garažno mesto ,,"dvorište, tavan, terasa, lođa ","kupatilo, toaleti (2), kuhinja, ostava ",namešteno ,,pre 8 sati ,190.000,Karagača,"Karagača, Petrovaradin, Gradske lokacije, Novi Sad","1-etažna kuća na prodaju, Karagača, 190.000€, 82m² - 4zida",2023-08-08,Samostalna kuća ,1,3 sobe ,"telefon, kablovska, klima, centralna klima, ventilacija, veš mašina, kuhinjski elementi, frižider, zamrzivač, rerna, šporet, ležaj, plakar, ugradni plakar ",2020,gradska voda ,"ulicu, dvorište ",,Kablovska 
93,https://www.4zida.rs/prodaja-kuca/gornja-satornja-okolne-lokacije-topola/kuca/64d09d7c1eb521456600c2b6,50 m² ,5a plac ,uknjiženo ,,renovirano ,,,,"kuhinja, ostava ",namešteno ,219 ,pre 1 dan ,25.900,Gornja Šatornja,"Gornja Šatornja, Okolne lokacije, Topola","Kuća na prodaju, Gornja Šatornja, 25.900€, 50m² - 4zida",2023-08-08,,,,"TV, frižider, šporet, ležaj ",,,,,
94,https://www.4zida.rs/prodaja-kuca/kudeljarski-nasip-gradske-lokacije-pancevo/jednoetazna/64d149f8da41f47c7a07cb75,60 m² ,6a plac ,uknjiženo ,,u izgradnji ,,,,,prazno ,,pre 20 sati ,65.000,Kudeljarski Nasip,"Kudeljarski Nasip, Gradske lokacije, Pančevo","1-etažna kuća na prodaju, Kudeljarski Nasip, 65.000€, 60m² - 4zida",2023-08-08,Samostalna kuća ,1,1 soba ,,,,,,
95,https://www.4zida.rs/prodaja-kuca/stajicevo-okolne-lokacije-zrenjanin/jednoetazna/64d189a663e00d73df02f368,215 m² ,28.79a plac ,uknjiženo ,centralno grejanje ,,,1 parking mesto ,,kupatilo ,,1786 ,pre 16 sati ,46.500,"Opština Zrenjanin, Stajićevo","Stajićevo, Okolne lokacije, Zrenjanin","1-etažna kuća na prodaju, Opština Zrenjanin, Stajićevo, 46.500€, 215m² - 4zida",2023-08-08,,1,,,,,,,
96,https://www.4zida.rs/prodaja-kuca/centar-gradske-lokacije-prokuplje/dvoetazna/64d2020794e3e66466038ac4,215 m² ,5a plac ,uknjiženo ,grejanje na gas ,,,,,,prazno ,,pre 8 sati ,80.000,Centar,"Centar, Gradske lokacije, Prokuplje","2-etažna kuća na prodaju, Centar, 80.000€, 215m² - 4zida",2023-08-08,Samostalna kuća ,2,3 sobe ,,,,,,
97,https://www.4zida.rs/prodaja-kuca/visnjica-palilula-opstina-beograd/kuca/64d259bb383c214a090efb8c,212 m² ,,uknjiženo ,podno grejanje ,renovirano ,,,,,,5684 ,pre 1 sat ,285.000,Maršala Tita,"Višnjica, Palilula opština, Beograd","Kuća na prodaju, Maršala Tita, 285.000€, 212m² - 4zida",2023-08-08,,,5 soba ,,,,,,
98,https://www.4zida.rs/prodaja-kuca/aleksandrovo-gradske-lokacije-subotica/jednoetazna/637794a6278e48eeed08f52b,78 m² ,7.61a plac ,,kaljeva peć ,renovirano ,,,terasa ,kupatilo ,,1347 ,pre 3 meseca ,64.000,Aleksandrovo,"Aleksandrovo, Gradske lokacije, Subotica","1-etažna kuća na prodaju, Aleksandrovo, 64.000€, 78m² - 4zida",2023-08-08,,1,3 sobe ,"telefon, kablovska, klima ",,,,,
99,https://www.4zida.rs/prodaja-kuca/gradske-lokacije-becej/jednoetazna/64d0fce044c91cba70057d17,288 m² ,,,grejanje na gas ,,,,,,,3003444 ,pre 1 dan ,309.000,Gradske lokacije,"Gradske lokacije, Bečej","1-etažna kuća na prodaju, Gradske lokacije, 309.000€, 288m² - 4zida",2023-08-08,,1,,,1984,,,,
100,https://www.4zida.rs/prodaja-kuca/gradske-lokacije-indjija/dvoetazna/64d26a03c2c858c4bc05c9cd,150 m² ,7a plac ,uknjiženo ,centralno grejanje ,,,,"tavan, podrum, terasa ",kupatila (3,prazno ,,pre 42 minuta ,135.000,Gradske lokacije,"Gradske lokacije, Inđija","2-etažna kuća na prodaju, Gradske lokacije, 135.000€, 150m² - 4zida",2023-08-08,Kuća u nizu ,2,5 soba ,"klima, Kanalizacija ",,gradska voda ,,,
101,https://www.4zida.rs/prodaja-kuca/bajmok-okolne-lokacije-subotica/jednoetazna/64d0c6f1eea56f991a0f6f24,355 m² ,74a plac ,uknjiženo ,centralno grejanje ,održavano ,,,"dvorište, terase (3",kupatila (3,prazno ,,pre 1 dan ,165.000,Vlade Cetkovica 76,"Bajmok, Okolne lokacije, Subotica","1-etažna kuća na prodaju, Vlade Cetkovica 76, 165.000€, 355m² - 4zida",2023-08-08,Imanje ,1,6 soba ,"telefon, ventilacija ",2010,,,,ADSL 
102,https://www.4zida.rs/prodaja-kuca/gradske-lokacije-srbobran/kuca/64d0f031c8359f54060c33c4,105 m² ,5.12a plac ,uknjiženo ,centralno grejanje ,,,,,kuhinja ,namešteno ,2945 ,pre 1 dan ,62.800,Gradske lokacije,"Gradske lokacije, Srbobran","Kuća na prodaju, Gradske lokacije, 62.800€, 105m² - 4zida",2023-08-08,,,,,,,,,
103,https://www.4zida.rs/prodaja-kuca/nova-pazova-okolne-lokacije-stara-pazova/jednoetazna/64d116a3b18898338b0a37e7,80 m² ,2a plac ,uknjiženo ,grejanje na gas ,uobičajeno stanje ,,,"dvorište, tavan ","kupatilo, kuhinja, ostava ",,,pre 1 dan ,45.000,Jovana Sterije Popovića 60 60,"Nova Pazova, Okolne lokacije, Stara Pazova","1-etažna kuća na prodaju, Jovana Sterije Popovića 60 60, 45.000€, 80m² - 4zida",2023-08-08,Dvojna kuća ,1,4 sobe ,"telefon, veš mašina, kuhinjski elementi, frižider, zamrzivač, rerna, Kanalizacija ",1960,gradska voda ,ulicu ,jugozapad ,ADSL 
104,https://www.4zida.rs/prodaja-kuca/supljak-okolne-lokacije-subotica/kuca/64d0e4890c0aeff59d08b42f,122 m² ,10.9a plac ,,,,,,,,prazno ,205 ,pre 1 dan ,10.000,Šupljak,"Šupljak, Okolne lokacije, Subotica","Kuća na prodaju, Šupljak, 10.000€, 122m² - 4zida",2023-08-08,,,,,1970,,,,
105,https://www.4zida.rs/prodaja-kuca/visnjicka-banja-palilula-opstina-beograd/troeatazna/64d0ecc4f8f1332e10031660,260 m² ,,uknjiženo ,etažno grejanje ,održavano ,1 garažno mesto ,1 parking mesto ,"dvorište, terase (3",kupatila (3,prazno ,,pre 27 minuta ,300.000,Višnjička Banja,"Višnjička Banja, Palilula opština, Beograd","3-etažna kuća na prodaju, Višnjička Banja, 300.000€, 260m² - 4zida",2023-08-08,Samostalna kuća ,3,10 soba ,"telefon, kablovska, ventilacija, Kanalizacija ",2000,gradska voda ,ulicu ,,Kablovska 
106,https://www.4zida.rs/prodaja-kuca/babe-sopot-opstina-beograd/kuca/64d25007806d57a64d0cfd6b,160 m² ,14.22a plac ,uknjiženo ,etažno grejanje ,uobičajeno stanje ,1 garažno mesto ,,"dvorište, terasa ",kupatilo ,prazno ,7923 ,pre 2 sata ,110.000,Babe,"Babe, Sopot opština, Beograd","Kuća na prodaju, Babe, 110.000€, 160m² - 4zida",2023-08-08,,,3 sobe ,"telefon, internet ",,,,,
107,https://www.4zida.rs/prodaja-kuca/vrbovno-mladenovac-opstina-beograd/kuca/64d2681b8a032f421c019db3,318 m² ,,uknjiženo ,grejanje na struju ,,1 garažno mesto ,,"podrum, terasa ",,,85452 ,pre 57 minuta ,143.000,Magistralna,"Vrbovno, Mladenovac opština, Beograd","Kuća na prodaju, Magistralna, 143.000€, 318m² - 4zida",2023-08-08,,,7 soba ,,1970,,,,
108,https://www.4zida.rs/prodaja-kuca/grocka-grocka-opstina-beograd/dvoetazna/64d217d94e392170af05fc65,136 m² ,20a plac ,uknjiženo ,grejanje na struju ,novo ,,,,kupatilo ,prazno ,,pre 6 sati ,132.000,grocka,"Grocka, Grocka opština, Beograd","2-etažna kuća na prodaju, grocka, 132.000€, 136m² - 4zida",2023-08-08,Samostalna kuća ,2,3 sobe ,,,,,,
109,https://www.4zida.rs/prodaja-kuca/mrsinci-okolne-lokacije-cacak/troeatazna/5b8eb718ad850223e768535b,270 m² ,,uknjiženo ,,u izgradnji ,,,,,prazno ,,pre 4 sata ,20.000,Mršinci,"Mršinci, Okolne lokacije, Čačak","3-etažna kuća na prodaju, Mršinci, 20.000€, 270m² - 4zida",2023-08-08,Samostalna kuća ,3,5 soba ,,,,,,
110,https://www.4zida.rs/prodaja-kuca/kamenicki-park-sremska-kamenica-gradske-lokacije-novi-sad/jednoetazna/64d0f2dc75185d03f800f2a9,106 m² ,,uknjiženo ,grejanje na gas ,potrebno renoviranje ,1 garažno mesto ,,,,namešteno ,41656 ,pre 1 dan ,77.500,Kamenički Park,"Kamenički Park, Sremska Kamenica, Gradske lokacije, Novi Sad","1-etažna kuća na prodaju, Kamenički Park, 77.500€, 106m² - 4zida",2023-08-08,Samostalna kuća ,1,3 sobe ,,,,,,
111,https://www.4zida.rs/prodaja-kuca/sisatovac-okolne-lokacije-sremska-mitrovica/troeatazna/64d0db6df706eca83d0d529c,65 m² ,28a plac ,uknjiženo ,etažno grejanje ,uobičajeno stanje ,5 garažna mesta ,,"dvorište, tavan, podrum, lođa ","kupatilo, kuhinja, ostava ",prazno ,,pre 1 dan ,30.000,Školska 1a 1a,"Šišatovac, Okolne lokacije, Sremska Mitrovica","3-etažna kuća na prodaju, Školska 1a 1a, 30.000€, 65m² - 4zida",2023-08-08,Vikendica ,3,3 sobe ,"kuhinjski elementi, rerna, ležaj, Kanalizacija ",1980,gradska voda ,,,
112,https://www.4zida.rs/prodaja-kuca/grkljane-okolne-lokacije-krusevac/jednoetazna/64d01cddc22a3b4e310dadcb,50 m² ,16a plac ,u procesu uknjižavanja ,norveški radijatori ,renovirano ,,,dvorište ,kupatilo ,namešteno ,,pre 1 dan ,55.000,Selo Veliko Grkljane,"Grkljane, Okolne lokacije, Kruševac","1-etažna kuća na prodaju, Selo Veliko Grkljane, 55.000€, 50m² - 4zida",2023-08-08,Vikendica ,1,1 soba ,klima ,,gradska voda ,,,
113,https://www.4zida.rs/prodaja-kuca/novo-selo-gradske-lokacije-subotica/jednoetazna/64d0f07ec8359f54060c33d6,83 m² ,3.18a plac ,,etažno grejanje ,,,,,kupatilo ,,1523 ,pre 1 dan ,68.000,Novo Selo,"Novo Selo, Gradske lokacije, Subotica","1-etažna kuća na prodaju, Novo Selo, 68.000€, 83m² - 4zida",2023-08-08,,1,3 sobe ,"telefon, kablovska, klima ",,,,,
114,https://www.4zida.rs/prodaja-kuca/gradske-lokacije-paracin/kuca/64d0d98e317631b1940bbcfe,88 m² ,8a plac ,,,,,,,,prazno ,48 ,pre 1 dan ,40.000,Gradske lokacije,"Gradske lokacije, Paraćin","Kuća na prodaju, Gradske lokacije, 40.000€, 88m² - 4zida",2023-08-08,,,,,,,,,
115,https://www.4zida.rs/prodaja-kuca/popovica-sremska-kamenica-gradske-lokacije-novi-sad/kuca/64d117b891e5152f8901267f,180 m² ,,uknjiženo ,grejanje na gas ,uobičajeno stanje ,,,,,,3002742 ,pre 1 dan ,432.600,Popovica,"Popovica, Sremska Kamenica, Gradske lokacije, Novi Sad","Kuća na prodaju, Popovica, 432.600€, 180m² - 4zida",2023-08-08,,,5 soba ,,,,,,
116,https://www.4zida.rs/prodaja-kuca/palilula-gradske-lokacije-nis/kuca/64d0d39f317631b1940bbb8b,270 m² ,,uknjiženo ,,uobičajeno stanje ,1 garažno mesto ,,"podrum, terasa ",kuhinja ,prazno ,1072 ,pre 1 dan ,320.000,Palilula,"Palilula, Gradske lokacije, Niš","Kuća na prodaju, Palilula, 320.000€, 270m² - 4zida",2023-08-08,,,,Kanalizacija ,,,,,
117,https://www.4zida.rs/prodaja-kuca/karavukovo-okolne-lokacije-odzaci/kuca/64d0b79d3f9a45d74006f2cb,143 m² ,9.9a plac ,,,,,,,,prazno ,1188 ,pre 1 dan ,15.000,Karavukovo,"Karavukovo, Okolne lokacije, Odžaci","Kuća na prodaju, Karavukovo, 15.000€, 143m² - 4zida",2023-08-08,,,,,,,,,
118,https://www.4zida.rs/prodaja-kuca/platicevo-okolne-lokacije-ruma/kuca/64819b90aeeef4e2700d2a28,100 m² ,,uknjiženo ,,uobičajeno stanje ,,,,,,3045558 ,pre 2 meseca ,33.000,Platičevo,"Platičevo, Okolne lokacije, Ruma","Kuća na prodaju, Platičevo, 33.000€, 100m² - 4zida",2023-08-08,,,4 sobe ,,,,,,
119,https://www.4zida.rs/prodaja-kuca/zemun-zemun-opstina-beograd/kuca/64d24dd9806d57a64d0cfcf9,161 m² ,,uknjiženo ,grejanje na struju ,,,,terasa ,,,259324 ,pre 2 sata ,430.000,Sinđelićeva,"Zemun, Zemun opština, Beograd","Kuća na prodaju, Sinđelićeva, 430.000€, 161m² - 4zida",2023-08-08,,,5 soba ,,,,,,
120,https://www.4zida.rs/prodaja-kuca/ljubic-kej-gradske-lokacije-cacak/dvoetazna/64d0de8d0c0aeff59d08b317,187 m² ,5.4a plac ,uknjiženo ,grejanje na struju ,uobičajeno stanje ,,,,kupatilo ,prazno ,1181 ,pre 1 dan ,87.000,Bulevar Tanaska Rajića,"Ljubić Kej, Gradske lokacije, Čačak","2-etažna kuća na prodaju, Bulevar Tanaska Rajića, 87.000€, 187m² - 4zida",2023-08-08,,2,10 soba ,telefon ,1970,,,,
121,https://www.4zida.rs/prodaja-kuca/bukovac-gradske-lokacije-novi-sad/kuca/64d0eed3c8359f54060c3378,250 m² ,,uknjiženo ,etažno grejanje ,uobičajeno stanje ,,,,,,3090269 ,pre 1 dan ,154.500,Bukovac,"Bukovac, Gradske lokacije, Novi Sad","Kuća na prodaju, Bukovac, 154.500€, 250m² - 4zida",2023-08-08,,,5 soba ,,,,,,
122,https://www.4zida.rs/prodaja-kuca/paragovo-sremska-kamenica-gradske-lokacije-novi-sad/dvoetazna/64d23158586cad6c4f0e895a,177 m² ,6a plac ,uknjiženo ,grejanje na gas ,novo ,2 garažna mesta ,,"dvorište, alarm, terasa ","kupatila (2), toalet, kuhinja, ostava ",polunamešteno ,511068 ,pre 4 sata ,419.999,Vinska,"Paragovo, Sremska Kamenica, Gradske lokacije, Novi Sad","2-etažna kuća na prodaju, Vinska, 419.999€, 177m² - 4zida",2023-08-08,Samostalna kuća ,2,5 soba ,"telefon, kablovska, TV, klima, veš mašina, kuhinjski elementi, sudo mašina, frižider, Kanalizacija ",2020,gradska voda ,,,Kablovska 
123,https://www.4zida.rs/prodaja-kuca/mileticevo-okolne-lokacije-plandiste/kuca/64d226f587adcf1bb3027145,114 m² ,13.87a plac ,,grejanje na gas ,uobičajeno stanje ,1 garažno mesto ,1 parking mesto ,"dvorište, tavan, terasa ",kupatilo ,polunamešteno ,1073 ,pre 5 sati ,35.000,Gavrila Principa (Hajdučica),"Miletićevo, Okolne lokacije, Plandište","Kuća na prodaju, Gavrila Principa (Hajdučica), 35.000€, 114m² - 4zida",2023-08-08,,,5 soba ,,,,,,
124,https://www.4zida.rs/prodaja-kuca/stara-carsija-gradske-lokacije-kraljevo/jednoetazna/64d0b0e8caa57083a70ba5ba,104 m² ,4a plac ,uknjiženo ,centralno grejanje ,potrebno renoviranje ,,,,kupatilo ,prazno ,,pre 1 dan ,139.000,Karadjordjeva,"Stara Čaršija, Gradske lokacije, Kraljevo","1-etažna kuća na prodaju, Karadjordjeva, 139.000€, 104m² - 4zida",2023-08-08,Samostalna kuća ,1,4 sobe ,,1970,,ulicu ,jug ,
125,https://www.4zida.rs/prodaja-kuca/centar-2-gradske-lokacije-subotica/jednoetazna/64d0c6777c7bdb377b0a4045,61 m² ,1a plac ,,,,,,,kupatila (2) ,,23,pre 2 sata ,51.000,Centar 2,"Centar 2, Gradske lokacije, Subotica","1-etažna kuća na prodaju, Centar 2, 51.000€, 61m² - 4zida",2023-08-08,,1,3 sobe ,,,,,,
126,https://www.4zida.rs/prodaja-kuca/mlake-gradske-lokacije-sombor/kuca/64d0c62a7c7bdb377b0a4025,152 m² ,3a plac ,,,,,,,,prazno ,1147 ,pre 1 dan ,106.000,Mlake,"Mlake, Gradske lokacije, Sombor","Kuća na prodaju, Mlake, 106.000€, 152m² - 4zida",2023-08-08,,,,,,,,,
127,https://www.4zida.rs/prodaja-kuca/gardos-zemun-zemun-opstina-beograd/kuca/64d0c5777c7bdb377b0a3fea,190 m² ,2.6a plac ,,grejanje na struju ,,,,,kupatila (2) ,prazno ,18653 ,pre 1 dan ,229.000,Klaonička,"Gardoš, Zemun, Zemun opština, Beograd","Kuća na prodaju, Klaonička, 229.000€, 190m² - 4zida",2023-08-08,,,7 soba ,telefon ,,,,,
128,https://www.4zida.rs/prodaja-kuca/gradske-lokacije-batocina/jednoetazna/60dab72647222c10ec3efd56,52 m² ,60a plac ,uknjiženo ,etažno grejanje ,uobičajeno stanje ,,,"terasa, lođa ",,prazno ,,pre 7 sati ,18.500,Kralja Milana obrenovića broj 61,"Gradske lokacije, Batočina","1-etažna kuća na prodaju, Kralja Milana obrenovića broj 61, 18.500€, 52m² - 4zida",2023-08-08,Samostalna kuća ,1,2 sobe ,,1960,,,,
129,https://www.4zida.rs/prodaja-kuca/gradske-lokacije-srbobran/kuca/64d0ffb744c91cba70057daf,105 m² ,3.93a plac ,uknjiženo ,,,,1 parking mesto ,,,prazno ,2944 ,pre 1 dan ,44.290,Gradske lokacije,"Gradske lokacije, Srbobran","Kuća na prodaju, Gradske lokacije, 44.290€, 105m² - 4zida",2023-08-08,,,,,,,,,
130,https://www.4zida.rs/prodaja-kuca/bacevac-barajevo-opstina-beograd/kuca/64d26d768a032f421c019efc,1000 m² ,19a plac ,uknjiženo ,,,,,,,prazno ,2325 ,pre 35 minuta ,200.000,Baćevac,"Baćevac, Barajevo opština, Beograd","Kuća na prodaju, Baćevac, 200.000€, 1000m² - 4zida",2023-08-08,,,,,,,,,
131,https://www.4zida.rs/prodaja-kuca/gradske-lokacije-knjazevac/kuca/64d1245b448b25e7660ee74c,368 m² ,6a plac ,uknjiženo ,TA peć ,,,1 parking mesto ,"podrum, terasa ",ostava ,,5681 ,pre 1 dan ,98.000,Aliagićeva ,"Gradske lokacije, Knjaževac","Kuća na prodaju, Aliagićeva , 98.000€, 368m² - 4zida",2023-08-08,,,6 soba ,,1957,,,,
