,area,rooms,floor_number,parking_places,garage_places,price,city,region,landmark,Tip,Lift,Godina izgradnje,street,link,Stanje,Uknjiženost,Grejanje,Infrastruktura,floors,Nameštenost,date_update,land_area,ppm,target,pred_ppm,pred_price
1703,50.0,Dvosoban,-1,0,0,600.0,Beograd,Zvezdara opština,Đeram,nan,ima lift (1),,Đeram,https://www.4zida.rs/izdavanje-stanova/djeram-zvezdara-opstina-beograd/dvosoban-stan/6463b841ec5399ff84005cb7,novo,uknjiženo,centralno grejanje,Terasa,0,namešteno,2023-05-18,0,12.0,2.5649493574615367,14.17711731755511,708.8558658777555
973,85.0,Dvosoban,7,0,0,950.0,Beograd,Zvezdara opština,Đeram,nan,ima lift (1),,Zahumska,https://www.4zida.rs/izdavanje-stanova/djeram-zvezdara-opstina-beograd/dvosoban-stan/642ab88c9e82a8c49e01b5bc,novo,nan,centralno grejanje,Nan,7,polunamešteno,2023-05-18,0,11.176470588235293,2.499505449209153,10.223413786420346,868.9901718457295
980,20.0,Garsonjera,-1,0,0,500.0,Beograd,Zvezdara opština,Đeram,nan,ima lift (1),,Marka Oreškovića,https://www.4zida.rs/izdavanje-stanova/djeram-zvezdara-opstina-beograd/garsonjera/63cfbe7df5c44828ff08a0d4,uobičajeno stanje,nan,grejanje na struju,Nan,4,namešteno,2023-05-18,0,25.0,3.258096538021482,15.637029965578767,312.74059931157535
744,80.0,Trosoban,1,0,0,1000.0,Beograd,Zvezdara opština,Đeram,nan,nan,,Đuke Dinić,https://www.4zida.rs/izdavanje-stanova/djeram-zvezdara-opstina-beograd/trosoban-stan/6389eb48006ea0dcd6050296,renovirano,uknjiženo,etažno grejanje,Terasa,4,namešteno,2023-05-18,0,12.5,2.6026896854443837,17.461735986283184,1396.9388789026548
472,90.0,Jednoiposoban,1,0,0,800.0,Beograd,Zvezdara opština,Đeram,Stan u zgradi,nan,,Bulevar Kralja Aleksandra,https://www.4zida.rs/izdavanje-stanova/djeram-zvezdara-opstina-beograd/jednoiposoban-stan/63e102f703f53e6219068c46,nan,nan,grejanje na struju,Nan,2,namešteno,2023-05-18,0,8.88888888888889,2.2914117923959205,8.96722272863476,807.0500455771283
52,37.0,Jednosoban,-1,0,0,500.0,Beograd,Zvezdara opština,Đeram,nan,nan,,Kajmakčalanska,https://www.4zida.rs/izdavanje-stanova/djeram-zvezdara-opstina-beograd/jednosoban-stan/640601d53bff182d900f971c,uobičajeno stanje,nan,centralno grejanje,Terasa,5,namešteno,2023-05-18,0,13.513513513513514,2.67508018186464,10.898865775619925,403.2580336979372
158,46.0,Dvosoban,1,1,1,500.0,Beograd,Zvezdara opština,Đeram,Stan u zgradi,ima lift (1),,Đeram,https://www.4zida.rs/izdavanje-stanova/djeram-zvezdara-opstina-beograd/dvosoban-stan/63beb9d6853622568401554d,novo,nan,norveški radijatori,Terasa,0,namešteno,2023-05-18,0,10.869565217391305,2.47397757925581,16.41611738445257,755.1413996848182
344,163.0,Petosoban,5,0,1,1800.0,Beograd,Zvezdara opština,Đeram,nan,ima lift (1),,Đeram,https://www.4zida.rs/izdavanje-stanova/djeram-zvezdara-opstina-beograd/petosoban-stan/6442d0d28fb89287e10f3349,novo,uknjiženo,centralno grejanje,Terasa,0,namešteno,2023-05-18,0,11.042944785276074,2.4884789934696987,13.02793782897503,2123.55386612293
1080,103.0,Trosoban,5,0,0,1500.0,Beograd,Zvezdara opština,Đeram,nan,ima lift (1),,Gajeva,https://www.4zida.rs/izdavanje-stanova/djeram-zvezdara-opstina-beograd/trosoban-stan/63d3cef74c2b4c0303011b3a,nan,nan,centralno grejanje,Terasa,0,namešteno,2023-05-19,0,14.563106796116505,2.744903164379917,12.919107116217123,1330.6680329703638
1004,51.0,Dvosoban,-1,0,0,700.0,Beograd,Zvezdara opština,Đeram,Stan u zgradi,ima lift (1),2010.0,Đakovačka,https://www.4zida.rs/izdavanje-stanova/djeram-zvezdara-opstina-beograd/dvosoban-stan/64355d606e163b7cd10e7669,nan,nan,centralno grejanje,Terasa,0,namešteno,2023-05-19,0,13.72549019607843,2.689580019039809,10.985607407428638,560.2659777788606
485,43.0,Dvosoban,1,0,0,450.0,Beograd,Zvezdara opština,Đeram,nan,nan,,Bulevar Kralja Aleksandra,https://www.4zida.rs/izdavanje-stanova/djeram-zvezdara-opstina-beograd/dvosoban-stan/645fca082f3fee6d840fcf0b,uobičajeno stanje,nan,etažno grejanje,Terasa,1,namešteno,2023-05-19,0,10.465116279069768,2.439309058349128,11.652552178898347,501.0597436926289
1617,60.0,Trosoban,1,0,0,600.0,Beograd,Zvezdara opština,Đeram,nan,ima lift (1),,Dimitrija Tucovića,https://www.4zida.rs/izdavanje-stanova/djeram-zvezdara-opstina-beograd/trosoban-stan/63e65ed0acdf21b3e509697e,nan,nan,centralno grejanje,Terasa,8,polunamešteno,2023-05-19,0,10.0,2.3978952727983707,10.533881035464558,632.0328621278735
115,45.0,Jednoiposoban,4,0,0,500.0,Beograd,Zvezdara opština,Đeram,Stan u zgradi,nan,,Bulevar Kralja Aleksandra,https://www.4zida.rs/izdavanje-stanova/djeram-zvezdara-opstina-beograd/jednoiposoban-stan/6486f34b812499984e00d2bc,renovirano,nan,TA peć,Nan,0,namešteno,2023-06-13,0,11.11111111111111,2.4941233048929243,10.872980990073158,489.2841445532921
144,53.0,Dvosoban,2,0,0,800.0,Beograd,Zvezdara opština,Đeram,Stan u zgradi,ima lift,2020.0,Đeram,https://www.4zida.rs/izdavanje-stanova/djeram-zvezdara-opstina-beograd/dvosoban-stan/64886f997fd3111955035433,luksuzno,nan,centralno grejanje,Terasa,0,namešteno,2023-06-13,0,15.09433962264151,2.7784676339395573,14.72520057222431,780.4356303278885
363,76.0,Trosoban,0,1,0,700.0,Beograd,Zvezdara opština,Đeram,Stan u zgradi,nan,,Preševska,https://www.4zida.rs/izdavanje-stanova/djeram-zvezdara-opstina-beograd/trosoban-stan/6487013055c390bbd6027344,novo,nan,etažno grejanje,Terasa,0,namešteno,2023-06-13,0,9.210526315789474,2.323419179896888,11.410022488017002,867.1617090892922
109,43.0,Jednoiposoban,1,0,0,600.0,Beograd,Zvezdara opština,Đeram,Stan u zgradi,ima lift,2014.0,Đeram,https://www.4zida.rs/izdavanje-stanova/djeram-zvezdara-opstina-beograd/jednoiposoban-stan/6489cf7d624505f3fe003207,održavano,nan,centralno grejanje,Terasa,0,namešteno,2023-06-14,0,13.953488372093023,2.704944608544057,12.247834779354148,526.6568955122284
153,66.0,Dvoiposoban,1,1,0,600.0,Beograd,Zvezdara opština,Đeram,Stan u zgradi,nan,,Preševska,https://www.4zida.rs/izdavanje-stanova/djeram-zvezdara-opstina-beograd/dvoiposoban-stan/64870f9c1b5fc3500c0af21a,novo,nan,etažno grejanje,Terasa,0,namešteno,2023-06-15,0,9.090909090909092,2.3116349285139637,11.516688407626264,760.1014349033334
170,188.0,Četvorosoban,5,1,0,2400.0,Beograd,Zvezdara opština,Đeram,Stan u zgradi,nan,,Đeram,https://www.4zida.rs/izdavanje-stanova/djeram-zvezdara-opstina-beograd/cetvorosoban-stan/6482c7b800f624c46002e1d7,nan,nan,nan,Terasa,5,namešteno,2023-06-16,0,12.76595744680851,2.622198692790842,9.286805466333522,1745.9194276707021
420,70.0,Trosoban,1,0,0,850.0,Beograd,Zvezdara opština,Đeram,Stan u zgradi,nan,,Bulevar Kralja Aleksandra,https://www.4zida.rs/izdavanje-stanova/djeram-zvezdara-opstina-beograd/trosoban-stan/648065632f4ec57b2d0ef233,nan,nije uknjiženo,centralno grejanje,Terasa,2,nan,2023-06-17,0,12.142857142857142,2.575878427993727,10.719801060215541,750.3860742150879
671,70.0,Trosoban,1,0,1,900.0,Beograd,Zvezdara opština,Đeram,nan,ima lift (1),,Đuke Dinić,https://www.4zida.rs/izdavanje-stanova/djeram-zvezdara-opstina-beograd/trosoban-stan/647e2544eeb3c8832501f822,nan,nan,centralno grejanje,Terasa,0,namešteno,2023-06-17,0,12.857142857142858,2.6288008294480694,19.33687722749043,1353.58140592433
740,63.0,Trosoban,1,0,0,400.0,Beograd,Zvezdara opština,Đeram,nan,nan,,Bulevar Kralja Aleksandra,https://www.4zida.rs/izdavanje-stanova/djeram-zvezdara-opstina-beograd/trosoban-stan/6474eb5c6613273eca0da669,nan,uknjiženo,grejanje na struju,Terasa,1,namešteno,2023-06-17,0,6.349206349206349,1.9945923276947013,10.715335433464755,675.0661323082796
597,43.0,Dvosoban,1,0,0,600.0,Beograd,Zvezdara opština,Đeram,nan,nan,,Đeram,https://www.4zida.rs/izdavanje-stanova/djeram-zvezdara-opstina-beograd/dvosoban-stan/647770c500a50e25720acedc,novo,uknjiženo,centralno grejanje,Terasa,0,namešteno,2023-06-17,0,13.953488372093023,2.704944608544057,14.06820471857618,604.9328028987758
190,56.0,Dvosoban,2,0,1,700.0,Beograd,Zvezdara opština,Đeram,nan,ima lift (1),,Đeram,https://www.4zida.rs/izdavanje-stanova/djeram-zvezdara-opstina-beograd/dvosoban-stan/647e1641c07ef1042c07825f,renovirano,uknjiženo,centralno grejanje,Terasa,0,namešteno,2023-06-17,0,12.5,2.6026896854443837,13.836948096037178,774.869093378082
147,87.0,Četvorosoban,3,0,0,1100.0,Beograd,Zvezdara opština,Đeram,nan,bez lifta,,Đeram,https://www.4zida.rs/izdavanje-stanova/djeram-zvezdara-opstina-beograd/cetvorosoban-stan/647770ca00a50e25720acee2,renovirano,uknjiženo,centralno grejanje,Terasa,0,polunamešteno,2023-06-18,0,12.64367816091954,2.6132762759550845,10.461644533953454,910.1630744539505
384,70.0,Trosoban,4,0,1,1200.0,Beograd,Zvezdara opština,Đeram,nan,ima lift (1),,Đeram,https://www.4zida.rs/izdavanje-stanova/djeram-zvezdara-opstina-beograd/trosoban-stan/6478de4fc0442d50030f0c41,novo,uknjiženo,centralno grejanje,Terasa,0,namešteno,2023-06-18,0,17.142857142857142,2.8982769374032777,15.135012477119687,1059.450873398378
396,45.0,Dvosoban,0,1,0,600.0,Beograd,Zvezdara opština,Đeram,nan,ima lift (1),,Vojvode Brane,https://www.4zida.rs/izdavanje-stanova/djeram-zvezdara-opstina-beograd/dvosoban-stan/645a1d1e013781b9ac0f8c2e,renovirano,uknjiženo,centralno grejanje,Nan,5,namešteno,2023-06-18,0,13.333333333333334,2.662587827025453,12.081552084432477,543.6698437994614
579,103.0,Trosoban,4,0,0,1500.0,Beograd,Zvezdara opština,Đeram,Stan u zgradi,ima lift (1),,Gajeva,https://www.4zida.rs/izdavanje-stanova/djeram-zvezdara-opstina-beograd/trosoban-stan/6474f09a6613273eca0da6e7,novo,uknjiženo,etažno grejanje,Terasa,5,namešteno,2023-06-19,0,14.563106796116505,2.744903164379917,14.435865083708386,1486.8941036219637
298,76.0,Trosoban,-1,1,0,700.0,Beograd,Zvezdara opština,Đeram,nan,nan,,Đeram,https://www.4zida.rs/izdavanje-stanova/djeram-zvezdara-opstina-beograd/trosoban-stan/6484c9de3eb80b91110396f9,renovirano,uknjiženo,centralno grejanje,Terasa,0,namešteno,2023-06-20,0,9.210526315789474,2.323419179896888,11.38087270771467,864.9463257863149
1175,51.0,Dvoiposoban,1,0,0,700.0,Beograd,Zvezdara opština,Đeram,nan,ima lift (1),,Đevđelijska,https://www.4zida.rs/izdavanje-stanova/djeram-zvezdara-opstina-beograd/dvoiposoban-stan/649320c26cb21bdf4408eed9,uobičajeno stanje,uknjiženo,centralno grejanje,Terasa,5,namešteno,2023-06-21,0,13.72549019607843,2.689580019039809,12.638593823339608,644.56828499032
13,52.0,Dvosoban,3,0,0,800.0,Beograd,Zvezdara opština,Đeram,nan,ima lift (1),,Jedrenska,https://www.4zida.rs/izdavanje-stanova/djeram-zvezdara-opstina-beograd/dvosoban-stan/649472f4d137f89281094bf3,nan,nan,centralno grejanje,Terasa,6,namešteno,2023-06-23,0,15.384615384615385,2.7963428082478883,11.32347489532502,588.8206945569011
520,52.0,Dvosoban,3,0,0,800.0,Beograd,Zvezdara opština,Đeram,nan,ima lift (1),,Jedrenska,https://www.4zida.rs/izdavanje-stanova/djeram-zvezdara-opstina-beograd/dvosoban-stan/6494ab2b8f2dced3ed0fbbfd,nan,nan,centralno grejanje,Terasa,6,namešteno,2023-06-23,0,15.384615384615385,2.7963428082478883,11.32347489532502,588.8206945569011
1016,76.0,Trosoban,-1,0,0,700.0,Beograd,Zvezdara opština,Đeram,nan,ima lift (1),,Presevska,https://www.4zida.rs/izdavanje-stanova/djeram-zvezdara-opstina-beograd/trosoban-stan/649a0d61805aca0045063c1c,nan,nan,etažno grejanje,Terasa,5,namešteno,2023-06-27,0,9.210526315789474,2.323419179896888,10.060607570115575,764.6061753287837
389,66.0,Dvoiposoban,1,0,0,600.0,Beograd,Zvezdara opština,Đeram,nan,ima lift (1),,Presevska,https://www.4zida.rs/izdavanje-stanova/djeram-zvezdara-opstina-beograd/dvoiposoban-stan/649a0d60805aca0045063c19,nan,nan,etažno grejanje,Terasa,5,namešteno,2023-06-27,0,9.090909090909092,2.3116349285139637,10.388636015518708,685.6499770242348
1609,24.0,Jednosoban,3,0,0,350.0,Beograd,Zvezdara opština,Đeram,Stan u zgradi,nan,,Đevđelijska,https://www.4zida.rs/izdavanje-stanova/djeram-zvezdara-opstina-beograd/jednosoban-stan/649ad8e736249a05f308f588,renovirano,nan,norveški radijatori,Nan,0,namešteno,2023-06-27,0,14.583333333333334,2.7462019670665865,14.362917567517139,344.71002162041134
648,51.0,Dvosoban,3,0,0,800.0,Beograd,Zvezdara opština,Đeram,Stan u zgradi,ima lift (1),,Đeram,https://www.4zida.rs/izdavanje-stanova/djeram-zvezdara-opstina-beograd/dvosoban-stan/649ad8ea36249a05f308f594,renovirano,nan,centralno grejanje,"Terasa, Lođa",0,namešteno,2023-06-28,0,15.686274509803921,2.8145864958490483,12.269605534796579,625.7498822746255
392,43.0,Dvosoban,1,0,0,450.0,Beograd,Zvezdara opština,Đeram,Stan u zgradi,nan,,Bulevar Kralja Aleksandra,https://www.4zida.rs/izdavanje-stanova/djeram-zvezdara-opstina-beograd/dvosoban-stan/649ad91836249a05f308f613,renovirano,nan,etažno grejanje,Terasa,1,namešteno,2023-06-28,0,10.465116279069768,2.439309058349128,11.51995322472623,495.3579886632279
445,66.0,Dvoiposoban,1,1,0,600.0,Beograd,Zvezdara opština,Đeram,nan,ima lift (1),,Đeram,https://www.4zida.rs/izdavanje-stanova/djeram-zvezdara-opstina-beograd/dvoiposoban-stan/649c3084e98ea3b937040ed6,renovirano,uknjiženo,etažno grejanje,Terasa,0,namešteno,2023-06-29,0,9.090909090909092,2.3116349285139637,12.284635765291519,810.7859605092402
822,50.0,Dvosoban,3,0,0,900.0,Beograd,Zvezdara opština,Đeram,nan,ima lift (1),,Gajeva,https://www.4zida.rs/izdavanje-stanova/djeram-zvezdara-opstina-beograd/dvosoban-stan/649d88be1e98d8f5c30fb302,luksuzno,nan,centralno grejanje,Terasa,8,namešteno,2023-06-30,0,18.0,2.9444389791664403,17.79411444252861,889.7057221264305
124,47.0,Jednoiposoban,1,1,0,500.0,Beograd,Zvezdara opština,Đeram,nan,nan,2005.0,Mehmeda Sokolovića,https://www.4zida.rs/izdavanje-stanova/djeram-zvezdara-opstina-beograd/jednoiposoban-stan/649ebe2d0bacb845b5044126,novo,nan,etažno grejanje,Terasa,6,namešteno,2023-07-01,0,10.638297872340425,2.4543012007119227,12.399293878101364,582.7668122707641
442,53.0,Dvosoban,3,0,0,700.0,Beograd,Zvezdara opština,Đeram,Stan u zgradi,ima lift,2010.0,Preševska,https://www.4zida.rs/izdavanje-stanova/djeram-zvezdara-opstina-beograd/dvosoban-stan/64886f1efbf1ea7a310c03d5,nan,nan,centralno grejanje,Terasa,0,namešteno,2023-07-01,0,13.20754716981132,2.6537733142477715,10.455774217942665,554.1560335509612
98,60.0,Dvosoban,-1,0,0,700.0,Beograd,Zvezdara opština,Đeram,nan,nan,,Luke Vukalovića,https://www.4zida.rs/izdavanje-stanova/djeram-zvezdara-opstina-beograd/dvosoban-stan/64a00ed443cee0f8e90b4657,renovirano,nan,nan,"Podrum, Terasa, Lođa",4,polunamešteno,2023-07-02,0,11.666666666666666,2.538973871058276,10.091139251988228,605.4683551192936
564,36.0,Jednoiposoban,1,1,1,500.0,Beograd,Zvezdara opština,Đeram,nan,ima lift (1),,Marka Oreškovića,https://www.4zida.rs/izdavanje-stanova/djeram-zvezdara-opstina-beograd/jednoiposoban-stan/64a2bb00332656cbe804a634,novo,nan,centralno grejanje,Nan,0,namešteno,2023-07-03,0,13.88888888888889,2.700615222614692,17.519424932765286,630.6992975795503
1500,60.0,Dvosoban,4,0,0,600.0,Beograd,Zvezdara opština,Đeram,nan,nan,,Luke Vukalovića,https://www.4zida.rs/izdavanje-stanova/djeram-zvezdara-opstina-beograd/dvosoban-stan/64a43bdbbac28717b8019693,nan,uknjiženo,grejanje na struju,Podrum,0,prazno,2023-07-04,0,10.0,2.3978952727983707,9.016680380443693,541.0008228266216
416,85.0,Trosoban,1,0,1,1100.0,Beograd,Zvezdara opština,Đeram,Stan u zgradi,ima lift (1),,Vojvode Bogdana,https://www.4zida.rs/izdavanje-stanova/djeram-zvezdara-opstina-beograd/trosoban-stan/64a40fc0f8e3233d880638c8,renovirano,nan,centralno grejanje,Terasa,6,namešteno,2023-07-05,0,12.941176470588236,2.6348467970789153,11.063393554092293,940.388452097845
558,188.0,Četvorosoban,5,1,0,2400.0,Beograd,Zvezdara opština,Đeram,nan,ima lift (1),,Tršćanska,https://www.4zida.rs/izdavanje-stanova/djeram-zvezdara-opstina-beograd/cetvorosoban-stan/64a6dd0252eba5ce5400d184,novo,nan,centralno grejanje,Terasa,5,namešteno,2023-07-06,0,12.76595744680851,2.622198692790842,10.12729131415907,1903.930767061905
978,80.0,Trosoban,4,0,0,1000.0,Beograd,Zvezdara opština,Đeram,Stan u zgradi,ima lift (1),,Đeram,https://www.4zida.rs/izdavanje-stanova/djeram-zvezdara-opstina-beograd/trosoban-stan/6434b0dac53cbb0a8105bdb1,luksuzno,nan,centralno grejanje,"Prilaz Za Invalide, Terasa",6,namešteno,2023-07-07,0,12.5,2.6026896854443837,13.965863287412235,1117.269062992979
743,50.0,Jednoiposoban,-1,0,0,400.0,Beograd,Zvezdara opština,Đeram,Stan u kući,nan,,Preševska,https://www.4zida.rs/izdavanje-stanova/djeram-zvezdara-opstina-beograd/jednoiposoban-stan/64a845db28de43eeb906d82a,nan,nan,nan,Nan,0,nan,2023-07-08,0,8.0,2.1972245773362196,9.933348858517036,496.6674429258518
485,40.0,Dvosoban,2,0,0,800.0,Beograd,Zvezdara opština,Đeram,nan,nan,,Dimitrija Tucovica,https://www.4zida.rs/izdavanje-stanova/djeram-zvezdara-opstina-beograd/dvosoban-stan/64aaa3d61bb8132daf0d9a9e,nan,nan,etažno grejanje,Terasa,5,namešteno,2023-07-09,0,20.0,3.044522437723423,11.439912526276458,457.59650105105834
180,105.0,Četvorosoban,2,0,0,1000.0,Beograd,Zvezdara opština,Đeram,nan,ima lift,,Đeram,https://www.4zida.rs/izdavanje-stanova/djeram-zvezdara-opstina-beograd/cetvorosoban-stan/64ad7e43daef193f720c14c2,novo,uknjiženo,etažno grejanje,Terasa,0,namešteno,2023-07-12,0,9.523809523809524,2.35364026379433,12.736703363152973,1337.3538531310621
162,70.0,Trosoban,3,0,1,700.0,Beograd,Zvezdara opština,Đeram,Stan u zgradi,ima lift,2010.0,Đeram,https://www.4zida.rs/izdavanje-stanova/djeram-zvezdara-opstina-beograd/trosoban-stan/64ad75d46d807579ea00cfca,novo,nan,centralno grejanje,Terasa,0,namešteno,2023-07-12,0,10.0,2.3978952727983707,13.916208818231466,974.1346172762026
137,53.0,Dvosoban,3,0,0,800.0,Beograd,Zvezdara opština,Đeram,Stan u zgradi,ima lift,2020.0,Bulevar,https://www.4zida.rs/izdavanje-stanova/djeram-zvezdara-opstina-beograd/dvosoban-stan/64ad7c4a9e2f14eb440a1aa9,luksuzno,nan,centralno grejanje,Terasa,0,namešteno,2023-07-12,0,15.09433962264151,2.7784676339395573,12.962698321048034,687.0230110155458
249,72.0,Trosoban,1,1,0,600.0,Beograd,Zvezdara opština,Đeram,nan,ima lift,,Vojvode Bogdana,https://www.4zida.rs/izdavanje-stanova/djeram-zvezdara-opstina-beograd/trosoban-stan/64af0b9cae5fda6eea077237,novo,nan,centralno grejanje,Dvorište,0,namešteno,2023-07-13,0,8.333333333333334,2.2335922215070942,11.586998360296413,834.2638819413417
331,35.0,Jednoiposoban,-1,0,0,550.0,Beograd,Zvezdara opština,Đeram,nan,nan,,Đeram,https://www.4zida.rs/izdavanje-stanova/djeram-zvezdara-opstina-beograd/jednoiposoban-stan/64aea593c9ff7e7c1a0a68d4,renovirano,uknjiženo,centralno grejanje,Nan,0,namešteno,2023-07-13,0,15.714285714285714,2.816263785742443,13.361936191202181,467.6677666920763
249,35.0,Jednoiposoban,-1,0,0,400.0,Beograd,Zvezdara opština,Đeram,Stan u zgradi,ima lift (1),,Djevdjelijska,https://www.4zida.rs/izdavanje-stanova/djeram-zvezdara-opstina-beograd/jednoiposoban-stan/60e3fae1e4ca905b177e08a0,nan,nan,etažno grejanje,Terasa,4,namešteno,2023-07-13,0,11.428571428571429,2.5199979695992702,12.18775147495093,426.5713016232826
335,50.0,Dvosoban,3,0,0,800.0,Beograd,Zvezdara opština,Đeram,Stan u zgradi,ima lift,,Gajeva-Zvezdara,https://www.4zida.rs/izdavanje-stanova/djeram-zvezdara-opstina-beograd/dvosoban-stan/64af947d380e07b1fa0e4caa,novo,nije uknjiženo,centralno grejanje,Terasa,0,nan,2023-07-14,0,16.0,2.833213344056216,12.73820275437278,636.910137718639
524,50.0,Dvosoban,-1,0,0,400.0,Beograd,Zvezdara opština,Đeram,Stan u zgradi,nan,,Đeram,https://www.4zida.rs/izdavanje-stanova/djeram-zvezdara-opstina-beograd/dvosoban-stan/64b13e08282af645f5074acd,uobičajeno stanje,uknjiženo,grejanje na struju,Nan,0,namešteno,2023-07-14,0,8.0,2.1972245773362196,10.598020794833246,529.9010397416623
269,100.0,Trosoban,-1,0,1,1200.0,Beograd,Zvezdara opština,Đeram,Dupleks,ima lift,,Đeram,https://www.4zida.rs/izdavanje-stanova/djeram-zvezdara-opstina-beograd/trosoban-stan/63dd12a7561acac3af0726aa,luksuzno,nan,centralno grejanje,Prilaz Za Invalide,0,namešteno,2023-07-14,0,12.0,2.5649493574615367,12.445427328663513,1244.5427328663513
836,163.0,Četvoroiposoban,5,0,1,1800.0,Beograd,Zvezdara opština,Đeram,Stan u zgradi,ima lift (1),2020.0,Zvezdara,https://www.4zida.rs/izdavanje-stanova/djeram-zvezdara-opstina-beograd/cetvoroiposoban-stan/6465f791b1ddbdac340f04a0,novo,nan,centralno grejanje,"Alarm, Terasa",6,namešteno,2023-07-17,0,11.042944785276074,2.4884789934696987,10.373553678649456,1690.8892496198614
6,60.0,Dvosoban,-1,0,0,600.0,Beograd,Zvezdara opština,Đeram,nan,ima lift (1),,Luke Vukalovića,https://www.4zida.rs/izdavanje-stanova/djeram-zvezdara-opstina-beograd/dvosoban-stan/64b54c30aaa638b87a056c7a,uobičajeno stanje,nan,etažno grejanje,Terasa,0,polunamešteno,2023-07-17,0,10.0,2.3978952727983707,9.577590024638624,574.6554014783175
446,100.0,Četvorosoban,4,0,1,1200.0,Beograd,Zvezdara opština,Đeram,Stan u zgradi,ima lift (1),,Gajeva,https://www.4zida.rs/izdavanje-stanova/djeram-zvezdara-opstina-beograd/cetvorosoban-stan/64b64cbad379b902e002101a,novo,nan,centralno grejanje,"Podrum, Terasa",5,namešteno,2023-07-19,0,12.0,2.5649493574615367,16.811686794766523,1681.1686794766522
86,36.0,Jednoiposoban,-1,0,0,750.0,Beograd,Zvezdara opština,Đeram,Stan u zgradi,nan,,Kajmakčalanska,https://www.4zida.rs/izdavanje-stanova/djeram-zvezdara-opstina-beograd/jednoiposoban-stan/64b91a25b2ac55aea30264f5,novo,nan,norveški radijatori,Nan,2,namešteno,2023-07-21,0,20.833333333333332,3.0834378539730967,12.834517148056875,462.0426173300475
174,47.0,Jednosoban,7,0,0,480.0,Beograd,Zvezdara opština,Đeram,nan,ima lift (1),,Dimitrija Tucovića,https://www.4zida.rs/izdavanje-stanova/djeram-zvezdara-opstina-beograd/jednosoban-stan/64be868dbed6664776041ae0,uobičajeno stanje,nan,centralno grejanje,Terasa,8,namešteno,2023-07-24,0,10.212765957446809,2.417052946831304,10.747324482521076,505.12425067849057
58,55.0,Dvosoban,4,0,0,800.0,Beograd,Zvezdara opština,Đeram,Stan u zgradi,ima lift (1),2020.0,Bulevar Kralja Aleksandra,https://www.4zida.rs/izdavanje-stanova/djeram-zvezdara-opstina-beograd/dvosoban-stan/64be47f3be3cdc2aff091939,luksuzno,nan,centralno grejanje,Terasa,6,namešteno,2023-07-24,0,14.545454545454545,2.743768283704289,13.435381417123129,738.9459779417721
190,20.0,Garsonjera,0,0,0,260.0,Beograd,Zvezdara opština,Đeram,Stan u zgradi,nan,,Đevđelijska,https://www.4zida.rs/izdavanje-stanova/djeram-zvezdara-opstina-beograd/garsonjera/62a088e92c30f39018046354,nan,nan,TA peć,Nan,5,namešteno,2023-07-27,0,13.0,2.639057329615259,13.512234011867395,270.2446802373479
150,60.0,Dvosoban,1,0,0,650.0,Beograd,Zvezdara opština,Đeram,nan,ima lift (1),,Đeram,https://www.4zida.rs/izdavanje-stanova/djeram-zvezdara-opstina-beograd/dvosoban-stan/64c795da8a3efe0e6a0ccf63,novo,uknjiženo,centralno grejanje,Terasa,0,namešteno,2023-08-01,0,10.833333333333334,2.4709204078132605,12.991715921327454,779.5029552796473
56,44.0,Dvosoban,5,0,0,550.0,Beograd,Zvezdara opština,Đeram,nan,ima lift (1),,Starca Vujadina,https://www.4zida.rs/izdavanje-stanova/djeram-zvezdara-opstina-beograd/dvosoban-stan/64ccfdc398a90b576205e2a3,novo,nan,centralno grejanje,Terasa,0,namešteno,2023-08-05,0,12.5,2.6026896854443837,16.131200471279882,709.7728207363148
241,76.0,Trosoban,-1,1,0,900.0,Beograd,Zvezdara opština,Đeram,nan,nan,,Preševska,https://www.4zida.rs/izdavanje-stanova/djeram-zvezdara-opstina-beograd/trosoban-stan/64cceb3f7f7c63801f002fa5,nan,uknjiženo,etažno grejanje,Nan,5,namešteno,2023-08-05,0,11.842105263157896,2.5527292461267614,9.917920743820805,753.7619765303812
30,140.0,Četvorosoban,5,0,1,1600.0,Beograd,Zvezdara opština,Đeram,nan,ima lift (1),,Đeram,https://www.4zida.rs/izdavanje-stanova/djeram-zvezdara-opstina-beograd/cetvorosoban-stan/64ce3b7607ae76328a0475c7,novo,uknjiženo,centralno grejanje,Terasa,0,namešteno,2023-08-06,0,11.428571428571429,2.5199979695992702,12.722555895769307,1781.157825407703
349,140.0,Četvorosoban,5,0,1,1600.0,Beograd,Zvezdara opština,Đeram,nan,ima lift (1),,Đakovačka,https://www.4zida.rs/izdavanje-stanova/djeram-zvezdara-opstina-beograd/cetvorosoban-stan/64d0d0f0317631b1940bbb3a,novo,uknjiženo,centralno grejanje,Terasa,5,namešteno,2023-08-07,0,11.428571428571429,2.5199979695992702,11.637777975500487,1629.2889165700683
219,43.0,Jednoiposoban,2,0,0,700.0,Beograd,Zvezdara opština,Đeram,Stan u zgradi,ima lift (1),,Đuke Dinića,https://www.4zida.rs/izdavanje-stanova/djeram-zvezdara-opstina-beograd/jednoiposoban-stan/64d288185eccb6b9ab0cebe7,nan,nan,centralno grejanje,Terasa,5,namešteno,2023-08-08,0,16.27906976744186,2.849495929024197,11.69696551449826,502.96951712342513
82,60.0,Dvoiposoban,5,0,0,750.0,Beograd,Zvezdara opština,Đeram,nan,ima lift (1),,Đeram,https://www.4zida.rs/izdavanje-stanova/djeram-zvezdara-opstina-beograd/dvoiposoban-stan/64d60846962199ff1b0bd601,novo,uknjiženo,centralno grejanje,Terasa,0,namešteno,2023-08-11,0,12.5,2.6026896854443837,13.583850717866937,815.0310430720162
20,40.0,Jednoiposoban,4,0,1,600.0,Beograd,Zvezdara opština,Đeram,Stan u zgradi,ima lift (1),2020.0,Jedrenska,https://www.4zida.rs/izdavanje-stanova/djeram-zvezdara-opstina-beograd/jednoiposoban-stan/64d61230af6dec52bd0545ce,novo,nan,centralno grejanje,Terasa,6,namešteno,2023-08-11,0,15.0,2.772588722239781,15.233495876334624,609.339835053385
202,29.0,Jednosoban,3,0,0,500.0,Beograd,Zvezdara opština,Đeram,nan,ima lift (1),,Starca Vujadina,https://www.4zida.rs/izdavanje-stanova/djeram-zvezdara-opstina-beograd/jednosoban-stan/64de2a55a51f009c4209f3db,uobičajeno stanje,nan,centralno grejanje,Terasa,5,namešteno,2023-08-18,0,17.24137931034483,2.9036926018718257,15.117163626656811,438.39774517304755
201,45.0,Jednoiposoban,1,0,0,550.0,Beograd,Zvezdara opština,Đeram,Stan u zgradi,ima lift (1),,Pećska,https://www.4zida.rs/izdavanje-stanova/djeram-zvezdara-opstina-beograd/jednoiposoban-stan/64dde9c0a068cabfd4009173,novo,nan,etažno grejanje,Terasa,5,namešteno,2023-08-18,0,12.222222222222221,2.58189891577531,14.036481033281609,631.6416464976724
50,30.0,Jednosoban,3,0,0,500.0,Beograd,Zvezdara opština,Đeram,nan,ima lift (1),,Starca Vujadina,https://www.4zida.rs/izdavanje-stanova/djeram-zvezdara-opstina-beograd/jednosoban-stan/64de2a62a51f009c4209f3e7,nan,nan,centralno grejanje,Terasa,5,namešteno,2023-08-18,0,16.666666666666668,2.8716796248840124,15.239509133264303,457.1852739979291
599,40.0,Jednoiposoban,4,0,0,650.0,Beograd,Zvezdara opština,Đeram,Stan u zgradi,ima lift (1),,Branka Krsmanovića,https://www.4zida.rs/izdavanje-stanova/djeram-zvezdara-opstina-beograd/jednoiposoban-stan/64e4b712e0c48acd74087ab5,novo,nan,centralno grejanje,Terasa,6,namešteno,2023-08-23,0,16.25,2.847812143477369,13.804477418805881,552.1790967522352
309,23.0,Jednosoban,-1,0,0,350.0,Beograd,Zvezdara opština,Đeram,nan,nan,,Đevđelijska,https://www.4zida.rs/izdavanje-stanova/djeram-zvezdara-opstina-beograd/jednosoban-stan/5ce7d6a92731714c3e7a8be2,renovirano,nan,centralno grejanje,Nan,2,namešteno,2023-08-26,0,15.217391304347826,2.786084203714666,14.859664004220262,341.77227209706604
168,43.0,Dvosoban,-1,0,0,450.0,Beograd,Zvezdara opština,Đeram,Stan u zgradi,nan,,Bulevar Kralja Aleksandra,https://www.4zida.rs/izdavanje-stanova/djeram-zvezdara-opstina-beograd/dvosoban-stan/64e9c4c465684f5edf02221a,renovirano,nan,etažno grejanje,Terasa,1,namešteno,2023-08-27,0,10.465116279069768,2.439309058349128,11.615881701547895,499.4829131665595
347,33.0,Jednosoban,0,0,0,350.0,Beograd,Zvezdara opština,Đeram,nan,ima lift (1),,Dimitrija Tucovića,https://www.4zida.rs/izdavanje-stanova/djeram-zvezdara-opstina-beograd/jednosoban-stan/64eb758ebafc30a9cc0cec99,nan,nan,etažno grejanje,Nan,5,namešteno,2023-08-28,0,10.606060606060606,2.451527427714166,11.952564336065358,394.4346230901568
234,33.0,Jednosoban,0,0,0,350.0,Beograd,Zvezdara opština,Đeram,nan,ima lift (1),,Dimitrija Tucovića,https://www.4zida.rs/izdavanje-stanova/djeram-zvezdara-opstina-beograd/jednosoban-stan/64eb91c09a36ec29710a622a,nan,nan,etažno grejanje,Nan,5,namešteno,2023-08-28,0,10.606060606060606,2.451527427714166,11.952564336065358,394.4346230901568
472,76.0,Trosoban,2,0,1,1300.0,Beograd,Zvezdara opština,Đeram,nan,ima lift (1),,Gajeva,https://www.4zida.rs/izdavanje-stanova/djeram-zvezdara-opstina-beograd/trosoban-stan/64ec5a2e269e155fd10145c2,novo,uknjiženo,centralno grejanje,Terasa,6,polunamešteno,2023-08-28,0,17.105263157894736,2.896202678206958,15.762831951757448,1197.975228333566
252,70.0,Dvoiposoban,3,0,0,800.0,Beograd,Zvezdara opština,Đeram,Stan u zgradi,ima lift (1),,Banjska,https://www.4zida.rs/izdavanje-stanova/djeram-zvezdara-opstina-beograd/dvoiposoban-stan/64edc7d4af347536bf0e4d84,novo,nan,etažno grejanje,Lođa,5,namešteno,2023-08-29,0,11.428571428571429,2.5199979695992702,11.410505942495574,798.7354159746901
126,70.0,Trosoban,3,0,0,800.0,Beograd,Zvezdara opština,Đeram,nan,ima lift (1),,Banjska,https://www.4zida.rs/izdavanje-stanova/djeram-zvezdara-opstina-beograd/trosoban-stan/64ecd45a20e38ba7ac07cb60,novo,uknjiženo,etažno grejanje,Terasa,5,namešteno,2023-08-29,0,11.428571428571429,2.5199979695992702,12.647200847966689,885.3040593576682
345,57.0,Dvoiposoban,4,0,0,800.0,Beograd,Zvezdara opština,Đeram,Stan u zgradi,ima lift (1),,Preševska,https://www.4zida.rs/izdavanje-stanova/djeram-zvezdara-opstina-beograd/dvoiposoban-stan/65003178b17ac3220102d2fb,novo,nan,centralno grejanje,Terasa,6,namešteno,2023-09-12,0,14.035087719298245,2.7103866507632297,12.859192510288295,732.9739730864328
1782,48.0,Dvosoban,1,0,1,900.0,Beograd,Zvezdara opština,Đeram,nan,ima lift (1),,Branka Krsmanovića,https://www.4zida.rs/izdavanje-stanova/djeram-zvezdara-opstina-beograd/dvosoban-stan/65019d614f0d2b5a9c019e10,novo,nan,centralno grejanje,Terasa,5,namešteno,2023-09-14,0,18.75,2.9831534913471307,14.409156673858602,691.6395203452129
290,48.0,Dvosoban,1,0,0,700.0,Beograd,Zvezdara opština,Đeram,nan,nan,,Đeram,https://www.4zida.rs/izdavanje-stanova/djeram-zvezdara-opstina-beograd/dvosoban-stan/6501c2091346b6e74503986c,novo,uknjiženo,centralno grejanje,Terasa,0,namešteno,2023-09-14,0,14.583333333333334,2.7462019670665865,13.689229793416851,657.0830300840089
1853,47.0,Jednoiposoban,2,0,0,700.0,Beograd,Zvezdara opština,Đeram,Stan u zgradi,ima lift (1),,Đeram,https://www.4zida.rs/izdavanje-stanova/djeram-zvezdara-opstina-beograd/jednoiposoban-stan/6502fdc446591b35eb079f4b,renovirano,nan,centralno grejanje,Terasa,0,namešteno,2023-09-15,0,14.893617021276595,2.7659175834227585,13.378577770927777,628.7931552336055
9,64.0,Trosoban,4,0,0,900.0,Beograd,Zvezdara opština,Đeram,Stan u zgradi,ima lift (1),,Vojvode Savatija,https://www.4zida.rs/izdavanje-stanova/djeram-zvezdara-opstina-beograd/trosoban-stan/6504244874aedb0cd70f826b,novo,nan,etažno grejanje,Terasa,6,namešteno,2023-09-16,0,14.0625,2.7122082112508736,13.408044429777405,858.1148435057539
1680,71.0,Trosoban,7,0,0,800.0,Beograd,Zvezdara opština,Đeram,Stan u zgradi,nan,,Đeram,https://www.4zida.rs/izdavanje-stanova/djeram-zvezdara-opstina-beograd/trosoban-stan/650479911b34c6180f069b87,nan,nan,nan,Nan,7,nan,2023-09-16,0,11.267605633802816,2.5069620998111874,13.003121131611634,923.221600344426
465,30.0,Jednoiposoban,-1,0,0,400.0,Beograd,Zvezdara opština,Đeram,nan,nan,,Vatroslava Jagića,https://www.4zida.rs/izdavanje-stanova/djeram-zvezdara-opstina-beograd/jednoiposoban-stan/65042dd0bdcfe6a75801491d,uobičajeno stanje,nan,grejanje na struju,Nan,0,namešteno,2023-09-16,0,13.333333333333334,2.662587827025453,12.252901460006365,367.58704380019094
194,36.0,Jednosoban,0,0,0,400.0,Beograd,Zvezdara opština,Đeram,Stan u zgradi,ima lift (1),,Pecska,https://www.4zida.rs/izdavanje-stanova/djeram-zvezdara-opstina-beograd/jednosoban-stan/64f9ae1abf5c8ac19b00f032,održavano,uknjiženo,centralno grejanje,Terasa,8,polunamešteno,2023-09-17,0,11.11111111111111,2.4941233048929243,9.619474382297328,346.3010777627038
632,38.0,Jednosoban,3,0,0,450.0,Beograd,Zvezdara opština,Đeram,nan,ima lift (1),,Vojvode Brane,https://www.4zida.rs/izdavanje-stanova/djeram-zvezdara-opstina-beograd/jednosoban-stan/6508c9e3e761d9d8710a4305,nan,uknjiženo,centralno grejanje,"Podrum, Terasa",6,namešteno,2023-09-19,0,11.842105263157896,2.5527292461267614,12.048404025363027,457.839352963795
68,135.0,Trosoban,5,0,1,1400.0,Beograd,Zvezdara opština,Đeram,Dupleks,ima lift (1),,Đevđelijska,https://www.4zida.rs/izdavanje-stanova/djeram-zvezdara-opstina-beograd/trosoban-stan/65048f14d15118993d004d0c,novo,nan,centralno grejanje,Terasa,6,namešteno,2023-09-19,0,10.37037037037037,2.431010881582868,11.375893573674936,1535.7456324461164
166,47.0,Dvosoban,2,0,0,700.0,Beograd,Zvezdara opština,Đeram,nan,ima lift (1),,Vojvode Savatija,https://www.4zida.rs/izdavanje-stanova/djeram-zvezdara-opstina-beograd/dvosoban-stan/65083e7fb224f9813a08d0f6,novo,nan,centralno grejanje,Terasa,5,namešteno,2023-09-19,0,14.893617021276595,2.7659175834227585,13.763902955073014,646.9034388884317
281,37.0,Jednosoban,1,0,0,450.0,Beograd,Zvezdara opština,Đeram,Stan u zgradi,nan,,Jedrenska,https://www.4zida.rs/izdavanje-stanova/djeram-zvezdara-opstina-beograd/jednosoban-stan/650ae6fc4f39ca2e3100ebdc,novo,nan,centralno grejanje,Nan,4,namešteno,2023-09-21,0,12.162162162162161,2.5773462104383653,12.82707787498006,474.6018813742622
420,64.0,Dvoiposoban,4,0,0,900.0,Beograd,Zvezdara opština,Đeram,Stan u zgradi,ima lift (1),,Djeram,https://www.4zida.rs/izdavanje-stanova/djeram-zvezdara-opstina-beograd/dvoiposoban-stan/65045d4bd06fa80a9e07225d,novo,nan,etažno grejanje,"Terasa, Lođa",6,namešteno,2023-09-21,0,14.0625,2.7122082112508736,12.479786576718638,798.7063409099928
139,163.0,Petosoban,5,0,0,1400.0,Beograd,Zvezdara opština,Đeram,Penthaus,ima lift (1),,Đevđelijska,https://www.4zida.rs/izdavanje-stanova/djeram-zvezdara-opstina-beograd/petosoban-stan/650ae4d163090cbb0c0c13de,novo,nan,centralno grejanje,"Podrum, Terasa, Lođa",6,namešteno,2023-09-21,0,8.588957055214724,2.260612129614714,12.703569944654145,2070.6819009786254
181,38.0,Jednosoban,1,0,0,450.0,Beograd,Zvezdara opština,Đeram,Stan u zgradi,ima lift (1),,Đeram,https://www.4zida.rs/izdavanje-stanova/djeram-zvezdara-opstina-beograd/jednosoban-stan/650ae3aa63090cbb0c0c138c,uobičajeno stanje,uknjiženo,centralno grejanje,Nan,0,namešteno,2023-09-21,0,11.842105263157896,2.5527292461267614,12.740201518636649,484.12765770819266
810,37.0,Jednosoban,1,0,0,450.0,Beograd,Zvezdara opština,Đeram,nan,ima lift (1),,Đeram,https://www.4zida.rs/izdavanje-stanova/djeram-zvezdara-opstina-beograd/jednosoban-stan/650b18a28a1c93de4b00e388,uobičajeno stanje,uknjiženo,centralno grejanje,Terasa,0,namešteno,2023-09-21,0,12.162162162162161,2.5773462104383653,12.957406199609537,479.42402938555284
241,157.0,Četvoroiposoban,5,0,1,1400.0,Beograd,Zvezdara opština,Đeram,nan,ima lift (1),2010.0,Đevđelijska,https://www.4zida.rs/izdavanje-stanova/djeram-zvezdara-opstina-beograd/cetvoroiposoban-stan/650d68771c92ad724d02c3de,novo,uknjiženo,centralno grejanje,"Podrum, Terasa, Lođa",6,namešteno,2023-09-22,0,8.9171974522293,2.2942703664856903,12.341774201089228,1937.6585495710087
304,36.0,Jednosoban,3,0,0,650.0,Beograd,Zvezdara opština,Đeram,Stan u zgradi,ima lift (1),,Pećska,https://www.4zida.rs/izdavanje-stanova/djeram-zvezdara-opstina-beograd/jednosoban-stan/651404772f2be25c570ab364,nan,nan,centralno grejanje,Terasa,5,namešteno,2023-09-29,0,18.055555555555557,2.9473586892697754,13.256969123036509,477.25088842931433
936,32.0,Jednoiposoban,3,0,1,600.0,Beograd,Zvezdara opština,Đeram,nan,ima lift (1),,Šabačka,https://www.4zida.rs/izdavanje-stanova/djeram-zvezdara-opstina-beograd/jednoiposoban-stan/6515c0d727084c2c010fbf98,novo,uknjiženo,nan,Nan,6,polunamešteno,2023-09-29,0,18.75,2.9831534913471307,16.784493206551893,537.1037826096606
260,43.0,Dvosoban,1,0,0,600.0,Beograd,Zvezdara opština,Đeram,nan,nan,,Đeram,https://www.4zida.rs/izdavanje-stanova/djeram-zvezdara-opstina-beograd/dvosoban-stan/651a88665993ecfe470ce445,novo,uknjiženo,centralno grejanje,Terasa,0,namešteno,2023-10-02,0,13.953488372093023,2.704944608544057,14.743654302418715,633.9771350040047
215,80.0,Trosoban,1,0,0,1000.0,Beograd,Zvezdara opština,Đeram,Salonac,ima lift (1),,Đeram,https://www.4zida.rs/izdavanje-stanova/djeram-zvezdara-opstina-beograd/trosoban-stan/651a888a5993ecfe470ce538,novo,uknjiženo,etažno grejanje,"Terasa, Lođa",0,namešteno,2023-10-02,0,12.5,2.6026896854443837,13.381800770714609,1070.5440616571686
117,56.0,Dvosoban,2,0,1,700.0,Beograd,Zvezdara opština,Đeram,nan,ima lift (1),,Đeram,https://www.4zida.rs/izdavanje-stanova/djeram-zvezdara-opstina-beograd/dvosoban-stan/651a885c5993ecfe470ce406,renovirano,uknjiženo,centralno grejanje,Terasa,0,namešteno,2023-10-02,0,12.5,2.6026896854443837,14.502031336153154,812.1137548245766
66,55.0,Dvosoban,2,0,0,900.0,Beograd,Zvezdara opština,Đeram,nan,ima lift,,Đeram,https://www.4zida.rs/izdavanje-stanova/djeram-zvezdara-opstina-beograd/dvosoban-stan/651a88b55993ecfe470ce62e,novo,uknjiženo,centralno grejanje,Terasa,0,namešteno,2023-10-02,0,16.363636363636363,2.854378155248259,14.39130693787571,791.521881583164
841,103.0,Trosoban,5,0,0,1500.0,Beograd,Zvezdara opština,Đeram,nan,ima lift (1),,Gajeva,https://www.4zida.rs/izdavanje-stanova/djeram-zvezdara-opstina-beograd/trosoban-stan/651ab349480d0ba37e0a7f84,nan,nan,centralno grejanje,Terasa,0,namešteno,2023-10-02,0,14.563106796116505,2.744903164379917,13.197837377743873,1359.377249907619
798,55.0,Dvosoban,2,0,1,1000.0,Beograd,Zvezdara opština,Đeram,Stan u zgradi,ima lift (1),,Gajeva,https://www.4zida.rs/izdavanje-stanova/djeram-zvezdara-opstina-beograd/dvosoban-stan/651c25d55857434e340d6587,luksuzno,nan,etažno grejanje,Terasa,0,namešteno,2023-10-03,0,18.181818181818183,2.953962860677696,20.151954164596823,1108.3574790528253
476,71.0,Trosoban,7,0,0,800.0,Beograd,Zvezdara opština,Đeram,nan,ima lift (1),,Đakovačka,https://www.4zida.rs/izdavanje-stanova/djeram-zvezdara-opstina-beograd/trosoban-stan/651bf60f67742bedce088987,uobičajeno stanje,uknjiženo,centralno grejanje,Terasa,7,namešteno,2023-10-03,0,11.267605633802816,2.5069620998111874,11.573672715463994,821.7307627979436
579,38.0,Jednoiposoban,2,0,0,700.0,Beograd,Zvezdara opština,Đeram,nan,ima lift (1),,Đeram,https://www.4zida.rs/izdavanje-stanova/djeram-zvezdara-opstina-beograd/jednoiposoban-stan/651c58480607a9a76c06dcfb,novo,uknjiženo,centralno grejanje,Terasa,0,namešteno,2023-10-04,0,18.42105263157895,2.966357664874087,16.563582445367054,629.416132923948
175,70.0,Trosoban,2,0,0,1350.0,Beograd,Zvezdara opština,Đeram,nan,ima lift (1),,Đeram,https://www.4zida.rs/izdavanje-stanova/djeram-zvezdara-opstina-beograd/trosoban-stan/651c58470607a9a76c06dcf7,renovirano,uknjiženo,centralno grejanje,Terasa,0,prazno,2023-10-04,0,19.285714285714285,3.0099169085459474,11.933361789084257,835.335325235898
820,70.0,Trosoban,2,0,0,1350.0,Beograd,Zvezdara opština,Đeram,nan,ima lift (1),,Đuke Dinić,https://www.4zida.rs/izdavanje-stanova/djeram-zvezdara-opstina-beograd/trosoban-stan/651d47880b3d51d4bc0f80eb,renovirano,uknjiženo,centralno grejanje,Terasa,5,polunamešteno,2023-10-04,0,19.285714285714285,3.0099169085459474,17.67454544648025,1237.2181812536173
792,70.0,Trosoban,2,0,0,1350.0,Beograd,Zvezdara opština,Đeram,Stan u zgradi,ima lift (1),,Đuke Dinić,https://www.4zida.rs/izdavanje-stanova/djeram-zvezdara-opstina-beograd/trosoban-stan/651d4b78f24807a5fb0a2fb3,renovirano,nan,centralno grejanje,Terasa,5,polunamešteno,2023-10-04,0,19.285714285714285,3.0099169085459474,17.239676200182036,1206.7773340127426
670,70.0,Trosoban,2,0,0,1350.0,Beograd,Zvezdara opština,Đeram,nan,ima lift (1),,Đuke Dinić,https://www.4zida.rs/izdavanje-stanova/djeram-zvezdara-opstina-beograd/trosoban-stan/651ea83ee972b357b400c144,renovirano,uknjiženo,centralno grejanje,Lođa,5,namešteno,2023-10-05,0,19.285714285714285,3.0099169085459474,19.013522909945504,1330.9466036961853
1026,70.0,Trosoban,2,0,0,1350.0,Beograd,Zvezdara opština,Đeram,Stan u zgradi,ima lift (1),,Đuke Dinić,https://www.4zida.rs/izdavanje-stanova/djeram-zvezdara-opstina-beograd/trosoban-stan/652aa04179f6326c5802ed80,renovirano,nan,centralno grejanje,Terasa,5,polunamešteno,2023-10-14,0,19.285714285714285,3.0099169085459474,17.25036350598137,1207.5254454186959
554,71.0,Dvoiposoban,7,0,0,800.0,Beograd,Zvezdara opština,Đeram,Stan u zgradi,ima lift,,Đakovačka,https://www.4zida.rs/izdavanje-stanova/djeram-zvezdara-opstina-beograd/dvoiposoban-stan/652a7a95a3156dc17404b440,novo,nan,centralno grejanje,Nan,7,namešteno,2023-10-14,0,11.267605633802816,2.5069620998111874,12.591373017175831,893.987484219484
409,87.0,Četvorosoban,3,0,0,1100.0,Beograd,Zvezdara opština,Đeram,nan,bez lifta,,Đeram,https://www.4zida.rs/izdavanje-stanova/djeram-zvezdara-opstina-beograd/cetvorosoban-stan/651a88675993ecfe470ce44b,renovirano,uknjiženo,centralno grejanje,Terasa,0,polunamešteno,2023-10-30,0,12.64367816091954,2.6132762759550845,11.009707803291457,957.8445788863568
1724,59.0,Dvoiposoban,3,0,0,700.0,Beograd,Zvezdara opština,Đeram,nan,ima lift (1),,Bulevar Kralja Aleksandra,https://www.4zida.rs/izdavanje-stanova/djeram-zvezdara-opstina-beograd/dvoiposoban-stan/6541347335838c6b7305c8d2,renovirano,uknjiženo,TA peć,Terasa,5,prazno,2023-11-09,0,11.864406779661017,2.5544643334899106,10.459599469316469,617.1163686896717
276,28.0,Jednosoban,2,0,0,300.0,Beograd,Zvezdara opština,Đeram,Stan u zgradi,nan,,Đakovačka,https://www.4zida.rs/izdavanje-stanova/djeram-zvezdara-opstina-beograd/jednosoban-stan/65538ccbb93c9f642f07dff8,renovirano,uknjiženo,etažno grejanje,Terasa,4,nan,2023-11-14,0,10.714285714285714,2.46080909820894,14.05008283446137,393.4023193649184
1512,50.0,Dvosoban,4,0,0,600.0,Beograd,Zvezdara opština,Đeram,Stan u zgradi,ima lift (1),,Vojvode Savatija,https://www.4zida.rs/izdavanje-stanova/djeram-zvezdara-opstina-beograd/dvosoban-stan/6537f19319607b9247000197,novo,nan,centralno grejanje,Terasa,0,namešteno,2023-11-15,0,12.0,2.5649493574615367,13.94147842923798,697.073921461899
393,40.0,Dvosoban,4,0,0,700.0,Beograd,Zvezdara opština,Đeram,nan,ima lift (1),,Branka Krsmanovica,https://www.4zida.rs/izdavanje-stanova/djeram-zvezdara-opstina-beograd/dvosoban-stan/655a096ea7f4bf69f705741d,nan,nan,centralno grejanje,Terasa,5,namešteno,2023-11-20,0,17.5,2.917770732084279,13.178718339335703,527.1487335734281
1308,40.0,Jednoiposoban,4,0,0,650.0,Beograd,Zvezdara opština,Đeram,nan,ima lift (1),,Branka Krsmanovića,https://www.4zida.rs/izdavanje-stanova/djeram-zvezdara-opstina-beograd/jednoiposoban-stan/655b927396f3daf16800dd1f,novo,uknjiženo,centralno grejanje,Terasa,5,namešteno,2023-11-21,0,16.25,2.847812143477369,15.203209397402533,608.1283758961014
405,46.0,Dvosoban,5,0,0,700.0,Beograd,Zvezdara opština,Đeram,Stan u zgradi,ima lift (1),,Jedrenska,https://www.4zida.rs/izdavanje-stanova/djeram-zvezdara-opstina-beograd/dvosoban-stan/654d1830ef95c906f9071793,novo,nan,centralno grejanje,Terasa,6,namešteno,2023-11-29,0,15.217391304347826,2.786084203714666,13.559307278201574,623.7281347972724
23,68.0,Dvoiposoban,2,0,1,700.0,Beograd,Zvezdara opština,Đeram,nan,ima lift (1),,Đeram,https://www.4zida.rs/izdavanje-stanova/djeram-zvezdara-opstina-beograd/dvoiposoban-stan/65664884fe1b05365b03f60f,novo,uknjiženo,centralno grejanje,Terasa,0,namešteno,2023-11-29,0,10.294117647058824,2.4242820279715653,14.756319556663122,1003.4297298530923
769,50.0,Dvosoban,1,0,1,420.0,Beograd,Zvezdara opština,Đeram,nan,nan,,Trscanska,https://www.4zida.rs/izdavanje-stanova/djeram-zvezdara-opstina-beograd/dvosoban-stan/60c46f5a2183a3166f49ca45,renovirano,nan,TA peć,"Dvorište, Terase (2)",1,namešteno,2023-12-04,0,8.4,2.2407096892759584,11.586517287513788,579.3258643756894
1796,78.0,Trosoban,0,0,0,750.0,Beograd,Zvezdara opština,Đeram,Stan u zgradi,nan,,Branka Krsmanovića,https://www.4zida.rs/izdavanje-stanova/djeram-zvezdara-opstina-beograd/trosoban-stan/656b4cf0d334dea444072d4c,renovirano,nan,TA peć,Nan,5,namešteno,2023-12-06,0,9.615384615384615,2.362304327695668,9.617938361200652,750.1991921736509
1166,42.0,Jednosoban,3,0,0,600.0,Beograd,Zvezdara opština,Đeram,nan,ima lift (1),,Đevđelijska,https://www.4zida.rs/izdavanje-stanova/djeram-zvezdara-opstina-beograd/jednosoban-stan/6561f2cf0606b4f9fa04b2dc,renovirano,nan,centralno grejanje,Terasa,4,prazno,2023-12-06,0,14.285714285714286,2.7269186854065928,12.054312331948447,506.2811179418348
1,34.0,Dvosoban,2,0,0,500.0,Beograd,Zvezdara opština,Đeram,nan,ima lift (1),,Đeram,https://www.4zida.rs/izdavanje-stanova/djeram-zvezdara-opstina-beograd/dvosoban-stan/6570a7d52fce0277580c4b54,luksuzno,uknjiženo,centralno grejanje,Nan,0,namešteno,2023-12-06,0,14.705882352941176,2.7540353143440335,18.13744879086658,616.6732588894637
62,100.0,Četvorosoban,-1,0,0,1300.0,Beograd,Zvezdara opština,Đeram,nan,nan,,Đeram,https://www.4zida.rs/izdavanje-stanova/djeram-zvezdara-opstina-beograd/cetvorosoban-stan/6570bdccd0a10715cf014953,novo,uknjiženo,centralno grejanje,Terasa,0,prazno,2023-12-07,0,13.0,2.639057329615259,11.130941360146162,1113.0941360146162
1020,40.0,Jednoiposoban,4,0,0,650.0,Beograd,Zvezdara opština,Đeram,Stan u zgradi,ima lift (1),,Branka Krsmanovića,https://www.4zida.rs/izdavanje-stanova/djeram-zvezdara-opstina-beograd/jednoiposoban-stan/656f1833403e1246200c038b,novo,nan,centralno grejanje,Terasa,5,namešteno,2023-12-08,0,16.25,2.847812143477369,14.37704933733985,575.081973493594
464,103.0,Trosoban,5,0,0,1500.0,Beograd,Zvezdara opština,Đeram,nan,ima lift (1),,Gajeva,https://www.4zida.rs/izdavanje-stanova/djeram-zvezdara-opstina-beograd/trosoban-stan/63e642f2946850374b07ed0c,nan,nan,centralno grejanje,"Terasa, Lođa",5,namešteno,2023-12-13,0,14.563106796116505,2.744903164379917,12.910302138622331,1329.7611202781002
241,38.0,Jednoiposoban,5,0,0,500.0,Beograd,Zvezdara opština,Đeram,Stan u zgradi,ima lift (1),,Šabačka,https://www.4zida.rs/izdavanje-stanova/djeram-zvezdara-opstina-beograd/jednoiposoban-stan/6579b2070a1466189405462d,novo,uknjiženo,centralno grejanje,Nan,5,namešteno,2023-12-13,0,13.157894736842104,2.650272400435399,14.760352013599062,560.8933765167644
113,83.0,Četvorosoban,1,0,1,1300.0,Beograd,Zvezdara opština,Đeram,nan,nan,,Branka Krsmanovića,https://www.4zida.rs/izdavanje-stanova/djeram-zvezdara-opstina-beograd/cetvorosoban-stan/6579ca2031dff763de01df73,novo,uknjiženo,centralno grejanje,Terasa,5,namešteno,2023-12-13,0,15.662650602409638,2.8131697238681603,13.60178958839579,1128.9485358368506
361,87.0,Trosoban,5,0,0,700.0,Beograd,Zvezdara opština,Đeram,Stan u zgradi,ima lift (1),,Šabačka,https://www.4zida.rs/izdavanje-stanova/djeram-zvezdara-opstina-beograd/trosoban-stan/657ad94a0a7f3857cc07d490,novo,uknjiženo,centralno grejanje,Nan,5,namešteno,2023-12-14,0,8.045977011494253,2.2023201297628194,11.786916749945284,1025.4617572452398
1097,59.0,Dvoiposoban,1,0,0,850.0,Beograd,Zvezdara opština,Đeram,nan,nan,,Đeram,https://www.4zida.rs/izdavanje-stanova/djeram-zvezdara-opstina-beograd/dvoiposoban-stan/657ac5cff0e77965250c096f,novo,uknjiženo,centralno grejanje,Terasa,0,namešteno,2023-12-15,0,14.40677966101695,2.7348076502717595,13.300106224901532,784.7062672691903
95,45.0,Dvosoban,3,0,0,650.0,Beograd,Zvezdara opština,Đeram,nan,nan,,Tršćanska,https://www.4zida.rs/izdavanje-stanova/djeram-zvezdara-opstina-beograd/dvosoban-stan/657f4d2135ea01b30403e956,renovirano,uknjiženo,centralno grejanje,Terasa,5,namešteno,2023-12-17,0,14.444444444444445,2.7372493557944724,12.571312735753576,565.709073108911
56,40.0,Dvosoban,1,1,0,500.0,Beograd,Zvezdara opština,Đeram,nan,ima lift (1),,Đeram,https://www.4zida.rs/izdavanje-stanova/djeram-zvezdara-opstina-beograd/dvosoban-stan/6580525bc36a0c6b17098f7d,renovirano,uknjiženo,TA peć,Nan,0,namešteno,2023-12-18,0,12.5,2.6026896854443837,13.785291069725222,551.4116427890089
155,62.0,Dvosoban,4,0,1,900.0,Beograd,Zvezdara opština,Đeram,nan,ima lift (1),,Đeram,https://www.4zida.rs/izdavanje-stanova/djeram-zvezdara-opstina-beograd/dvosoban-stan/6582e72b9841452fe6059fc1,novo,uknjiženo,centralno grejanje,Terasa,0,namešteno,2023-12-20,0,14.516129032258064,2.741880065620615,15.001569287902454,930.0972958499522
76,36.0,Jednosoban,1,0,0,450.0,Beograd,Zvezdara opština,Đeram,nan,nan,,Đeram,https://www.4zida.rs/izdavanje-stanova/djeram-zvezdara-opstina-beograd/jednosoban-stan/6582e72b9841452fe6059fbe,renovirano,uknjiženo,centralno grejanje,Terasa,0,namešteno,2023-12-20,0,12.5,2.6026896854443837,13.29602803045764,478.657009096475
38,40.0,Jednoiposoban,1,0,0,500.0,Beograd,Zvezdara opština,Đeram,nan,nan,,Đuke Dinić,https://www.4zida.rs/izdavanje-stanova/djeram-zvezdara-opstina-beograd/jednoiposoban-stan/6582d9549dae97f5d9016856,renovirano,uknjiženo,TA peć,Nan,3,namešteno,2023-12-20,0,12.5,2.6026896854443837,19.15853026625483,766.3412106501931
426,75.0,Trosoban,1,0,0,850.0,Beograd,Zvezdara opština,Đeram,nan,ima lift (1),,Vojvode Savatija,https://www.4zida.rs/izdavanje-stanova/djeram-zvezdara-opstina-beograd/trosoban-stan/65842adcdc2dbe471c0a1157,uobičajeno stanje,uknjiženo,centralno grejanje,Terasa,4,namešteno,2023-12-21,0,11.333333333333334,2.512305623976115,11.028801383734756,827.1601037801066
65,75.0,Trosoban,1,0,0,900.0,Beograd,Zvezdara opština,Đeram,nan,ima lift (1),,Đeram,https://www.4zida.rs/izdavanje-stanova/djeram-zvezdara-opstina-beograd/trosoban-stan/65842a95dc2dbe471c0a113c,novo,uknjiženo,centralno grejanje,Terasa,0,namešteno,2023-12-22,0,12.0,2.5649493574615367,13.50891442991924,1013.1685822439431
458,38.0,Jednoiposoban,1,0,0,500.0,Beograd,Zvezdara opština,Đeram,Stan u zgradi,nan,,Đeram,https://www.4zida.rs/izdavanje-stanova/djeram-zvezdara-opstina-beograd/jednoiposoban-stan/65844105016553c32b0bc1ed,renovirano,nan,TA peć,Nan,4,namešteno,2023-12-22,0,13.157894736842104,2.650272400435399,12.785448778306224,485.8470535756365
147,47.0,Dvosoban,5,0,1,800.0,Beograd,Zvezdara opština,Đeram,nan,ima lift (1),,Marka Oreškovića,https://www.4zida.rs/izdavanje-stanova/djeram-zvezdara-opstina-beograd/dvosoban-stan/6584560927fcf8d2000d15e6,nan,nan,centralno grejanje,Terasa,7,namešteno,2023-12-22,0,17.02127659574468,2.891553092941996,14.518035551744608,682.3476709319966
295,75.0,Trosoban,1,0,0,900.0,Beograd,Zvezdara opština,Đeram,nan,ima lift (1),,Vojvode Savatija,https://www.4zida.rs/izdavanje-stanova/djeram-zvezdara-opstina-beograd/trosoban-stan/65842adcdc2dbe471c0a1157,uobičajeno stanje,uknjiženo,centralno grejanje,Terasa,4,namešteno,2023-12-22,0,12.0,2.5649493574615367,11.029506010250604,827.2129507687953
120,67.0,Dvosoban,1,0,0,500.0,Beograd,Zvezdara opština,Đeram,Stan u zgradi,ima lift (1),,Preševska,https://www.4zida.rs/izdavanje-stanova/djeram-zvezdara-opstina-beograd/dvosoban-stan/6585abc68f0d7dabd009ee19,novo,nan,centralno grejanje,Lođa,5,polunamešteno,2023-12-23,0,7.462686567164179,2.135666684336786,10.230896969262263,685.4700969405716
309,67.0,Dvosoban,1,0,0,500.0,Beograd,Zvezdara opština,Đeram,nan,ima lift (1),,Preševska,https://www.4zida.rs/izdavanje-stanova/djeram-zvezdara-opstina-beograd/dvosoban-stan/6586c07f096131bf2009025f,novo,nan,centralno grejanje,Nan,5,prazno,2023-12-24,0,7.462686567164179,2.135666684336786,11.024570361290882,738.6462142064892
292,68.0,Dvosoban,1,0,0,500.0,Beograd,Zvezdara opština,Đeram,nan,ima lift (1),,Đeram,https://www.4zida.rs/izdavanje-stanova/djeram-zvezdara-opstina-beograd/dvosoban-stan/6586f7be1f5035fd0d01c5b6,novo,uknjiženo,centralno grejanje,Lođa,0,polunamešteno,2023-12-24,0,7.352941176470588,2.1226137135450447,11.427745520816693,777.0866954155351
55,50.0,Dvosoban,2,0,0,850.0,Beograd,Zvezdara opština,Đeram,nan,nan,,Đeram,https://www.4zida.rs/izdavanje-stanova/djeram-zvezdara-opstina-beograd/dvosoban-stan/6589b74cc06ae829f50b486d,renovirano,uknjiženo,grejanje na struju,Nan,0,namešteno,2023-12-25,0,17.0,2.8903717578961645,12.850276140194477,642.5138070097239
41,50.0,Dvosoban,2,0,0,850.0,Beograd,Zvezdara opština,Đeram,nan,nan,,Bulevar Kralja Aleksandra,https://www.4zida.rs/izdavanje-stanova/djeram-zvezdara-opstina-beograd/dvosoban-stan/65897fc6bd156d52490456ba,renovirano,nan,grejanje na struju,Nan,5,namešteno,2023-12-25,0,17.0,2.8903717578961645,11.894347925496831,594.7173962748416
287,50.0,Dvosoban,2,0,0,850.0,Beograd,Zvezdara opština,Đeram,Stan u zgradi,nan,,Bulevar Kralja Aleksandra,https://www.4zida.rs/izdavanje-stanova/djeram-zvezdara-opstina-beograd/dvosoban-stan/6589673d862894c04a0f0032,renovirano,nan,TA peć,Lođa,5,namešteno,2023-12-26,0,17.0,2.8903717578961645,10.480803804746284,524.0401902373142
192,75.0,Trosoban,1,0,0,1000.0,Beograd,Zvezdara opština,Đeram,Stan u zgradi,ima lift (1),,Đeram,https://www.4zida.rs/izdavanje-stanova/djeram-zvezdara-opstina-beograd/trosoban-stan/658c1ac36358cbc98a02b68a,novo,nan,centralno grejanje,Terasa,4,namešteno,2023-12-27,0,13.333333333333334,2.662587827025453,13.459242859830148,1009.4432144872611
152,95.0,Trosoban,0,0,0,600.0,Beograd,Zvezdara opština,Đeram,Stan u kući,ima lift (1),,Kajmakčalanska,https://www.4zida.rs/izdavanje-stanova/djeram-zvezdara-opstina-beograd/trosoban-stan/658ebd137eb618c04305bed3,uobičajeno stanje,uknjiženo,nan,Terasa,1,polunamešteno,2023-12-29,0,6.315789473684211,1.9900349539642512,7.91255462371137,751.6926892525802
386,63.0,Dvosoban,4,0,0,900.0,Beograd,Zvezdara opština,Đeram,Stan u zgradi,ima lift (1),2010.0,Đeram,https://www.4zida.rs/izdavanje-stanova/djeram-zvezdara-opstina-beograd/dvosoban-stan/65908f84a3f9902a180accb4,novo,nan,centralno grejanje,"Prilaz Za Invalide, Terasa",6,namešteno,2023-12-31,0,14.285714285714286,2.7269186854065928,13.86609771477458,873.5641560307986
456,64.0,Dvosoban,4,0,0,900.0,Beograd,Zvezdara opština,Đeram,nan,ima lift (1),,Bulevar Kralja Aleksandra,https://www.4zida.rs/izdavanje-stanova/djeram-zvezdara-opstina-beograd/dvosoban-stan/659427d29f8e1df717071112,nan,nan,centralno grejanje,Terasa,6,namešteno,2024-01-02,0,14.0625,2.7122082112508736,11.306073554042289,723.5887074587065
107,86.0,Trosoban,5,0,1,700.0,Beograd,Zvezdara opština,Đeram,Stan u zgradi,ima lift (1),,Šabačka,https://www.4zida.rs/izdavanje-stanova/djeram-zvezdara-opstina-beograd/trosoban-stan/658ebc0c7eb618c04305be9d,novo,nan,centralno grejanje,Terasa,6,namešteno,2024-01-03,0,8.13953488372093,2.212609496175699,12.997371771630291,1117.773972360205
312,63.0,Dvosoban,4,0,0,900.0,Beograd,Zvezdara opština,Đeram,nan,ima lift (1),,Živojina Žujovića,https://www.4zida.rs/izdavanje-stanova/djeram-zvezdara-opstina-beograd/dvosoban-stan/65955d379c7a2f69d60edc42,novo,nan,centralno grejanje,Terasa,6,namešteno,2024-01-03,0,14.285714285714286,2.7269186854065928,12.62001210161261,795.0607624015945
95,50.0,Dvosoban,2,0,0,500.0,Beograd,Zvezdara opština,Đeram,nan,ima lift (1),,Branka Krsmanovića,https://www.4zida.rs/izdavanje-stanova/djeram-zvezdara-opstina-beograd/dvosoban-stan/6596e6f54b54f38939074b25,nan,nan,centralno grejanje,Terasa,6,namešteno,2024-01-04,0,10.0,2.3978952727983707,11.902198298805374,595.1099149402687
427,63.0,Dvosoban,4,0,0,900.0,Beograd,Zvezdara opština,Đeram,Stan u zgradi,ima lift (1),,Živojina Žujovića,https://www.4zida.rs/izdavanje-stanova/djeram-zvezdara-opstina-beograd/dvosoban-stan/65956f306422164d840e6ab0,novo,nan,centralno grejanje,Terasa,6,namešteno,2024-01-04,0,14.285714285714286,2.7269186854065928,12.405352074583998,781.5371806987919
161,86.0,Trosoban,5,0,1,700.0,Beograd,Zvezdara opština,Đeram,nan,ima lift (1),,Sabacka,https://www.4zida.rs/izdavanje-stanova/djeram-zvezdara-opstina-beograd/trosoban-stan/65973b4830b834934a0d00f7,nan,nan,centralno grejanje,Terasa,6,namešteno,2024-01-05,0,8.13953488372093,2.212609496175699,11.6808747237096,1004.5552262390256
125,68.0,Troiposoban,4,0,0,700.0,Beograd,Zvezdara opština,Đeram,Dupleks,ima lift (1),2005.0,Marka Oreškovića,https://www.4zida.rs/izdavanje-stanova/djeram-zvezdara-opstina-beograd/troiposoban-stan/65983795b7c28711150b5b95,novo,uknjiženo,centralno grejanje,Terasa,4,prazno,2024-01-05,0,10.294117647058824,2.4242820279715653,12.75831393637165,867.5653476732722
79,56.0,Dvosoban,2,0,0,800.0,Beograd,Zvezdara opština,Đeram,Stan u zgradi,nan,,Pećka,https://www.4zida.rs/izdavanje-stanova/djeram-zvezdara-opstina-beograd/dvosoban-stan/6599503dd6b0e6b30b01d95f,nan,uknjiženo,centralno grejanje,Terasa,6,namešteno,2024-01-06,0,14.285714285714286,2.7269186854065928,10.714635971841547,600.0196144231267
12,50.0,Dvosoban,2,0,0,500.0,Beograd,Zvezdara opština,Đeram,nan,ima lift (1),,Đeram,https://www.4zida.rs/izdavanje-stanova/djeram-zvezdara-opstina-beograd/dvosoban-stan/659bf3ba42a153867f0ce5ce,renovirano,uknjiženo,centralno grejanje,Terasa,0,namešteno,2024-01-08,0,10.0,2.3978952727983707,13.687223717592405,684.3611858796203
89,70.0,Trosoban,5,0,0,900.0,Beograd,Zvezdara opština,Đeram,Dupleks,ima lift (1),2005.0,Marka Oreskovica,https://www.4zida.rs/izdavanje-stanova/djeram-zvezdara-opstina-beograd/trosoban-stan/659d21869a7bfcd5990af09e,novo,nan,centralno grejanje,Terasa,5,namešteno,2024-01-09,0,12.857142857142858,2.6288008294480694,12.058068682138495,844.0648077496946
326,158.0,Četvorosoban,0,0,0,1500.0,Beograd,Zvezdara opština,Đeram,Stan u zgradi,nan,,Vojvode Savatija,https://www.4zida.rs/izdavanje-stanova/djeram-zvezdara-opstina-beograd/cetvorosoban-stan/659d2e3764d0ef6b8004f6b6,nan,nan,norveški radijatori,Terasa,1,prazno,2024-01-09,0,9.49367088607595,2.3507723026682736,8.07296566378599,1275.5285748781864
283,55.0,Dvosoban,1,0,0,450.0,Beograd,Zvezdara opština,Đeram,nan,ima lift (1),,Bulevar Kralja Aleksandra,https://www.4zida.rs/izdavanje-stanova/djeram-zvezdara-opstina-beograd/dvosoban-stan/659d4657c9400e718601d0d6,nan,nan,centralno grejanje,Terasa,6,namešteno,2024-01-09,0,8.181818181818182,2.217225244042889,11.67284715135791,642.006593324685
387,70.0,Dvosoban,-1,0,0,1500.0,Beograd,Zvezdara opština,Đeram,Stan u zgradi,nan,,Đeram,https://www.4zida.rs/izdavanje-stanova/djeram-zvezdara-opstina-beograd/dvosoban-stan/659d6eb59daf2064a203420e,nan,nan,TA peć,Nan,0,polunamešteno,2024-01-09,0,21.428571428571427,3.1103356562929947,8.573304236813927,600.1312965769749
498,29.0,Garsonjera,3,0,0,500.0,Beograd,Zvezdara opština,Đeram,Stan u zgradi,ima lift (1),,Starca Vujadina,https://www.4zida.rs/izdavanje-stanova/djeram-zvezdara-opstina-beograd/garsonjera/659e7fe910ba27aaf00f4da4,novo,nan,centralno grejanje,Terasa,5,namešteno,2024-01-10,0,17.24137931034483,2.9036926018718257,18.100418140217954,524.9121260663206
429,38.0,Jednoiposoban,2,1,0,500.0,Beograd,Zvezdara opština,Đeram,nan,nan,,Tršćanska,https://www.4zida.rs/izdavanje-stanova/djeram-zvezdara-opstina-beograd/jednoiposoban-stan/659ffb833f06e3d8d7033403,renovirano,uknjiženo,nan,Nan,3,prazno,2024-01-11,0,13.157894736842104,2.650272400435399,13.711384596764914,521.0326146770667
253,56.0,Dvosoban,1,0,0,800.0,Beograd,Zvezdara opština,Đeram,nan,ima lift (1),,Đeram,https://www.4zida.rs/izdavanje-stanova/djeram-zvezdara-opstina-beograd/dvosoban-stan/65a03c8c2a95c308e30bf248,novo,uknjiženo,centralno grejanje,Terasa,0,namešteno,2024-01-11,0,14.285714285714286,2.7269186854065928,14.171061820563041,793.5794619515303
280,35.0,Jednoiposoban,1,0,0,600.0,Beograd,Zvezdara opština,Đeram,Stan u zgradi,nan,,Bulevar Kralja Aleksandra,https://www.4zida.rs/izdavanje-stanova/djeram-zvezdara-opstina-beograd/jednoiposoban-stan/65a130757b4b5fb9100fcf87,renovirano,nan,grejanje na struju,Nan,1,namešteno,2024-01-12,0,17.142857142857142,2.8982769374032777,13.236919921764672,463.29219726176353
20,60.0,Dvoiposoban,1,0,0,900.0,Beograd,Zvezdara opština,Đeram,Stan u zgradi,nan,2020.0,Marka Oreskovica,https://www.4zida.rs/izdavanje-stanova/djeram-zvezdara-opstina-beograd/dvoiposoban-stan/65a3b9c7e5decda14e0bb323,novo,nan,centralno grejanje,Terasa,4,namešteno,2024-01-14,0,15.0,2.772588722239781,12.022564628032244,721.3538776819346
38,60.0,Dvoiposoban,1,0,0,900.0,Beograd,Zvezdara opština,Đeram,nan,nan,,Marka Oreskovica,https://www.4zida.rs/izdavanje-stanova/djeram-zvezdara-opstina-beograd/dvoiposoban-stan/65a3fa0eee04499ed90b19f1,nan,nan,centralno grejanje,Terasa,4,namešteno,2024-01-14,0,15.0,2.772588722239781,10.796369209879181,647.7821525927509
14,65.0,Trosoban,2,0,1,1000.0,Beograd,Zvezdara opština,Đeram,nan,ima lift (1),,Banjska,https://www.4zida.rs/izdavanje-stanova/djeram-zvezdara-opstina-beograd/trosoban-stan/65a671d48cb45cc9710e9ac9,novo,uknjiženo,nan,Terasa,4,namešteno,2024-01-16,0,15.384615384615385,2.7963428082478883,15.446770804356419,1004.0401022831672
105,50.0,Dvosoban,2,0,0,850.0,Beograd,Zvezdara opština,Đeram,Stan u zgradi,nan,,Đeram,https://www.4zida.rs/izdavanje-stanova/djeram-zvezdara-opstina-beograd/dvosoban-stan/65a6db4fc280ae754000072c,renovirano,nan,etažno grejanje,Nan,5,namešteno,2024-01-16,0,17.0,2.8903717578961645,12.923686774448182,646.184338722409
29,50.0,Dvosoban,2,0,0,500.0,Beograd,Zvezdara opština,Đeram,nan,ima lift (1),,Branka Krsmanovića,https://www.4zida.rs/izdavanje-stanova/djeram-zvezdara-opstina-beograd/dvosoban-stan/65a671d28cb45cc9710e9ac3,uobičajeno stanje,uknjiženo,centralno grejanje,Terasa,6,namešteno,2024-01-16,0,10.0,2.3978952727983707,11.774478273235728,588.7239136617864
67,60.0,Dvoiposoban,1,0,0,900.0,Beograd,Zvezdara opština,Đeram,nan,ima lift (1),,Marka Oreškovića,https://www.4zida.rs/izdavanje-stanova/djeram-zvezdara-opstina-beograd/dvoiposoban-stan/65a54b5a6413196f840e985c,nan,nan,centralno grejanje,Terasa,4,namešteno,2024-01-16,0,15.0,2.772588722239781,12.640036888391899,758.4022133035139
61,76.0,Trosoban,-1,1,0,800.0,Beograd,Zvezdara opština,Đeram,nan,nan,,Preševska,https://www.4zida.rs/izdavanje-stanova/djeram-zvezdara-opstina-beograd/trosoban-stan/65a826f3575ae708f90a7b1d,uobičajeno stanje,uknjiženo,etažno grejanje,Nan,5,namešteno,2024-01-18,0,10.526315789473685,2.4446327506500602,10.371288987003911,788.2179630122972
209,37.0,Dvosoban,1,0,0,600.0,Beograd,Zvezdara opština,Đeram,Stan u zgradi,nan,,Bulevar Kralja Aleksandra,https://www.4zida.rs/izdavanje-stanova/djeram-zvezdara-opstina-beograd/dvosoban-stan/65a9457e188580b175002791,uobičajeno stanje,uknjiženo,etažno grejanje,Nan,1,namešteno,2024-01-19,0,16.216216216216218,2.845851742927939,12.472546513232544,461.4842209896041
171,51.0,Dvoiposoban,0,0,0,750.0,Beograd,Zvezdara opština,Đeram,nan,ima lift,,Gajeva,https://www.4zida.rs/izdavanje-stanova/djeram-zvezdara-opstina-beograd/dvoiposoban-stan/65b12820ff2b12b3700e5307,uobičajeno stanje,uknjiženo,centralno grejanje,Terasa,5,namešteno,2024-01-24,0,14.705882352941176,2.7540353143440335,15.148953824654678,772.5966450573885
482,68.0,Dvoiposoban,5,0,0,950.0,Beograd,Zvezdara opština,Đeram,nan,ima lift (1),,Đeram,https://www.4zida.rs/izdavanje-stanova/djeram-zvezdara-opstina-beograd/dvoiposoban-stan/65afe45466b498b02806e924,renovirano,uknjiženo,centralno grejanje,Terasa,0,namešteno,2024-01-24,0,13.970588235294118,2.7060874919343614,13.107183319307689,891.2884657129229
160,50.0,Dvosoban,2,0,0,790.0,Beograd,Zvezdara opština,Đeram,Stan u zgradi,nan,,Đeram,https://www.4zida.rs/izdavanje-stanova/djeram-zvezdara-opstina-beograd/dvosoban-stan/65b3f3dacea4332d130f2edc,renovirano,nan,TA peć,Lođa,5,namešteno,2024-01-26,0,15.8,2.8213788864092133,11.588017585671487,579.4008792835743
58,52.0,Dvosoban,-1,0,0,450.0,Beograd,Zvezdara opština,Đeram,Stan u zgradi,ima lift (1),1970.0,Đeram,https://www.4zida.rs/izdavanje-stanova/djeram-zvezdara-opstina-beograd/dvosoban-stan/65b3e389dd68858eed0e7bf7,nan,nan,centralno grejanje,"Dvorište, Terasa, Lođa",0,namešteno,2024-01-27,0,8.653846153846153,2.267356401110302,11.93295593000994,620.513708360517
207,46.0,Dvosoban,0,0,0,550.0,Beograd,Zvezdara opština,Đeram,nan,nan,,Dimitrija Tucovica,https://www.4zida.rs/izdavanje-stanova/djeram-zvezdara-opstina-beograd/dvosoban-stan/65b66edf9e8302174b0afc4c,nan,nan,etažno grejanje,Terasa,4,polunamešteno,2024-01-28,0,11.956521739130435,2.561599270576255,10.642147913482852,489.53880402021116
373,85.0,Trosoban,2,1,1,950.0,Beograd,Zvezdara opština,Đeram,nan,ima lift,,Đakovačka,https://www.4zida.rs/izdavanje-stanova/djeram-zvezdara-opstina-beograd/trosoban-stan/65b8eccd678f123d800154f2,nan,uknjiženo,centralno grejanje,"Terasa, Lođa",5,prazno,2024-01-30,0,11.176470588235293,2.499505449209153,11.145910330546169,947.4023780964244
198,50.0,Dvosoban,2,0,0,750.0,Beograd,Zvezdara opština,Đeram,nan,nan,,Đeram,https://www.4zida.rs/izdavanje-stanova/djeram-zvezdara-opstina-beograd/dvosoban-stan/65b8e68c678f123d800153ae,renovirano,uknjiženo,TA peć,Terasa,0,namešteno,2024-01-30,0,15.0,2.772588722239781,12.278496471288591,613.9248235644295
436,158.0,Četvorosoban,0,1,0,1500.0,Beograd,Zvezdara opština,Đeram,Stan u zgradi,nan,,Đeram,https://www.4zida.rs/izdavanje-stanova/djeram-zvezdara-opstina-beograd/cetvorosoban-stan/65bba135c7e2a703b601c936,uobičajeno stanje,uknjiženo,norveški radijatori,"Dvorište, Terasa",1,nan,2024-02-01,0,9.49367088607595,2.3507723026682736,10.232735182355785,1616.772158812214
1087,86.0,Trosoban,5,1,1,1200.0,Beograd,Zvezdara opština,Đeram,nan,ima lift (1),,Vojvode Savatija,https://www.4zida.rs/izdavanje-stanova/djeram-zvezdara-opstina-beograd/trosoban-stan/65bb89d0d9669cf80405de57,novo,uknjiženo,centralno grejanje,Terasa,5,namešteno,2024-02-01,0,13.953488372093023,2.704944608544057,14.460495557826409,1243.6026179730711
1472,50.0,Dvosoban,6,0,0,700.0,Beograd,Zvezdara opština,Đeram,Stan u zgradi,ima lift (1),,Đeram,https://www.4zida.rs/izdavanje-stanova/djeram-zvezdara-opstina-beograd/dvosoban-stan/65bc8d78aa18ea9da109d5c6,novo,nan,centralno grejanje,Terasa,0,namešteno,2024-02-02,0,14.0,2.70805020110221,14.86979430225414,743.489715112707
478,132.0,Petosoban,4,1,1,1700.0,Beograd,Zvezdara opština,Đeram,Dupleks,ima lift (1),,Gajeva,https://www.4zida.rs/izdavanje-stanova/djeram-zvezdara-opstina-beograd/petosoban-stan/65c0d3d5a435f9473f06d701,luksuzno,nan,centralno grejanje,Lođa,5,polunamešteno,2024-02-06,0,12.878787878787879,2.6303616226477047,15.96731028534501,2107.6849576655413
787,50.0,Dvosoban,3,0,1,650.0,Beograd,Zvezdara opština,Đeram,nan,ima lift (1),,Đeram,https://www.4zida.rs/izdavanje-stanova/djeram-zvezdara-opstina-beograd/dvosoban-stan/65c12412b880446c7b00e65b,novo,uknjiženo,centralno grejanje,Terasa,0,namešteno,2024-02-06,0,13.0,2.639057329615259,16.55842106354729,827.9210531773645
1000,45.0,Dvosoban,1,0,0,650.0,Beograd,Zvezdara opština,Đeram,nan,ima lift (1),,Đeram,https://www.4zida.rs/izdavanje-stanova/djeram-zvezdara-opstina-beograd/dvosoban-stan/65c3c6f1f7cfe556f904ae74,novo,uknjiženo,etažno grejanje,Terasa,0,namešteno,2024-02-07,0,14.444444444444445,2.7372493557944724,15.817865805061775,711.8039612277798
217,41.0,Jednoiposoban,5,0,0,500.0,Beograd,Zvezdara opština,Đeram,nan,ima lift (1),2012.0,Vojvode Savatija,https://www.4zida.rs/izdavanje-stanova/djeram-zvezdara-opstina-beograd/jednoiposoban-stan/65c4b6476688fae60e00d667,novo,nan,centralno grejanje,Lođa,5,namešteno,2024-02-08,0,12.195121951219512,2.5798472121421736,14.892305696094425,610.5845335398715
1182,40.0,Dvosoban,1,1,0,500.0,Beograd,Zvezdara opština,Đeram,nan,ima lift (1),,Đeram,https://www.4zida.rs/izdavanje-stanova/djeram-zvezdara-opstina-beograd/dvosoban-stan/65c77523fc6a8303ba0da941,renovirano,uknjiženo,TA peć,Nan,0,namešteno,2024-02-10,0,12.5,2.6026896854443837,14.42713451170301,577.0853804681203
656,102.0,Trosoban,6,0,0,1600.0,Beograd,Zvezdara opština,Đeram,Dupleks,ima lift (1),,Vojvode Savatija,https://www.4zida.rs/izdavanje-stanova/djeram-zvezdara-opstina-beograd/trosoban-stan/65c6793779a3345351058ab6,novo,nije uknjiženo,grejanje na struju,Terasa,7,namešteno,2024-02-10,0,15.686274509803921,2.8145864958490483,11.352353334989225,1157.9400401689009
606,60.0,Dvoiposoban,1,0,0,900.0,Beograd,Zvezdara opština,Đeram,nan,ima lift (1),,Marka Oreškovića,https://www.4zida.rs/izdavanje-stanova/djeram-zvezdara-opstina-beograd/dvoiposoban-stan/65ca6dde83662352980652ea,nan,nan,centralno grejanje,Terasa,4,namešteno,2024-02-12,0,15.0,2.772588722239781,12.973084417653626,778.3850650592175
308,55.0,Dvosoban,1,0,0,450.0,Beograd,Zvezdara opština,Đeram,nan,ima lift (1),,Bulevar Kralja Aleksandra,https://www.4zida.rs/izdavanje-stanova/djeram-zvezdara-opstina-beograd/dvosoban-stan/65ca6dd683662352980652bd,nan,nan,centralno grejanje,Terasa,6,namešteno,2024-02-12,0,8.181818181818182,2.217225244042889,11.987603190270248,659.3181754648637
244,46.0,Dvosoban,0,0,0,550.0,Beograd,Zvezdara opština,Đeram,nan,nan,,Dimitrija Tucovica,https://www.4zida.rs/izdavanje-stanova/djeram-zvezdara-opstina-beograd/dvosoban-stan/65ca6dfc83662352980653b3,nan,nan,etažno grejanje,Terasa,4,polunamešteno,2024-02-12,0,11.956521739130435,2.561599270576255,10.65238176449644,490.0095611668362
549,75.0,Trosoban,2,0,1,1000.0,Beograd,Zvezdara opština,Đeram,Stan u zgradi,ima lift (1),,Vojvode Bogdana,https://www.4zida.rs/izdavanje-stanova/djeram-zvezdara-opstina-beograd/trosoban-stan/65ca012d8d8c18ec7c09e612,novo,nan,centralno grejanje,Terasa,0,namešteno,2024-02-13,0,13.333333333333334,2.662587827025453,13.845607244656755,1038.4205433492566
737,65.0,Dvoiposoban,2,0,0,700.0,Beograd,Zvezdara opština,Đeram,nan,nan,,Đevđelijska,https://www.4zida.rs/izdavanje-stanova/djeram-zvezdara-opstina-beograd/dvoiposoban-stan/65cba2214b16b1dab508fd5f,renovirano,nan,grejanje na struju,Terasa,3,namešteno,2024-02-13,0,10.76923076923077,2.465488563930899,12.278965522065437,798.1327589342534
629,102.0,Trosoban,2,0,1,800.0,Beograd,Zvezdara opština,Đeram,nan,ima lift (1),,Banjska,https://www.4zida.rs/izdavanje-stanova/djeram-zvezdara-opstina-beograd/trosoban-stan/65cba23b89d8067554003692,novo,uknjiženo,centralno grejanje,Terasa,5,prazno,2024-02-13,0,7.8431372549019605,2.1796417067783525,11.5954557265411,1182.7364841071922
997,70.0,Trosoban,1,0,0,1000.0,Beograd,Zvezdara opština,Đeram,Stan u zgradi,nan,,Gajeva,https://www.4zida.rs/izdavanje-stanova/djeram-zvezdara-opstina-beograd/trosoban-stan/65cc89e434435233fd0cfffd,renovirano,nan,centralno grejanje,Terasa,0,namešteno,2024-02-15,0,14.285714285714286,2.7269186854065928,14.73784082788819,1031.6488579521733
1254,43.0,Jednosoban,1,0,0,450.0,Beograd,Zvezdara opština,Đeram,nan,ima lift (1),1990.0,Živojina Žujovića,https://www.4zida.rs/izdavanje-stanova/djeram-zvezdara-opstina-beograd/jednosoban-stan/65cc78f485ea0898b60c3de7,novo,uknjiženo,centralno grejanje,Nan,5,namešteno,2024-02-20,0,10.465116279069768,2.439309058349128,12.6477359428051,543.8526455406193
433,55.0,Dvosoban,1,0,0,450.0,Beograd,Zvezdara opština,Đeram,nan,ima lift (1),,Bulevar Kralja Aleksandra,https://www.4zida.rs/izdavanje-stanova/djeram-zvezdara-opstina-beograd/dvosoban-stan/65d62f4059e4062db3086fe6,nan,nan,centralno grejanje,Terasa,6,namešteno,2024-02-22,0,8.181818181818182,2.217225244042889,10.977590294257418,603.767466184158
980,46.0,Jednoiposoban,0,0,0,450.0,Beograd,Zvezdara opština,Đeram,nan,ima lift (1),,Dimitrija Tucovica,https://www.4zida.rs/izdavanje-stanova/djeram-zvezdara-opstina-beograd/jednoiposoban-stan/65d899febcc5341100008218,nan,nan,etažno grejanje,Nan,5,prazno,2024-02-23,0,9.782608695652174,2.3779345302358323,10.063877712788024,462.9383747882491
789,46.0,Jednoiposoban,0,0,0,450.0,Beograd,Zvezdara opština,Đeram,nan,ima lift (1),,Dimitrija Tucovica,https://www.4zida.rs/izdavanje-stanova/djeram-zvezdara-opstina-beograd/jednoiposoban-stan/65d861bacd1cf3515c0cfd7d,nan,nan,etažno grejanje,Nan,5,prazno,2024-02-23,0,9.782608695652174,2.3779345302358323,10.063877712788024,462.9383747882491
1032,67.0,Dvoiposoban,1,0,0,900.0,Beograd,Zvezdara opština,Đeram,Stan u zgradi,nan,,Starca Vujadina,https://www.4zida.rs/izdavanje-stanova/djeram-zvezdara-opstina-beograd/dvoiposoban-stan/65d33b1562604aba250d13c4,renovirano,nan,etažno grejanje,Terasa,4,namešteno,2024-02-24,0,13.432835820895523,2.6695058760623285,12.385138580853086,829.8042849171568
59,24.0,Jednosoban,1,0,0,550.0,Beograd,Zvezdara opština,Đeram,nan,ima lift (1),,Đuke Dinić,https://www.4zida.rs/izdavanje-stanova/djeram-zvezdara-opstina-beograd/jednosoban-stan/65d89c50bcc5341100008284,renovirano,uknjiženo,centralno grejanje,Nan,5,nan,2024-02-24,0,22.916666666666668,3.1745755659716206,23.930264758199446,574.3263541967867
914,49.0,Dvosoban,8,0,0,800.0,Beograd,Zvezdara opština,Đeram,nan,ima lift (1),,Dimitrija Tucovića,https://www.4zida.rs/izdavanje-stanova/djeram-zvezdara-opstina-beograd/dvosoban-stan/65dc722bfc0aa97a8406c69d,novo,nan,centralno grejanje,Terasa,8,namešteno,2024-02-26,0,16.3265306122449,2.852238888200721,12.91311130462692,632.7424539267191
827,103.0,Trosoban,2,0,1,600.0,Beograd,Zvezdara opština,Đeram,Stan u zgradi,ima lift (1),,Đeram,https://www.4zida.rs/izdavanje-stanova/djeram-zvezdara-opstina-beograd/trosoban-stan/65dc596d7d9b8044d70b1768,novo,uknjiženo,etažno grejanje,Terasa,5,polunamešteno,2024-02-26,0,5.825242718446602,1.9206279035810292,11.409644589073771,1175.1933926745985
508,32.0,Jednoiposoban,3,0,1,600.0,Beograd,Zvezdara opština,Đeram,nan,ima lift (1),,Šabačka,https://www.4zida.rs/izdavanje-stanova/djeram-zvezdara-opstina-beograd/jednoiposoban-stan/65dddf0ae54413b64e063195,novo,nan,nan,Nan,6,prazno,2024-02-27,0,18.75,2.9831534913471307,15.759660492731365,504.3091357674037
328,56.0,Dvosoban,2,0,0,620.0,Beograd,Zvezdara opština,Đeram,Stan u zgradi,ima lift (1),,Pećka,https://www.4zida.rs/izdavanje-stanova/djeram-zvezdara-opstina-beograd/dvosoban-stan/65b91017f063fc6336079611,novo,uknjiženo,centralno grejanje,Terasa,6,namešteno,2024-02-27,0,11.071428571428571,2.4908413853078146,12.085269385045628,676.7750855625552
1013,55.0,Dvosoban,-1,0,0,450.0,Beograd,Zvezdara opština,Đeram,nan,nan,,Trscanska,https://www.4zida.rs/izdavanje-stanova/djeram-zvezdara-opstina-beograd/dvosoban-stan/61896a7bef0e2a7a7527bd36,renovirano,uknjiženo,TA peć,"Dvorište, Terasa",1,namešteno,2024-02-27,0,8.181818181818182,2.217225244042889,9.51340682842092,523.2373755631505
457,158.0,Četvorosoban,-1,1,0,1500.0,Beograd,Zvezdara opština,Đeram,Stan u zgradi,nan,,Đakovačka,https://www.4zida.rs/izdavanje-stanova/djeram-zvezdara-opstina-beograd/cetvorosoban-stan/65d75e6785dc09b06c0b101b,uobičajeno stanje,uknjiženo,norveški radijatori,Terasa,1,namešteno,2024-02-28,0,9.49367088607595,2.3507723026682736,7.993924184402658,1263.04002113562
896,46.0,Jednoiposoban,0,0,0,450.0,Beograd,Zvezdara opština,Đeram,nan,ima lift (1),,Dimitrija Tucovica,https://www.4zida.rs/izdavanje-stanova/djeram-zvezdara-opstina-beograd/jednoiposoban-stan/65de183560a918ef3207c7ae,nan,nan,etažno grejanje,Nan,5,prazno,2024-02-28,0,9.782608695652174,2.3779345302358323,10.067118607184028,463.0874559304653
802,46.0,Jednoiposoban,0,0,0,450.0,Beograd,Zvezdara opština,Đeram,nan,ima lift (1),,Dimitrija Tucovica,https://www.4zida.rs/izdavanje-stanova/djeram-zvezdara-opstina-beograd/jednoiposoban-stan/65de183160a918ef3207c79f,nan,nan,etažno grejanje,Nan,5,prazno,2024-02-28,0,9.782608695652174,2.3779345302358323,10.067118607184028,463.0874559304653
1038,56.0,Dvosoban,2,0,0,620.0,Beograd,Zvezdara opština,Đeram,nan,ima lift (1),,Pećska,https://www.4zida.rs/izdavanje-stanova/djeram-zvezdara-opstina-beograd/dvosoban-stan/65dde014e54413b64e0631d2,renovirano,nan,centralno grejanje,Terasa,6,namešteno,2024-02-28,0,11.071428571428571,2.4908413853078146,12.073772323331333,676.1312501065547
770,55.0,Dvosoban,1,0,0,450.0,Beograd,Zvezdara opština,Đeram,nan,ima lift (1),,Bulevar Kralja Aleksandra,https://www.4zida.rs/izdavanje-stanova/djeram-zvezdara-opstina-beograd/dvosoban-stan/65df69bedaad886d72083a3d,nan,nan,centralno grejanje,Terasa,6,namešteno,2024-02-29,0,8.181818181818182,2.217225244042889,10.982502544050995,604.0376399228047
446,86.0,Trosoban,5,0,1,1000.0,Beograd,Zvezdara opština,Đeram,nan,ima lift (1),2010.0,Vojvode Savatija,https://www.4zida.rs/izdavanje-stanova/djeram-zvezdara-opstina-beograd/trosoban-stan/65e082e04e7b89d5a909f4ff,luksuzno,nan,centralno grejanje,Terasa,5,namešteno,2024-03-01,0,11.627906976744185,2.535909204240373,13.870464393337159,1192.8599378269955
352,86.0,Trosoban,5,0,0,1000.0,Beograd,Zvezdara opština,Đeram,Stan u zgradi,ima lift (1),,Đeram,https://www.4zida.rs/izdavanje-stanova/djeram-zvezdara-opstina-beograd/trosoban-stan/65df8c3a6fb80b3c5903562b,luksuzno,uknjiženo,centralno grejanje,Terasa,5,namešteno,2024-03-02,0,11.627906976744185,2.535909204240373,13.42962739359526,1154.9479558491923
143,40.0,Jednoiposoban,5,1,0,700.0,Beograd,Zvezdara opština,Đeram,Stan u zgradi,ima lift (1),,Đeram,https://www.4zida.rs/izdavanje-stanova/djeram-zvezdara-opstina-beograd/jednoiposoban-stan/65e2741252a8b211fa029593,nan,nan,etažno grejanje,Terasa,6,namešteno,2024-03-02,0,17.5,2.917770732084279,13.758997434676418,550.3598973870568
