,link,Depozit,Tip,Površina,Broj soba,Useljivo od,Grejanje,Stanje,Spratnost,Infrastruktura,Unutrašnje prostorije,Nameštenost,Opremljenost,Oglas ažuriran,price,street,address,description,title,end_date,Lift,Šifra oglasa,Godina izgradnje,Uknjiženost,Useljivo,Parking,Autobuske linije,Internet,Pogled na,Režije,Garaža,Pogodno za,Trolejbuske linije,Orijentacija nekretnine
0,https://www.4zida.rs/izdavanje-stanova/dorcol-stari-grad-opstina-beograd/dvoiposoban-stan/64c3c450d2c8cf30020779cb,"obavezan depozit, 800",Stan u zgradi ,47 m² ,2.5 soba ,01.08.2023 ,centralno grejanje ,renovirano ,1/7 spratova ,"podrum, terasa, lođa ","kupatilo, toalet, kuhinja ",namešteno ,"TV, veš mašina, sudo mašina, frižider, zamrzivač, rerna, šporet, ležaj, plakar, ugradni plakar ",pre 8 sati ,800,Gospodar Jovanova,"Dorćol, Stari Grad opština, Beograd",Izdaje se 2.5-soban u Gospodar jovanovoj ulici.,"Dvoiposoban stan za izdavanje, Gospodar Jovanova, 800€, 47m² - 4zida",2023-07-29,,,,,,,,,,,,,,
1,https://www.4zida.rs/izdavanje-stanova/blok-11c-stari-merkator-blok-11-novi-beograd-beograd/trosoban-stan/64c404b3651f26cce103552d,,,60 m² ,3 sobe ,,centralno grejanje ,,1/6 spratova ,terasa ,kupatilo ,prazno ,"telefon, kablovska, internet, klima ",pre 3 sata ,600,Bulevar Zorana Đinđića,"Blok 11c - Stari Merkator, Blok 11, Novi Beograd, Beograd","Provizija: 50% od prve mesečne zakupnine ,","Trosoban stan za izdavanje, Bulevar Zorana Đinđića, 600€, 60m² - 4zida",2023-07-29,ima lift (1) ,53282 ,,,,,,,,,,,,
2,https://www.4zida.rs/izdavanje-stanova/zeleznicka-stanica-banatic-gradske-lokacije-novi-sad/dvosoban-stan/64c3de6b012ff45d3400b2a9,,Stan u zgradi ,59 m² ,2 sobe ,,centralno grejanje ,uobičajeno stanje ,7. sprat ,terasa ,,,kablovska ,pre 6 sati ,450,Železnička stanica,"Železnička stanica, Banatić, Gradske lokacije, Novi Sad",,"Dvosoban stan za izdavanje, Železnička stanica, 450€, 59m² - 4zida",2023-07-29,ima lift (1) ,9107096 ,2023,,,,,,,,,,,
3,https://www.4zida.rs/izdavanje-stanova/sava-kovacevic-zemun-zemun-opstina-beograd/garsonjera/64c4018ec93a5f3cc20c5f94,obavezan depozit ,Stan u zgradi ,30 m² ,0.5 soba ,,,novo ,1/4 sprata ,,,namešteno ,,pre 4 sata ,350,Crnogorska,"Sava Kovačević, Zemun, Zemun opština, Beograd",,"Garsonjera za izdavanje, Crnogorska, 350€, 30m² - 4zida",2023-07-29,ima lift (3) ,,,uknjiženo ,useljivo ,,,,,,,,,
4,https://www.4zida.rs/izdavanje-stanova/beograd-centar-stari-grad-opstina-beograd/jednosoban-stan/64c3e7802fd816c9ca07c2cd,,Stan u zgradi ,38 m² ,1 soba ,,etažno grejanje ,,suteren/4 sprata ,,,prazno ,telefon ,pre 6 sati ,400,Gundulicev venac,"Beograd centar, Stari Grad opština, Beograd",,"Jednosoban stan za izdavanje, Gundulicev venac, 400€, 38m² - 4zida",2023-07-29,,7586 ,1970,,useljivo ,,,,,,,,,
5,https://www.4zida.rs/izdavanje-stanova/novi-sad-centar-stari-grad-gradske-lokacije-novi-sad/jednosoban-stan/64c3c04569b60a47c5019736,,Stan u zgradi ,33 m² ,1 soba ,,centralno grejanje ,uobičajeno stanje ,2. sprat ,terasa ,,,,pre 8 sati ,320,Novi Sad - Centar,"Novi Sad - Centar, Stari Grad, Gradske lokacije, Novi Sad",,"Jednosoban stan za izdavanje, Novi Sad - Centar, 320€, 33m² - 4zida",2023-07-29,,9189689 ,,,,,,,,,,,,
6,https://www.4zida.rs/izdavanje-stanova/kluz-zvezdara-opstina-beograd/dvosoban-stan/64c403cf651f26cce10354fe,,,48 m² ,2 sobe ,,norveški radijatori ,novo ,2. sprat ,terasa ,,namešteno ,"telefon, kablovska, internet, klima ",pre 4 sata ,420,Kluz,"Kluz, Zvezdara opština, Beograd","Stan koji se nalazi u mirnom kraju, koji je odlično povezan sa svim delovima grada, nalazi se i u blizini auto puta. Prostorije: Dnevna soba sa kuhinjom i trpezarijom, spavaća soba, kupatilo sa prirodnom ventilacijom i terasom. Vrlo komforan i svetao trostrano orijentisan (istok-sever-zapad). Niski režijski troškovi. Agencijska usluga 50% od prve zakupnine po realizaciji. ID oglasa: 46760.","Dvosoban stan za izdavanje, Kluz, 420€, 48m² - 4zida",2023-07-29,,46760 ,,uknjiženo ,useljivo ,,,,,,,,,
7,https://www.4zida.rs/izdavanje-stanova/miljakovac-i-miljakovac-rakovica-opstina-beograd/jednoiposoban-stan/6077ffed70ec2527c01ec3f0,,Stan u zgradi ,37 m² ,1.5 soba ,,centralno grejanje ,renovirano ,1/5 spratova ,podrum ,"kupatilo, kuhinja ",namešteno ,"telefon, kablovska, internet, TV, klima, ventilacija, veš mašina, kuhinjski elementi, frižider, zamrzivač, mikrotalasna rerna, rerna, šporet, ležaj, plakar ",pre 9 sati ,300,Stanka Paunovića Veljka 45,"Miljakovac I, Miljakovac, Rakovica opština, Beograd",,"Jednoiposoban stan za izdavanje, Stanka Paunovića Veljka 45, 300€, 37m² - 4zida",2023-07-29,,,,,,1 parking mesto ,"47, 48, 50, 54, 59, 94, 502, 505, 505L, ",,,,,,,
8,https://www.4zida.rs/izdavanje-stanova/bulevar-oslobodjenja-gradske-lokacije-novi-sad/garsonjera/64c3a981427a59a8e60a1a51,obavezan depozit ,Stan u zgradi ,28 m² ,0.5 soba ,,centralno grejanje ,novo ,,terasa ,"kupatilo, kuhinja ",namešteno ,"TV, klima, veš mašina, frižider, rerna, ležaj, plakar ",pre 10 sati ,300,Bulevar Oslobođenja,"Bulevar Oslobođenja, Gradske lokacije, Novi Sad","Izdaje se moderno opremljena garsonjera u centru grada u ulici Avgusta Cesarca na 5 minuta od centra grada i fakulteta.Stan je opremljen modernim stvarima i poseduje klimu,lcd televizor,veš mašinu,terasu.Na postojeću cenu plaća se agencijska provizija u iznosu od 50% od prve zakupnine.Za više informacija pozvati 063-50-11-20 ALEX Nekretnine Reg.br 1640","Garsonjera za izdavanje, Bulevar Oslobođenja, 300€, 28m² - 4zida",2023-07-29,ima lift (1) ,,,uknjiženo ,useljivo ,,,Optički ,,,,,,
9,https://www.4zida.rs/izdavanje-stanova/blok-38-novi-beograd-beograd/troiposoban-stan/64c3c22f69b60a47c5019797,,Stan u zgradi ,75 m² ,3.5 soba ,,centralno grejanje ,renovirano ,4/12 spratova ,terasa ,kuhinja ,namešteno ,"kablovska, internet, interfon, TV, klima, veš mašina, frižider, šporet, ležaj ",pre 8 sati ,950,Bulevar Arsenija Čarnojevića,"Blok 38, Novi Beograd, Beograd",,"Troiposoban stan za izdavanje, Bulevar Arsenija Čarnojevića, 950€, 75m² - 4zida",2023-07-29,ima lift (1) ,8850 ,,,,,,,,,,,,
10,https://www.4zida.rs/izdavanje-stanova/dedinje-savski-venac-beograd/cetvorosoban-stan/64c3c23069b60a47c501979c,,Salonac ,200 m² ,4 sobe ,,etažno grejanje ,novo ,visoko prizemlje/1 sprat ,"terasa, lođa ",kuhinja ,namešteno ,"kablovska, internet, interfon, TV, klima, veš mašina, sudo mašina, frižider, šporet, ležaj ",pre 8 sati ,3.000,Velisava Vulovića,"Dedinje, Savski Venac, Beograd",,"Četvorosoban stan za izdavanje, Velisava Vulovića, 3.000€, 200m² - 4zida",2023-07-29,,16345 ,,,useljivo ,1 parking mesto ,,,,,,,,
11,https://www.4zida.rs/izdavanje-stanova/socijalno-rotkvarija-gradske-lokacije-novi-sad/dvosoban-stan/64c3b786f522db16c7033a73,"obavezan depozit, 450",Stan u zgradi ,59 m² ,2 sobe ,,centralno grejanje ,renovirano ,7/7 spratova ,terase (2) ,"kupatilo, kuhinja, ostava ",namešteno ,"telefon, kablovska, TV, klima, veš mašina, kuhinjski elementi, frižider, zamrzivač, rerna, šporet, ležaj, plakar ",pre 9 sati ,450,Socijalno,"Socijalno, Rotkvarija, Gradske lokacije, Novi Sad",Dvosoban stan renoviran pre 3 godine u ulici Save Kovačevića u neposrednoj blizini autobuske i železničke stanice,"Dvosoban stan za izdavanje, Socijalno, 450€, 59m² - 4zida",2023-07-29,ima lift (1) ,,1970,uknjiženo ,useljivo ,,,Kablovska ,dvorište ,11000 ,,,,
12,https://www.4zida.rs/izdavanje-stanova/mirijevo-zvezdara-opstina-beograd/jednoiposoban-stan/64c3b3371b9ccec730048129,,,41 m² ,1.5 soba ,,centralno grejanje ,renovirano ,5/5 spratova ,,,namešteno ,,pre 9 sati ,300,Raše Plaovića,"Mirijevo, Zvezdara opština, Beograd","Namešten jednoiposoban stan u najlepšem delu Mirijeva. Stan je uknjižen na 26kvm, pa su samim tim niži mesečni troškovi. Kompletno namešten. Odmah useljiv. Novi velux prozori, centralno grejanje. Lift ide do četvrtog sprata. Blizina osnovne škole Pavle Savić, Mirijevske pijace, pošte, policijske stanice, marketa, vrtića, autobuskih stajališta linija 27, 27E, 20, 74, 25P, 79. PROSTORIJE: predsoblje, kuhinja, dnevni boravak sa trpezarijom, spavaća soba, garderober, kupatilo. Agencijska provizija u skladu sa opštim uslovima poslovanja preduzeća.","Jednoiposoban stan za izdavanje, Raše Plaovića, 300€, 41m² - 4zida",2023-07-29,ima lift (1) ,8779 ,,uknjiženo ,useljivo ,,,,,,,,,
13,https://www.4zida.rs/izdavanje-stanova/filozofski-fakultet-medijana-gradske-lokacije-nis/trosoban-stan/64c3b57f1b9ccec7300481bc,,,63 m² ,3 sobe ,,grejanje na struju ,novo ,prizemlje ,"prilaz za invalide, terasa ",kupatilo ,prazno ,"interfon, klima ",pre 9 sati ,450,Prvomajska,"Filozofski Fakultet, Medijana, Gradske lokacije, Niš","Izdaje se nenamešten trosoban stan u blizini Sv. Luka crkve i Filozofskog fakulteta, u Prvomajskoj ulici u zgradi novije gradnje sa liftom, na visokom prizemlju, površine 63m2, sa etažnim grejanjem na struju. Stan se sastoji iz ulaznog hodnika, dnevne sobe sa trpezarijom, odovjene kuhinje, dve spavaće sobe, kupatila i terase. U stanu su namešteni kuhinjski elementi i sudopera. Veoma lepo osunčan stan sa odličnim rasporedom. Može se izdavati i kao poslovni prostor. Cena mesečnog zakupa je 450e. Depozit je obavezan u visini kirije. Agencijsku uslugu plaćate 50% od prve mesečne zakupnine jednokratno. Javite se, očekujemo Vas !!!","Trosoban stan za izdavanje, Prvomajska, 450€, 63m² - 4zida",2023-07-29,ima lift (1) ,i,,,,,,,,,,,,
14,https://www.4zida.rs/izdavanje-stanova/blok-72-novi-beograd-beograd/dvosoban-stan/64c403ce651f26cce10354f4,,,55 m² ,2 sobe ,,centralno grejanje ,renovirano ,5. sprat ,terasa ,,namešteno ,"telefon, kablovska, internet, klima ",pre 4 sata ,500,Blok 72,"Blok 72, Novi Beograd, Beograd","Izdaje se stan 55m2, odvojena spavaća soba, dnevni boravak, trpezarija, kunjiha, kupatilo, terasa. Stan je renoviran. Depozit je obavezan. Stan se nalazi u bloku 72, na 100m od Lidl prodavnice. Okruzenje tiho i mirno. Izdavanje na minimum 6 meseci. Agencijska usluga 50% od prve zakupnine po realizaciji. ID oglasa: 42514.","Dvosoban stan za izdavanje, Blok 72, 500€, 55m² - 4zida",2023-07-29,ima lift (1) ,42514 ,,uknjiženo ,useljivo ,,,,,,,,,
15,https://www.4zida.rs/izdavanje-stanova/grbavica-gradske-lokacije-novi-sad/dvosoban-stan/615a4faa5a33fc63885161d0,"obavezan depozit, 380",,42 m² ,2 sobe ,,centralno grejanje ,,3/4 sprata ,terasa ,kupatilo ,namešteno ,"TV, ventilacija, veš mašina, kuhinjski elementi, frižider, mikrotalasna rerna, rerna, šporet, ležaj, plakar, ugradni plakar ",pre 8 sati ,380,Doža Đerđa,"Grbavica, Gradske lokacije, Novi Sad",,"Dvosoban stan za izdavanje, Doža Đerđa, 380€, 42m² - 4zida",2023-07-29,ima lift (1) ,,,,,,,,,,,,,
16,https://www.4zida.rs/izdavanje-stanova/senjak-savski-venac-beograd/troiposoban-stan/64c3c3db69b60a47c501984c,,Stan u zgradi ,95 m² ,3.5 soba ,,centralno grejanje ,,prizemlje ,terasa ,kuhinja ,namešteno ,"kablovska, internet, interfon, TV, klima, veš mašina, sudo mašina, frižider, šporet, ležaj ",pre 8 sati ,1.300,Senjak,"Senjak, Savski Venac, Beograd",,"Troiposoban stan za izdavanje, Senjak, 1.300€, 95m² - 4zida",2023-07-29,,2289 ,,,useljivo ,1 parking mesto ,,,,,,,,
17,https://www.4zida.rs/izdavanje-stanova/bezanijska-kosa-novi-beograd-beograd/troiposoban-stan/64c403cc651f26cce10354eb,,,94 m² ,3.5 soba ,,centralno grejanje ,renovirano ,5. sprat ,terasa ,,namešteno ,"telefon, kablovska, internet, klima ",pre 4 sata ,1.000,Bežanijska kosa,"Bežanijska kosa, Novi Beograd, Beograd","3.5 sobni stan 94 m2 na Bezanijskoj kosi ul Partizanske Avijacije kod TC Roda i Idea. Parking oko cele zgrade, uredjen prostor za decu. Stan je na 5 spratu, ima dnevnu i jos 3 sobe, trpezarija i kuhinja, 2 terase. Stan je namesten, nov namestaj. Mirna lokacija za porodicu. Cg, klima, internet, zajednicka ostava, podrum. Agencijska usluga 50% od prve zakupnine po realizaciji. ID oglasa: 34455.","Troiposoban stan za izdavanje, Bežanijska kosa, 1.000€, 94m² - 4zida",2023-07-29,,34455 ,,uknjiženo ,useljivo ,,,,,,,,,
18,https://www.4zida.rs/izdavanje-stanova/beograd-na-vodi-savski-venac-beograd/trosoban-stan/64c3a70ca7abbcf47d01ad9d,,Stan u zgradi ,75 m² ,3 sobe ,,centralno grejanje ,novo ,1. sprat ,terasa ,,namešteno ,"kablovska, internet, interfon, klima ",pre 10 sati ,1.700,Beograd na vodi,"Beograd na vodi, Savski Venac, Beograd",,"Trosoban stan za izdavanje, Beograd na vodi, 1.700€, 75m² - 4zida",2023-07-29,ima lift (1) ,1544 ,,,,,,,,,1 garažno mesto ,,,
19,https://www.4zida.rs/izdavanje-stanova/brace-jerkovic-vozdovac-opstina-beograd/dvosoban-stan/64c3d1be707f3ffc7e0cf66f,,Stan u zgradi ,60 m² ,2 sobe ,,centralno grejanje ,,4. sprat ,terasa ,kuhinja ,namešteno ,"kablovska, internet, TV, klima, veš mašina, sudo mašina, frižider, šporet, ležaj ",pre 7 sati ,550,Braće Jerković,"Braće Jerković, Voždovac opština, Beograd",,"Dvosoban stan za izdavanje, Braće Jerković, 550€, 60m² - 4zida",2023-07-29,ima lift (1) ,2295 ,,,useljivo ,,,,,,,,,
20,https://www.4zida.rs/izdavanje-stanova/liman-3-liman-gradske-lokacije-novi-sad/dvosoban-stan/64c4051a651f26cce103558f,,Stan u zgradi ,50 m² ,2 sobe ,,centralno grejanje ,uobičajeno stanje ,1. sprat ,terasa ,,,,pre 3 sata ,400,Liman 3,"Liman 3, Liman, Gradske lokacije, Novi Sad",,"Dvosoban stan za izdavanje, Liman 3, 400€, 50m² - 4zida",2023-07-29,ima lift (1) ,9103138 ,,,,,,,,,,,,
21,https://www.4zida.rs/izdavanje-stanova/lisicji-potok-savski-venac-beograd/cetvorosoban-stan/64c3e7892fd816c9ca07c2d4,,Stan u zgradi ,135 m² ,4 sobe ,,etažno grejanje ,novo ,1/1 sprat ,terasa ,kuhinja ,prazno ,"kablovska, internet, interfon, klima, sudo mašina, frižider, šporet ",pre 6 sati ,1.000,Gregorčićeva,"Lisičji Potok, Savski Venac, Beograd",,"Četvorosoban stan za izdavanje, Gregorčićeva, 1.000€, 135m² - 4zida",2023-07-29,,3340 ,,,,,,,,,1 garažno mesto ,,,
22,https://www.4zida.rs/izdavanje-stanova/centar-gradske-lokacije-kraljevo/dvosoban-stan/64c3c5c8111dac222b04003b,"obavezan depozit, 280",Stan u zgradi ,70 m² ,2 sobe ,,grejanje na struju ,,,lođe (2) ,,namešteno ,,pre 7 sati ,280,Omladinska,"Centar, Gradske lokacije, Kraljevo",Stan se nalazi u najužem delu grada sa pogledom na Omladinsku ulicu.Sastoji se od 2 sobe kuhinje sa dnevnim boravkom ostave i 2 lođe.Agenciski troškovi su 50% od jedne kirije.Izdaje se na period od najmanje godinu dana.,"Dvosoban stan za izdavanje, Omladinska, 280€, 70m² - 4zida",2023-07-29,,,,,useljivo ,,,,,,,,,
23,https://www.4zida.rs/izdavanje-stanova/centar-preko-lepenice-pivara-gradske-lokacije-kragujevac/jednosoban-stan/64c41ac01bdaeb8e5001fc67,,Stan u zgradi ,42 m² ,1 soba ,,grejanje na gas ,,,,kuhinja ,namešteno ,"TV, klima, veš mašina, kuhinjski elementi, frižider, zamrzivač, rerna, ležaj ",pre 1 sat ,200,Dragoslava Srejovića,"Centar preko Lepenice, Pivara, Gradske lokacije, Kragujevac",,"Jednosoban stan za izdavanje, Dragoslava Srejovića, 200€, 42m² - 4zida",2023-07-29,,,,uknjiženo ,useljivo ,,,,,,,Studente ,,
24,https://www.4zida.rs/izdavanje-stanova/istocni-vracar-vracar-beograd/dvosoban-stan/64c3b05a1b9ccec7300480b5,,,56 m² ,2 sobe ,,centralno grejanje ,uobičajeno stanje ,visoko prizemlje ,terasa ,kupatilo ,namešteno ,"telefon, kablovska, internet ",pre 9 sati ,550,Bulevar Kralja Aleksandra,"Istočni Vračar, Vračar, Beograd",,"Dvosoban stan za izdavanje, Bulevar Kralja Aleksandra, 550€, 56m² - 4zida",2023-07-29,,734 ,,,,,,,,,,,,
25,https://www.4zida.rs/izdavanje-stanova/blok-61-bezanijski-blokovi-novi-beograd-beograd/dvosoban-stan/64c3e8ad2fd816c9ca07c34d,,,55 m² ,2 sobe ,,centralno grejanje ,,1/6 spratova ,terasa ,kupatilo ,namešteno ,"telefon, kablovska, internet, klima ",pre 5 sati ,500,Dr Ivana Ribara,"Blok 61, Bežanijski Blokovi, Novi Beograd, Beograd","Provizija: 50% od prve mesečne zakupnine ,","Dvosoban stan za izdavanje, Dr Ivana Ribara, 500€, 55m² - 4zida",2023-07-29,ima lift (1) ,53780 ,,,,,,,,,,,,
26,https://www.4zida.rs/izdavanje-stanova/gundulicev-venac-donji-dorcol-dorcol-stari-grad-opstina-beograd/cetvorosoban-stan/64c3e7d82fd816c9ca07c2fa,,,104 m² ,4 sobe ,,centralno grejanje ,uobičajeno stanje ,2/6 spratova ,terasa ,,namešteno ,"telefon, kablovska, internet, klima ",pre 6 sati ,1.800,Venizelosova,"Gundulićev Venac, Donji Dorćol, Dorćol, Stari Grad opština, Beograd",,"Četvorosoban stan za izdavanje, Venizelosova, 1.800€, 104m² - 4zida",2023-07-29,ima lift (1) ,20755 ,,uknjiženo ,useljivo ,,,,,,1 garažno mesto ,,,
27,https://www.4zida.rs/izdavanje-stanova/beograd-centar-stari-grad-opstina-beograd/troiposoban-stan/64c3f1fe41eed485130498eb,obavezan depozit ,Stan u zgradi ,98 m² ,3.5 soba ,,centralno grejanje ,renovirano ,4/6 spratova ,terase (2) ,kupatila (2) ,polunamešteno ,"interfon, klima ",pre 5 sati ,1.500,Gospodar Jovanova,"Beograd centar, Stari Grad opština, Beograd",,"Troiposoban stan za izdavanje, Gospodar Jovanova, 1.500€, 98m² - 4zida",2023-07-29,ima lift (1) ,2995 ,,uknjiženo ,,,,,,,,,,
28,https://www.4zida.rs/izdavanje-stanova/blok-30-novi-beograd-beograd/trosoban-stan/64c3b06b1b9ccec7300480c8,,,66 m² ,3 sobe ,,centralno grejanje ,,1/10 spratova ,terasa ,kupatilo ,prazno ,"telefon, kablovska, internet, klima ",pre 9 sati ,450,Bulevar Zorana Đinđića,"Blok 30, Novi Beograd, Beograd","Provizija: 50% od prve mesečne zakupnine ,","Trosoban stan za izdavanje, Bulevar Zorana Đinđića, 450€, 66m² - 4zida",2023-07-29,ima lift (1) ,53778 ,,,,,,,,,,,,
29,https://www.4zida.rs/izdavanje-stanova/salajka-gradske-lokacije-novi-sad/cetvorosoban-stan/64c3db5d012ff45d3400b233,,Dupleks ,180 m² ,4 sobe ,,grejanje na gas ,novo ,4/4 sprata ,terasa ,kuhinja ,namešteno ,"kablovska, interfon, klima, veš mašina, sudo mašina, frižider, šporet, ležaj ",pre 6 sati ,2.000,Salajka,"Salajka, Gradske lokacije, Novi Sad",,"Četvorosoban stan za izdavanje, Salajka, 2.000€, 180m² - 4zida",2023-07-29,ima lift (1) ,20500 ,2021,uknjiženo ,useljivo ,1 parking mesto ,,,,,1 garažno mesto ,,,
30,https://www.4zida.rs/izdavanje-stanova/novi-sad-centar-stari-grad-gradske-lokacije-novi-sad/jednoiposoban-stan/64c3cc6e707f3ffc7e0cf545,,Stan u zgradi ,37 m² ,1.5 soba ,,centralno grejanje ,uobičajeno stanje ,2. sprat ,terasa ,,,kablovska ,pre 7 sati ,450,Novi Sad - Centar,"Novi Sad - Centar, Stari Grad, Gradske lokacije, Novi Sad",,"Jednoiposoban stan za izdavanje, Novi Sad - Centar, 450€, 37m² - 4zida",2023-07-29,ima lift (1) ,9100842 ,,,,,,,,,,,,
31,https://www.4zida.rs/izdavanje-stanova/bulevar-patrijarha-pavla-somborski-bulevar-telep-gradske-lokacije-novi-sad/garsonjera/64c262ec30bbf10b11075834,,Stan u zgradi ,27 m² ,0.5 soba ,,centralno grejanje ,uobičajeno stanje ,,,,,,pre 1 dan ,350,Bulevar Patrijarha Pavla (Somborski Bulevar),"Bulevar Patrijarha Pavla (Somborski Bulevar), Telep, Gradske lokacije, Novi Sad",,"Garsonjera za izdavanje, Bulevar Patrijarha Pavla (Somborski Bulevar), 350€, 27m² - 4zida",2023-07-29,ima lift (1) ,9107083 ,2023,,,,,,,,,,,
32,https://www.4zida.rs/izdavanje-stanova/sportski-centar-vracar-sc-vracar-vracar-beograd/dvosoban-stan/64c3e06c012ff45d3400b334,,Stan u zgradi ,36 m² ,2 sobe ,,etažno grejanje ,renovirano ,3/4 sprata ,,kuhinja ,namešteno ,"kablovska, internet, interfon, TV, klima, veš mašina, sudo mašina, frižider, šporet, ležaj ",pre 6 sati ,450,Sportski centar Vračar (SC Vračar),"Sportski centar Vračar (SC Vračar), Vračar, Beograd",,"Dvosoban stan za izdavanje, Sportski centar Vračar (SC Vračar), 450€, 36m² - 4zida",2023-07-29,,222 ,,uknjiženo ,useljivo ,,,,,,,,,
33,https://www.4zida.rs/izdavanje-stanova/nova-detelinara-detelinara-gradske-lokacije-novi-sad/garsonjera/64c3a706c2e2c43bdb040ea8,obavezan depozit ,Stan u zgradi ,22 m² ,0.5 soba ,,centralno grejanje ,uobičajeno stanje ,visoko prizemlje/4 sprata ,,"kupatilo, kuhinja ",namešteno ,,pre 10 sati ,200,Janka Veselinovica,"Nova Detelinara, Detelinara, Gradske lokacije, Novi Sad","Izdajemo odmah useljivu garsonjeru u ulici Janka Veselinovica.Stan se izdaje ozbiljnom studentu na duze vreme.Pusenje nije dozvoljeno.Cena mesecne kirije 200e,agencijska provizija 50% od prve mesecne zakupnine.","Garsonjera za izdavanje, Janka Veselinovica, 200€, 22m² - 4zida",2023-07-29,,,2000,uknjiženo ,useljivo ,,,,,,,,,
34,https://www.4zida.rs/izdavanje-stanova/blok-31-opstina-novi-beograd-beograd/dvosoban-stan/64c3e8ad2fd816c9ca07c350,,,70 m² ,2 sobe ,,centralno grejanje ,,3/9 spratova ,terasa ,kupatilo ,namešteno ,"telefon, kablovska, internet, klima ",pre 5 sati ,500,Bulevar Zorana Đinđića,"Blok 31 - Opština, Novi Beograd, Beograd","Provizija: 50% od prve mesečne zakupnine ,","Dvosoban stan za izdavanje, Bulevar Zorana Đinđića, 500€, 70m² - 4zida",2023-07-29,ima lift (1) ,53781 ,,,,,,,,,,,,
35,https://www.4zida.rs/izdavanje-stanova/blok-45-novi-beograd-beograd/cetvorosoban-stan/64c407ac651f26cce10355e1,,,89 m² ,4 sobe ,,centralno grejanje ,uobičajeno stanje ,7/14 spratova ,terasa ,,namešteno ,,pre 3 sata ,800,Jurija Gagarina,"Blok 45, Novi Beograd, Beograd","U ponudi za izdavanje je četvorosoban stan na odličnoj lokaciji. Mikrolokacija je uzuzetna. Nalazi se nadomak pijace, brojnih marketa, šetališta na Savi, Doma zdravlja, obdaništa, škole. Veoma osvetljen, dvostrano orijentisan, sa terasom, u mirnom kraju, kompletno namešten. Centralno grejanje, klima, terasa, 89 m2, na 7 spratu ,sa 2 lifta, odmah useljiv. Stan se sastoji iz prostranog dnevnog boravka, sa trpezarijom i kuhinjom, 3 velike spavaće sobe sa terasom, kupatilo i hodnik. Agencijska provizija u skladu sa opštim uslovima poslovanja preduzeća.","Četvorosoban stan za izdavanje, Jurija Gagarina, 800€, 89m² - 4zida",2023-07-29,ima lift (2) ,8781 ,,uknjiženo ,useljivo ,,,,,,,,,
36,https://www.4zida.rs/izdavanje-stanova/blok-11c-stari-merkator-blok-11-novi-beograd-beograd/cetvorosoban-stan/649c23c7d786ee54ae0c6aea,,,90 m² ,4 sobe ,,centralno grejanje ,,9/9 spratova ,terasa ,kupatilo ,namešteno ,"telefon, kablovska, internet, klima ",pre 30 dana ,500,Aleksinačkih rudara,"Blok 11c - Stari Merkator, Blok 11, Novi Beograd, Beograd","Provizija: 50% od prve mesečne zakupnine ,","Četvorosoban stan za izdavanje, Aleksinačkih rudara, 500€, 90m² - 4zida",2023-07-29,ima lift (1) ,53401 ,,,,,,,,,,,,
37,https://www.4zida.rs/izdavanje-stanova/grbavica-gradske-lokacije-novi-sad/garsonjera/64c3b4601b9ccec73004819a,,Stan u zgradi ,16 m² ,0.5 soba ,,grejanje na struju ,uobičajeno stanje ,,,,,,pre 9 sati ,270,Grbavica,"Grbavica, Gradske lokacije, Novi Sad","Agencijska šifra 9105559. Stan se nalazi na prizemlju zgrade na odličnoj lokaciji i useljiv je 8-og Avgusta. Ima 16m2, lep je i skockan, a mesečni troškovi su niski. Agencijska provizija iznosi 50% od vrednosti prve mesečne zakupnine i plaća se jednokratno.  Za više informacija pozovite na: 0600779668 i 061/253-30-46 Berza nekretnine, Novi Sad, reg broj posrednika 1020","Garsonjera za izdavanje, Grbavica, 270€, 16m² - 4zida",2023-07-29,,9105559 ,1970,,,,,,,,,,,
38,https://www.4zida.rs/izdavanje-stanova/blok-62-bezanijski-blokovi-novi-beograd-beograd/dvosoban-stan/64c3b05b1b9ccec7300480b8,,,64 m² ,2 sobe ,,centralno grejanje ,uobičajeno stanje ,1/6 spratova ,terasa ,kupatilo ,namešteno ,"telefon, kablovska, internet, klima ",pre 9 sati ,520,Dušana Vukasovića,"Blok 62, Bežanijski Blokovi, Novi Beograd, Beograd",,"Dvosoban stan za izdavanje, Dušana Vukasovića, 520€, 64m² - 4zida",2023-07-29,ima lift (1) ,7456 ,,,,1 parking mesto ,,,,,,,,
39,https://www.4zida.rs/izdavanje-stanova/novi-sad-centar-stari-grad-gradske-lokacije-novi-sad/jednosoban-stan/64c3e8992fd816c9ca07c33f,,Stan u zgradi ,24 m² ,1 soba ,,centralno grejanje ,uobičajeno stanje ,5. sprat ,terasa ,,,kablovska ,pre 5 sati ,350,Novi Sad - Centar,"Novi Sad - Centar, Stari Grad, Gradske lokacije, Novi Sad",,"Jednosoban stan za izdavanje, Novi Sad - Centar, 350€, 24m² - 4zida",2023-07-29,ima lift (1) ,9100836 ,,,,,,,,,,,,
40,https://www.4zida.rs/izdavanje-stanova/crveni-krst-vracar-vracar-beograd/dvoiposoban-stan/64c3c556111dac222b040033,obavezan depozit ,Stan u zgradi ,61 m² ,2.5 soba ,,centralno grejanje ,novo ,3/7 spratova ,terasa ,"kupatilo, kuhinja ",namešteno ,"telefon, kablovska, klima, kuhinjski elementi ",pre 8 sati ,700,Gospodara Vučića,"Crveni Krst Vračar, Vračar, Beograd",,"Dvoiposoban stan za izdavanje, Gospodara Vučića, 700€, 61m² - 4zida",2023-07-29,ima lift (2) ,3235 ,,uknjiženo ,,,,,,,,,,
41,https://www.4zida.rs/izdavanje-stanova/beograd-na-vodi-savski-venac-beograd/dvosoban-stan/64c3cc7a707f3ffc7e0cf54c,,,55 m² ,2 sobe ,,centralno grejanje ,novo ,3/20 spratova ,terasa ,kupatilo ,namešteno ,"telefon, kablovska, internet, klima ",pre 7 sati ,1.400,Bulevar Vudroa Vilsona,"Beograd na vodi, Savski Venac, Beograd",,"Dvosoban stan za izdavanje, Bulevar Vudroa Vilsona, 1.400€, 55m² - 4zida",2023-07-29,ima lift (1) ,16504 ,,,,,,,,,1 garažno mesto ,,,
42,https://www.4zida.rs/izdavanje-stanova/blok-37-novi-beograd-beograd/dvoiposoban-stan/64c3e8fc2fd816c9ca07c369,,,62 m² ,2.5 soba ,,centralno grejanje ,renovirano ,visoko prizemlje/4 sprata ,,kupatilo ,namešteno ,telefon ,pre 5 sati ,800,Narodnih heroja,"Blok 37, Novi Beograd, Beograd",,"Dvoiposoban stan za izdavanje, Narodnih heroja, 800€, 62m² - 4zida",2023-07-29,ima lift (1) ,5822 ,,,,,,,,,,,,
43,https://www.4zida.rs/izdavanje-stanova/sumice-vozdovac-opstina-beograd/jednoiposoban-stan/64c403cd651f26cce10354f1,,,39 m² ,1.5 soba ,,centralno grejanje ,renovirano ,2. sprat ,,,namešteno ,"telefon, kablovska, internet, klima ",pre 4 sata ,530,Šumice,"Šumice, Voždovac opština, Beograd","Prelep stan na samo minut hoda od Ustaničke ulice i parka Šumice, u lepo održavanoj zgradi sa 2 lifta, u mirnom, porodičnom delu grada. U blizini su dečija igralista, škola, vrtići, marketi, BEO Shopping Centar i mnoge druge atraktivne lokacije. Zgrada je pozicionirana tako da se lako izlazi na auto put, kao i na Ustaničku ulicu, čime se ostvaruje odlična veza sa svim delovima grada. Jednoiposoban po strukturi, LUX sređen, opremljen novim nameštajem i novom tehnikom. Preporuka za sve koji traže kvalitetan stan, u mirnom kraju bez buke i gužve. Moguć dogovor i za kraci zakup. Agencijska usluga 50% od prve zakupnine po realizaciji. ID oglasa: 47546.","Jednoiposoban stan za izdavanje, Šumice, 530€, 39m² - 4zida",2023-07-29,,47546 ,,uknjiženo ,useljivo ,,,,,,,,,
44,https://www.4zida.rs/izdavanje-stanova/lekino-brdo-vozdovac-opstina-beograd/dvosoban-stan/64c3d10c423598f1a6026042,obavezan depozit ,Stan u zgradi ,60 m² ,2 sobe ,,centralno grejanje ,,potkrovlje/1 sprat ,,"kupatilo, toalet, kuhinja, ostava ",namešteno ,"internet, TV, klima, veš mašina, kuhinjski elementi, frižider, rerna, šporet, ležaj, plakar ",pre 7 sati ,300,Jasenička 1,"Lekino Brdo, Voždovac opština, Beograd",,"Dvosoban stan za izdavanje, Jasenička 1, 300€, 60m² - 4zida",2023-07-29,,,,,useljivo ,,"31, 29, 17 ",Kablovska ,,uključene u cenu ,,,29 ,
45,https://www.4zida.rs/izdavanje-stanova/dedinje-savski-venac-beograd/cetvorosoban-stan/64c4019f4d35dffa630aed5f,obavezan depozit ,Stan u zgradi ,130 m² ,4 sobe ,,centralno grejanje ,novo ,2/4 sprata ,terasa ,"kupatila (2), toalet ",namešteno ,klima ,pre 4 sata ,2.500,DEDINJE,"Dedinje, Savski Venac, Beograd","Lux 4.0 stan, u zgradi na Dedinju.Sastoji se od dnevnog boravka, odvojene kuhinje, 3 spavaće sobe, 2 kupatila i 3 terase. Stan ima 2 garažna mesta.","Četvorosoban stan za izdavanje, DEDINJE, 2.500€, 130m² - 4zida",2023-07-29,ima lift (1) ,,,,useljivo ,,,,,,2 garažna mesta ,,,
46,https://www.4zida.rs/izdavanje-stanova/bulevar-oslobodjenja-gradske-lokacije-novi-sad/garsonjera/64c3b4701b9ccec7300481a2,,Stan u zgradi ,19 m² ,0.5 soba ,,centralno grejanje ,uobičajeno stanje ,1. sprat ,,,,kablovska ,pre 9 sati ,300,Bulevar Oslobođenja,"Bulevar Oslobođenja, Gradske lokacije, Novi Sad",,"Garsonjera za izdavanje, Bulevar Oslobođenja, 300€, 19m² - 4zida",2023-07-29,ima lift (1) ,9107092 ,2023,,,,,,,,,,,
47,https://www.4zida.rs/izdavanje-stanova/centar-savski-venac-beograd/jednoiposoban-stan/64c3f55b33ba35dc9f0fd1fc,,Stan u zgradi ,35 m² ,1.5 soba ,,,renovirano ,,,ostava ,,,pre 5 sati ,400,Balkanska,"Centar, Savski Venac, Beograd",,"Jednoiposoban stan za izdavanje, Balkanska, 400€, 35m² - 4zida",2023-07-29,ima lift (1) ,5660 ,1950,,,1 parking mesto ,,,,,,,,
48,https://www.4zida.rs/izdavanje-stanova/socijalno-rotkvarija-gradske-lokacije-novi-sad/trosoban-stan/64c3abf043fc290de10d58d0,"obavezan depozit, 800",Stan u zgradi ,63 m² ,3 sobe ,01.09.2023 ,centralno grejanje ,,2/3 sprata ,terasa ,"kupatilo, toaleti (2) ",namešteno ,klima ,pre 10 sati ,800,Socijalno,"Socijalno, Rotkvarija, Gradske lokacije, Novi Sad",,"Trosoban stan za izdavanje, Socijalno, 800€, 63m² - 4zida",2023-07-29,ima lift (1) ,,,uknjiženo ,,,,,,,,,,
49,https://www.4zida.rs/izdavanje-stanova/blok-62-bezanijski-blokovi-novi-beograd-beograd/dvosoban-stan/64c403cd651f26cce10354ee,,,45 m² ,2 sobe ,,centralno grejanje ,renovirano ,4. sprat ,terasa ,,namešteno ,"telefon, kablovska, internet, klima ",pre 4 sata ,550,Blok 62,"Blok 62, Bežanijski Blokovi, Novi Beograd, Beograd",,"Dvosoban stan za izdavanje, Blok 62, 550€, 45m² - 4zida",2023-07-29,ima lift (1) ,45427 ,,uknjiženo ,useljivo ,,,,,,,,,
50,https://www.4zida.rs/izdavanje-stanova/susica-okolne-lokacije-krusevac/troiposoban-stan/64c42c958b594df7d303094a,"obavezan depozit, 240",Stan u kući ,70 m² ,3.5 soba ,,grejanje na gas ,uobičajeno stanje ,prizemlje/2 sprata ,dvorište ,"kupatilo, kuhinja ",namešteno ,"kablovska, TV, kuhinjski elementi, frižider, rerna, ležaj, plakar ",pre 59 minuta ,240,Sušica,"Sušica, Okolne lokacije, Kruševac",,"Troiposoban stan za izdavanje, Sušica, 240€, 70m² - 4zida",2023-07-29,ima lift (1) ,,,uknjiženo ,useljivo ,,,ADSL ,,,1 garažno mesto ,"Radnike, Porodice, Studente ",,
51,https://www.4zida.rs/izdavanje-stanova/zeleni-venac-savski-venac-beograd/dvosoban-stan/64c3df8a012ff45d3400b2c3,,Stan u zgradi ,65 m² ,2 sobe ,,,uobičajeno stanje ,3/3 sprata ,terasa ,kuhinja ,namešteno ,"kablovska, internet, TV, klima, veš mašina, frižider, šporet, ležaj, Kanalizacija ",pre 6 sati ,750,Brankova,"Zeleni Venac, Savski Venac, Beograd",,"Dvosoban stan za izdavanje, Brankova, 750€, 65m² - 4zida",2023-07-29,ima lift (1) ,1693 ,,uknjiženo ,useljivo ,,,,,,,,,
52,https://www.4zida.rs/izdavanje-stanova/nova-selenca-gradske-lokacije-sombor/garsonjera/64c3f161fcafb9372e07a9e4,"obavezan depozit, 150",Stan u zgradi ,30 m² ,0.5 soba ,,centralno grejanje ,,2/5 spratova ,"prilaz za invalide, dvorište, terasa ",kuhinja ,polunamešteno ,"telefon, kablovska, klima, ventilacija, veš mašina, kuhinjski elementi, mikrotalasna rerna, rerna, šporet, plakar ",pre 5 sati ,150,Prote Mateje Nenadovića 28,"Nova Selenča, Gradske lokacije, Sombor",,"Garsonjera za izdavanje, Prote Mateje Nenadovića 28, 150€, 30m² - 4zida",2023-07-29,,,2000,uknjiženo ,useljivo ,,,Optički ,dvorište ,4000 ,,"Radnike, Porodice, Studente ",,severozapad 
53,https://www.4zida.rs/izdavanje-stanova/vracar-beograd/jednosoban-stan/64c0d8007fe46d2532099910,,,32 m² ,1 soba ,,,uobičajeno stanje ,1/1 sprat ,terasa ,,namešteno ,,pre 2 dana ,300,Bulevar kralja Aleksandra,"Vračar, Beograd","Odličan stan sa galerijom za spavanje, u neposrednoj blizini Hotela Metropol. Nalazi se u mirnom delu objekta u dobrom stanju. Idealan za 1-2 osobe. Useljiv od 01.08.2023. Mesečno plaćanje + obavezan depozit u iznosu jedne kirije. Zakup na minimum 12 meseci. I nivo: dnevni boravak sa kuhinjom, kupatilo i zajednička terasa II nivo: spavaća soba na galeriji Agencijska provizija u skladu sa opštim uslovima poslovanja preduzeća","Jednosoban stan za izdavanje, Bulevar kralja Aleksandra, 300€, 32m² - 4zida",2023-07-29,,8771 ,,uknjiženo ,useljivo ,,,,,,,,,
54,https://www.4zida.rs/izdavanje-stanova/socijalno-rotkvarija-gradske-lokacije-novi-sad/jednosoban-stan/64c3eb4f2fd816c9ca07c3d5,,,27 m² ,1 soba ,,centralno grejanje ,novo ,visoko prizemlje/4 sprata ,terasa ,kupatilo ,namešteno ,"telefon, interfon, klima ",pre 5 sati ,330,Socijalno,"Socijalno, Rotkvarija, Gradske lokacije, Novi Sad","Izdajem novu garsonjeru 27m2 kod Socijalnog. Garsonjera se nalazi u novoj kvalitetnoj sagradjenoj zgradi. U manjoj mirnoj ulici. Kompletno namestena novim namestajem . Kuhinja opremljena posudjem ima ravnu plocu , mirko talasnu i frizider . Ugaona garnitura na razvlacenje, udobna za spavanje . LCD tv klima . Na terasi sto i stolica . U kupatilu tus kabina i ima ves masina . U predsoblju veliki plakar sa dosta mesta za odlaganje . Odmah useljivo . Trazi se ozbiljna zaposlena osoba bez kucnih ljubimaca moze pusac . Zakup 330EUR + Deozit 330 + Agencijska provizija 165 EUR . 0628150586","Jednosoban stan za izdavanje, Socijalno, 330€, 27m² - 4zida",2023-07-29,ima lift (1) ,1420 ,,,useljivo ,,,,,,,,,
55,https://www.4zida.rs/izdavanje-stanova/grbavica-gradske-lokacije-novi-sad/dvoiposoban-stan/64c3b01d1b9ccec73004809c,,Stan u zgradi ,59 m² ,2.5 soba ,,centralno grejanje ,uobičajeno stanje ,5. sprat ,terasa ,,,,pre 9 sati ,650,Grbavica,"Grbavica, Gradske lokacije, Novi Sad","NAMEŠTEN DVOIPOSOBAN STAN, GRBAVICA, PET FRIENDLY+++Agencijska oznaka stana: 9115939Izdaje se namešten dvoiposoban stan u naselju Grbavica, površine 59m2 na V spratu u zgradi sa liftom. Stan poseduje dve odvojene spavaće sobe, dnevni boravak sa kuhinjom i trpezariom, kupatilo, toalet, ostavu i terasu na koju se izlazi iz dnevnog boravka. Pet friendly! Odmah useljiv! Za više informacija i gledanje stana pozovite: 061/2800-400, kontakt osoba David.House nekretnine reg. br. 200","Dvoiposoban stan za izdavanje, Grbavica, 650€, 59m² - 4zida",2023-07-29,ima lift (1) ,9115939 ,,,,,,,,,,,,
56,https://www.4zida.rs/izdavanje-stanova/centar-medijana-gradske-lokacije-nis/dvosoban-stan/64c3c3b669b60a47c501982c,,Stan u zgradi ,54 m² ,2 sobe ,,centralno grejanje ,,3. sprat ,"terasa, lođa ",,namešteno ,klima ,pre 8 sati ,400,Centar,"Centar, Medijana, Gradske lokacije, Niš",,"Dvosoban stan za izdavanje, Centar, 400€, 54m² - 4zida",2023-07-29,,187 ,,,,,,,,,,,,
57,https://www.4zida.rs/izdavanje-stanova/bulevar-patrijarha-pavla-somborski-bulevar-telep-gradske-lokacije-novi-sad/jednoiposoban-stan/64c3d1af707f3ffc7e0cf660,,Stan u zgradi ,35 m² ,1.5 soba ,,centralno grejanje ,,2/4 sprata ,terasa ,kuhinja ,namešteno ,"kablovska, internet, TV, klima, veš mašina, frižider, šporet, ležaj ",pre 7 sati ,400,Bulevar Patrijarha Pavla (Somborski Bulevar),"Bulevar Patrijarha Pavla (Somborski Bulevar), Telep, Gradske lokacije, Novi Sad",,"Jednoiposoban stan za izdavanje, Bulevar Patrijarha Pavla (Somborski Bulevar), 400€, 35m² - 4zida",2023-07-29,,305 ,,uknjiženo ,useljivo ,,,,,,,,,
58,https://www.4zida.rs/izdavanje-stanova/erdoglija-gradske-lokacije-kragujevac/cetvorosoban-stan/64c3ce26707f3ffc7e0cf596,,,45 m² ,4 sobe ,,grejanje na struju ,novo ,prizemlje ,terasa ,kupatilo ,,klima ,pre 7 sati ,260,Bulevar kraljice Marije,"Erdoglija, Gradske lokacije, Kragujevac",,"Četvorosoban stan za izdavanje, Bulevar kraljice Marije, 260€, 45m² - 4zida",2023-07-29,,i,,uknjiženo ,,,,,,,1 garažno mesto ,,,
59,https://www.4zida.rs/izdavanje-stanova/blok-31-opstina-novi-beograd-beograd/jednosoban-stan/64c420d5bd2daf201708107c,,,33 m² ,1 soba ,,centralno grejanje ,,3/8 spratova ,,kupatilo ,namešteno ,"telefon, kablovska, internet, klima ",pre 1 sat ,400,Bulevar Zorana Djindjica,"Blok 31 - Opština, Novi Beograd, Beograd","Provizija: 50% od prve mesečne zakupnine ,","Jednosoban stan za izdavanje, Bulevar Zorana Djindjica, 400€, 33m² - 4zida",2023-07-29,ima lift (1) ,53785 ,,,,,,,,,,,,
60,https://www.4zida.rs/izdavanje-stanova/beograd-na-vodi-savski-venac-beograd/trosoban-stan/64c3b6711b9ccec730048208,,Stan u zgradi ,91 m² ,3 sobe ,,,novo ,7. sprat ,terasa ,kuhinja ,namešteno ,"kablovska, internet, interfon, TV, klima, veš mašina, frižider, šporet, ležaj ",pre 9 sati ,2.100,Beograd na vodi,"Beograd na vodi, Savski Venac, Beograd",,"Trosoban stan za izdavanje, Beograd na vodi, 2.100€, 91m² - 4zida",2023-07-29,ima lift (1) ,203 ,,,useljivo ,,,,,,1 garažno mesto ,,,
61,https://www.4zida.rs/izdavanje-stanova/beograd-centar-stari-grad-opstina-beograd/cetvorosoban-stan/64c404cb651f26cce103553b,,Stan u zgradi ,141 m² ,4 sobe ,,centralno grejanje ,,2/5 spratova ,terasa ,,,,pre 3 sata ,3.000,Palmoticeva,"Beograd centar, Stari Grad opština, Beograd",,"Četvorosoban stan za izdavanje, Palmoticeva, 3.000€, 141m² - 4zida",2023-07-29,ima lift (1) ,90821 ,,nije uknjiženo ,,,,,,,,,,
62,https://www.4zida.rs/izdavanje-stanova/mirijevo-zvezdara-opstina-beograd/jednosoban-stan/64c3eaa32fd816c9ca07c3b8,,Stan u zgradi ,34 m² ,1 soba ,,etažno grejanje ,novo ,visoko prizemlje ,,,namešteno ,klima ,pre 5 sati ,400,Radeta Markovića,"Mirijevo, Zvezdara opština, Beograd",,"Jednosoban stan za izdavanje, Radeta Markovića, 400€, 34m² - 4zida",2023-07-29,,100606 ,,uknjiženo ,useljivo ,1 parking mesto ,,,,,,,,
63,https://www.4zida.rs/izdavanje-stanova/cvetkova-pijaca-zvezdara-opstina-beograd/trosoban-stan/64c3ea9f2fd816c9ca07c3b0,,Stan u zgradi ,90 m² ,3 sobe ,,grejanje na struju ,novo ,3/3 sprata ,terasa ,,namešteno ,klima ,pre 5 sati ,1.300,Cvetkova Pijaca,"Cvetkova Pijaca, Zvezdara opština, Beograd",,"Trosoban stan za izdavanje, Cvetkova Pijaca, 1.300€, 90m² - 4zida",2023-07-29,,100613 ,,uknjiženo ,useljivo ,,,,,,1 garažno mesto ,,,
64,https://www.4zida.rs/izdavanje-stanova/podbara-gradske-lokacije-novi-sad/jednoiposoban-stan/64c3bdfb69b60a47c50196ea,,Stan u zgradi ,47 m² ,1.5 soba ,,centralno grejanje ,uobičajeno stanje ,1. sprat ,terasa ,,,,pre 9 sati ,600,Podbara,"Podbara, Gradske lokacije, Novi Sad",,"Jednoiposoban stan za izdavanje, Podbara, 600€, 47m² - 4zida",2023-07-29,ima lift (1) ,9116400 ,,,,,,,,,,,,
65,https://www.4zida.rs/izdavanje-stanova/blok-65-west-65-novi-beograd-beograd/dvosoban-stan/64c3e8fb2fd816c9ca07c366,,,61 m² ,2 sobe ,,centralno grejanje ,novo ,3/8 spratova ,terasa ,kupatilo ,prazno ,"telefon, internet, interfon, klima ",pre 5 sati ,700,Bulevar heroja sa Košara,"Blok 65 - WEST 65, Novi Beograd, Beograd",,"Dvosoban stan za izdavanje, Bulevar heroja sa Košara, 700€, 61m² - 4zida",2023-07-29,ima lift (1) ,5823 ,,,,1 parking mesto ,,,,,1 garažno mesto ,,,
66,https://www.4zida.rs/izdavanje-stanova/palata-pravde-savski-venac-beograd/cetvorosoban-stan/64c3d1c0707f3ffc7e0cf675,,Stan u zgradi ,118 m² ,4 sobe ,,centralno grejanje ,novo ,4. sprat ,"terasa, Bazen za plivanje ",kuhinja ,namešteno ,"kablovska, internet, interfon, TV, klima, veš mašina, sudo mašina, frižider, šporet, ležaj ",pre 7 sati ,2.000,Palata Pravde,"Palata Pravde, Savski Venac, Beograd",,"Četvorosoban stan za izdavanje, Palata Pravde, 2.000€, 118m² - 4zida",2023-07-29,ima lift (1) ,2293 ,,,useljivo ,1 parking mesto ,,,,,1 garažno mesto ,,,
67,https://www.4zida.rs/izdavanje-stanova/ledine-novi-beograd-beograd/dvoiposoban-stan/64c403ce651f26cce10354fa,,,65 m² ,2.5 soba ,,norveški radijatori ,novo ,1. sprat ,terasa ,,namešteno ,"telefon, kablovska, internet, klima ",pre 4 sata ,600,Ledine,"Ledine, Novi Beograd, Beograd","Stan jako lepo opremljen, nalazi se na odlicnoj lokaciji u blizini svih sadrzaja potrebnih za lagodan zivot. Placanje na mesecnom nivou + Depozit u visini jedne kirije. Agencijska usluga 50% od prve zakupnine po realizaciji. ID oglasa: 47545.","Dvoiposoban stan za izdavanje, Ledine, 600€, 65m² - 4zida",2023-07-29,,47545 ,,uknjiženo ,useljivo ,,,,,,,,,
68,https://www.4zida.rs/izdavanje-stanova/zvezdarska-suma-zvezdara-opstina-beograd/dvosoban-stan/647c999339c89aba9c09a6eb,"obavezan depozit, 330",Stan u zgradi ,52 m² ,2 sobe ,,grejanje na struju ,,visoko prizemlje/3 sprata ,terasa ,"kupatilo, kuhinja ",polunamešteno ,"klima, veš mašina, kuhinjski elementi, frižider, rerna, šporet, plakar ",pre 2 sata ,330,Zvezdarska Šuma,"Zvezdarska Šuma, Zvezdara opština, Beograd","Prazan sa belom tehnikom. Blizina okretnice trolejbusa linije 28, 40, autobusa linije 77, 64 blizina zvezdarske šume, visoko prizemlje, dve sobe, kupatilo, hodnik, kuhinja, terasa , TA peć, frizider, ves masina, depozit. Dogovor","Dvosoban stan za izdavanje, Zvezdarska Šuma, 330€, 52m² - 4zida",2023-07-29,,,,uknjiženo ,useljivo ,,"28, 40, 77, 64 ",,,,,,,
69,https://www.4zida.rs/izdavanje-stanova/vracar-beograd/dvosoban-stan/64c3e79d2fd816c9ca07c2e1,,Stan u zgradi ,69 m² ,2 sobe ,,centralno grejanje ,,3/7 spratova ,"terasa, lođa ",,,,pre 6 sati ,700,Tome Maksimovića,"Vračar, Beograd",,"Dvosoban stan za izdavanje, Tome Maksimovića, 700€, 69m² - 4zida",2023-07-29,ima lift (1) ,85242 ,,nije uknjiženo ,useljivo ,,,,,,,,,
70,https://www.4zida.rs/izdavanje-stanova/detelinara-gradske-lokacije-novi-sad/dvosoban-stan/64c3eb52dec32fa38303bf5d,"obavezan depozit, 270",Stan u zgradi ,35 m² ,2 sobe ,01.08.2023 ,centralno grejanje ,novo ,2/6 spratova ,terasa ,"kupatilo, kuhinja ",namešteno ,"klima, kuhinjski elementi, frižider, rerna, šporet, ležaj, plakar ",pre 5 sati ,270,Cankareva 24,"Detelinara, Gradske lokacije, Novi Sad","Izdajem stan na detelinari,Cankareva,dvosoban,nov, odlicno opremljen ,nema ves masinu. Prednost izdavanje na duzi period.Telefon za kontakt : 0637616209 .","Dvosoban stan za izdavanje, Cankareva 24, 270€, 35m² - 4zida",2023-07-29,ima lift (1) ,,,,,,,,,,,"Radnike, Porodice, Studente ",,
71,https://www.4zida.rs/izdavanje-stanova/podbara-gradske-lokacije-novi-sad/jednoiposoban-stan/64c3fb1433ba35dc9f0fd2a0,,,35 m² ,1.5 soba ,,centralno grejanje ,novo ,visoko prizemlje ,,kupatilo ,namešteno ,telefon ,pre 4 sata ,400,Gundulićeva,"Podbara, Gradske lokacije, Novi Sad",,"Jednoiposoban stan za izdavanje, Gundulićeva, 400€, 35m² - 4zida",2023-07-29,,5976 ,,,,,,,,,,,,
72,https://www.4zida.rs/izdavanje-stanova/autokomanda-vozdovac-opstina-beograd/jednosoban-stan/64c3b05b1b9ccec7300480bb,,,20 m² ,1 soba ,,centralno grejanje ,,3/4 sprata ,,kupatilo ,namešteno ,"telefon, kablovska, internet, klima ",pre 9 sati ,400,Triše Kaclerovića,"Autokomanda, Voždovac opština, Beograd",,"Jednosoban stan za izdavanje, Triše Kaclerovića, 400€, 20m² - 4zida",2023-07-29,,16502 ,,,,,,,,,,,,
73,https://www.4zida.rs/izdavanje-stanova/karaburma-palilula-opstina-beograd/troiposoban-stan/64c3a585a7abbcf47d01ad34,,Stan u zgradi ,73 m² ,3.5 soba ,,etažno grejanje ,,3/3 sprata ,,kuhinja ,prazno ,"TV, veš mašina, sudo mašina, frižider, šporet, ležaj ",pre 10 sati ,400,Homoljska,"Karaburma, Palilula opština, Beograd",,"Troiposoban stan za izdavanje, Homoljska, 400€, 73m² - 4zida",2023-07-29,,2259 ,,uknjiženo ,,1 parking mesto ,,,,,,,,
74,https://www.4zida.rs/izdavanje-stanova/filozofski-fakultet-medijana-gradske-lokacije-nis/trosoban-stan/64c3b2ea1b9ccec730048116,,,63 m² ,3 sobe ,,grejanje na struju ,novo ,prizemlje ,"prilaz za invalide, terasa ",kupatilo ,prazno ,"interfon, klima ",pre 9 sati ,450,Prvomajska,"Filozofski Fakultet, Medijana, Gradske lokacije, Niš","Izdaje se nenamešten trosoban stan u blizini Sv. Luka crkve i Filozofskog fakulteta, u Prvomajskoj ulici u zgradi novije gradnje sa liftom, na visokom prizemlju, površine 63m2, sa etažnim grejanjem na struju. Stan se sastoji iz ulaznog hodnika, dnevne sobe sa trpezarijom, odovjene kuhinje, dve spavaće sobe, kupatila i terase. U stanu su namešteni kuhinjski elementi i sudopera. Veoma lepo osunčan stan sa odličnim rasporedom. Može se izdavati i kao poslovni prostor. Cena mesečnog zakupa je 450e. Depozit je obavezan u visini kirije. Agencijsku uslugu plaćate 50% od prve mesečne zakupnine jednokratno. Javite se, očekujemo Vas !!!","Trosoban stan za izdavanje, Prvomajska, 450€, 63m² - 4zida",2023-07-29,ima lift (1) ,i,,,,,,,,,,,,
75,https://www.4zida.rs/izdavanje-stanova/centar-medijana-gradske-lokacije-nis/dvoiposoban-stan/64c3a50da7abbcf47d01acfc,,,63 m² ,2.5 soba ,,,,,,,,,pre 10 sati ,500,Centar,"Centar, Medijana, Gradske lokacije, Niš","Dvoiposoban Nov Stan U Centru,CG, Parking, NišIzdaje se stan u Milentijevoj ulici.Stan se sastoji od ulaznog hodnika, dnevnog boravka sa kuhinjom i trpezarijom, dve spavaće sobe, kupatila, toaleta i dve terase.Stan je oprmljen potpuno novim nameštajem i tehnikom i do sada nikada nije useljavan. Ukupna površina stana je 63m2 i nalazi se na trećem spratu u zgradi koja poseduje lift.U sklopu stana je i posebno parking mesto na parkingu zgrade.Grejanje u stanu je centralno (CG).Za više informacija slobodno kontaktirajte putem pozivaOvo je samo deo naše ponude, slične ponude kao što je ova možete pogledati na našem sajtu. Agencija Mondo Nekretnine, reg. br. 714. Agencijska usluga je polovina jedne mesečne zakupnine.","Dvoiposoban stan za izdavanje, Centar, 500€, 63m² - 4zida",2023-07-29,,891 ,,,,,,,,,,,,
76,https://www.4zida.rs/izdavanje-stanova/liman-4-liman-gradske-lokacije-novi-sad/dvoiposoban-stan/64c40647f52251b848049329,"obavezan depozit, 800",Stan u zgradi ,65 m² ,2.5 soba ,,centralno grejanje ,renovirano ,6/18 spratova ,"prilaz za invalide, terase (2) ","kupatilo, kuhinja ",namešteno ,"kablovska, TV, klima, veš mašina, kuhinjski elementi, frižider, zamrzivač, rerna, šporet, ležaj, plakar, ugradni plakar ",pre 3 sata ,800,BULEVAR CARA LAZARA,"Liman 4, Liman, Gradske lokacije, Novi Sad",,"Dvoiposoban stan za izdavanje, BULEVAR CARA LAZARA, 800€, 65m² - 4zida",2023-07-29,ima lift (2) ,,1970,uknjiženo ,useljivo ,,,Optički ,dvorište ,8000 ,,"Radnike, Porodice ",,jugozapad 
77,https://www.4zida.rs/izdavanje-stanova/delta-city-blok-67-belville-novi-beograd-beograd/dvosoban-stan/64c3d1c2707f3ffc7e0cf678,,Stan u zgradi ,55 m² ,2 sobe ,,centralno grejanje ,novo ,9. sprat ,terasa ,kuhinja ,namešteno ,"kablovska, internet, interfon, TV, klima, veš mašina, sudo mašina, frižider, šporet, ležaj ",pre 7 sati ,850,Delta City,"Delta City, Blok 67 - Belville, Novi Beograd, Beograd",,"Dvosoban stan za izdavanje, Delta City, 850€, 55m² - 4zida",2023-07-29,ima lift (1) ,2292 ,,,useljivo ,1 parking mesto ,,,,,1 garažno mesto ,,,
78,https://www.4zida.rs/izdavanje-stanova/miljakovac-rakovica-opstina-beograd/dvosoban-stan/64c3c3da69b60a47c5019849,,Stan u zgradi ,50 m² ,2 sobe ,,centralno grejanje ,,5. sprat ,,kuhinja ,namešteno ,"kablovska, internet, TV, klima, veš mašina, sudo mašina, frižider, šporet, ležaj ",pre 8 sati ,350,Miljakovac,"Miljakovac, Rakovica opština, Beograd",,"Dvosoban stan za izdavanje, Miljakovac, 350€, 50m² - 4zida",2023-07-29,,2290 ,,,useljivo ,,,,,,,,,
79,https://www.4zida.rs/izdavanje-stanova/grbavica-gradske-lokacije-novi-sad/dvosoban-stan/64c3e91d2fd816c9ca07c372,,,49 m² ,2 sobe ,,centralno grejanje ,novo ,2/6 spratova ,terasa ,kupatilo ,namešteno ,"telefon, kablovska, interfon, klima ",pre 5 sati ,500,Trg Komenskog,"Grbavica, Gradske lokacije, Novi Sad",,"Dvosoban stan za izdavanje, Trg Komenskog, 500€, 49m² - 4zida",2023-07-29,ima lift (1) ,2112 ,,uknjiženo ,useljivo ,,,,,,,,,
80,https://www.4zida.rs/izdavanje-stanova/bulevar-evrope-gradske-lokacije-novi-sad/trosoban-stan/64c3c27e69b60a47c50197c3,,Stan u zgradi ,57 m² ,3 sobe ,,grejanje na gas ,uobičajeno stanje ,3. sprat ,terasa ,,,,pre 8 sati ,600,Bulevar Evrope,"Bulevar Evrope, Gradske lokacije, Novi Sad","Agencijska šifra 9107093. Stan se nalazi na trećem spratu novije zgrade na odličnoj lokaciji kod hotela Šeraton na uglu bulevara Evrope i Futoškog Puta. Useljiv je odmah. Agencijska provizija iznosi 50% od vrednosti prve mesečne zakupnine i plaća se jednokratno. Za više informacija pozovite na: 0600779668 i 061/253-30-46 Berza nekretnine, Novi Sad, reg broj posrednika 1020","Trosoban stan za izdavanje, Bulevar Evrope, 600€, 57m² - 4zida",2023-07-29,ima lift (1) ,9107093 ,2023,,,,,,,,,,,
81,https://www.4zida.rs/izdavanje-stanova/novi-grad-zemun-zemun-opstina-beograd/dvosoban-stan/64c3e87e2a332a7fe0082af3,,Stan u kući ,55 m² ,2 sobe ,,etažno grejanje ,održavano ,suteren/1 sprat ,dvorište ,"kupatilo, toalet, kuhinja, ostava ",polunamešteno ,kablovska ,pre 5 sati ,200,Kranjska 2,"Novi Grad, Zemun, Zemun opština, Beograd","Izdajem stan 55 kv,odmah useljiv.U suturenu,nema vlage niti bilo sta slicnog.Odrzavano i odmah useljivo. Kontakt tel  0112103765   0631367617","Dvosoban stan za izdavanje, Kranjska 2, 200€, 55m² - 4zida",2023-07-29,,,1970,uknjiženo ,useljivo ,,,Kablovska ,ulicu ,3000 ,,Porodice ,,
82,https://www.4zida.rs/izdavanje-stanova/palilula-gradske-lokacije-nis/jednoiposoban-stan/64c3b5711b9ccec7300481b9,,,42 m² ,1.5 soba ,,TA peć ,,prizemlje/4 sprata ,,kupatilo ,namešteno ,,pre 9 sati ,150,Mokranjčeva,"Palilula, Gradske lokacije, Niš","Izdaje se stan u Mokranjčevoj ulici kod okretnice, u blizini restorana Vidikovac u zgradi bez lifta, površine 42m2 sa grejanjem na struju (Ta-peć). Stan je u suterenu, ukopan je, prozori su mali I visoko postavljeni. Stan se sastoji iz ulaznog hodnika, dnevne sobe sa trpezarijom I kuhinjom, male ostave, odvojene sobe I kupatila sa ves masinom. Opremljen je nameštajem I tehnikom (veš mašina, šporet I frižider).  Cena mesečne zakupnine je 150evra. Depozit plaćate u visini kirije. Agencijska usluga je besplatna. Javite se na broj, očekujemo Vas !!!","Jednoiposoban stan za izdavanje, Mokranjčeva, 150€, 42m² - 4zida",2023-07-29,,i,,,,1 parking mesto ,,,,,,,,
83,https://www.4zida.rs/izdavanje-stanova/novi-sad-centar-stari-grad-gradske-lokacije-novi-sad/dvosoban-stan/64c4051e651f26cce1035592,,Stan u zgradi ,45 m² ,2 sobe ,,centralno grejanje ,uobičajeno stanje ,1. sprat ,terasa ,,,,pre 3 sata ,550,Novi Sad - Centar,"Novi Sad - Centar, Stari Grad, Gradske lokacije, Novi Sad",,"Dvosoban stan za izdavanje, Novi Sad - Centar, 550€, 45m² - 4zida",2023-07-29,ima lift (1) ,9102101 ,,,,,,,,,,,,
84,https://www.4zida.rs/izdavanje-stanova/novi-sad-centar-stari-grad-gradske-lokacije-novi-sad/dvosoban-stan/64c3e91c2fd816c9ca07c36f,,,44 m² ,2 sobe ,,centralno grejanje ,novo ,3/5 spratova ,terasa ,kupatilo ,namešteno ,"telefon, kablovska, interfon, klima ",pre 5 sati ,330,Kosovska,"Novi Sad - Centar, Stari Grad, Gradske lokacije, Novi Sad",,"Dvosoban stan za izdavanje, Kosovska, 330€, 44m² - 4zida",2023-07-29,ima lift (1) ,2113 ,,uknjiženo ,useljivo ,,,,,,,,,
85,https://www.4zida.rs/izdavanje-stanova/dedinje-savski-venac-beograd/trosoban-stan/64c3c23269b60a47c50197a2,,Stan u zgradi ,53 m² ,3 sobe ,,centralno grejanje ,novo ,1/2 sprata ,terasa ,kuhinja ,namešteno ,"kablovska, internet, interfon, TV, klima, veš mašina, frižider, šporet, ležaj ",pre 8 sati ,650,Miće Orlovića,"Dedinje, Savski Venac, Beograd",,"Trosoban stan za izdavanje, Miće Orlovića, 650€, 53m² - 4zida",2023-07-29,,13097 ,,,,1 parking mesto ,,,,,,,,
86,https://www.4zida.rs/izdavanje-stanova/bulevar-evrope-gradske-lokacije-novi-sad/garsonjera/64c3ed9b2fd816c9ca07c459,,Stan u zgradi ,25 m² ,0.5 soba ,,grejanje na gas ,novo ,2/5 spratova ,terasa ,kuhinja ,prazno ,"kablovska, internet, interfon, TV, klima, veš mašina, frižider, šporet, ležaj ",pre 5 sati ,300,Bulevar Evrope,"Bulevar Evrope, Gradske lokacije, Novi Sad",,"Garsonjera za izdavanje, Bulevar Evrope, 300€, 25m² - 4zida",2023-07-29,ima lift (1) ,2571 ,,uknjiženo ,useljivo ,,,,,,,,,
87,https://www.4zida.rs/izdavanje-stanova/karaburma-palilula-opstina-beograd/jednosoban-stan/64c3e8af2fd816c9ca07c356,,,,,,,,,,,,,,,,,,"Jednosoban stan za izdavanje, Višnjička, 350€, 35m² - 4zida",2023-07-29,,,,,,,,,,,,,,
88,https://www.4zida.rs/izdavanje-stanova/cvetkova-pijaca-zvezdara-opstina-beograd/dvosoban-stan/64c3cbae707f3ffc7e0cf52c,,,60 m² ,2 sobe ,,etažno grejanje ,novo ,1/4 sprata ,lođa ,kupatila (2) ,namešteno ,telefon ,pre 8 sati ,500,Olge Jovanović,"Cvetkova Pijaca, Zvezdara opština, Beograd","Olge Jovanović, 1/4, lift, lođa, funkcionalan dvosoban sa dva mokra čvora, potpuno nov stan u novoj zgradi, sa odličnim pogledom na park, namešten, useljiv, obavezan depozit u visini jedne mesečne zakupnine. Agencijska provizija 50%. Hvala Vam na pregledu oglasa. Broj agencije u Registru posrednika 298. Mapa je informativnog karaktera, ne prikazuje tačnu lokaciju nekretnine.","Dvosoban stan za izdavanje, Olge Jovanović, 500€, 60m² - 4zida",2023-07-29,ima lift (1) ,78798 ,,,useljivo ,,,,,,,,,
89,https://www.4zida.rs/izdavanje-stanova/novi-sad-centar-stari-grad-gradske-lokacije-novi-sad/garsonjera/64c40515651f26cce103558c,,Stan u zgradi ,22 m² ,0.5 soba ,,centralno grejanje ,uobičajeno stanje ,3. sprat ,terasa ,,,,pre 3 sata ,250,Novi Sad - Centar,"Novi Sad - Centar, Stari Grad, Gradske lokacije, Novi Sad",,"Garsonjera za izdavanje, Novi Sad - Centar, 250€, 22m² - 4zida",2023-07-29,ima lift (1) ,9101173 ,,,,,,,,,,,,
90,https://www.4zida.rs/izdavanje-stanova/konjarnik-zvezdara-opstina-beograd/trosoban-stan/64c3b06a1b9ccec7300480c5,,,60 m² ,3 sobe ,,centralno grejanje ,,3/8 spratova ,terasa ,kupatilo ,namešteno ,"telefon, kablovska, internet, klima ",pre 10 sati ,600,Danice Marković,"Konjarnik, Zvezdara opština, Beograd","Provizija: 50% od prve mesečne zakupnine ,","Trosoban stan za izdavanje, Danice Marković, 600€, 60m² - 4zida",2023-07-29,ima lift (1) ,53777 ,,,,,,,,,,,,
91,https://www.4zida.rs/izdavanje-stanova/andricev-venac-stari-grad-opstina-beograd/dvosoban-stan/64c3c6a1bd433530240275ee,obavezan depozit ,Stan u zgradi ,45 m² ,2 sobe ,,centralno grejanje ,uobičajeno stanje ,5/7 spratova ,terasa ,"kupatilo, toalet, kuhinja ",polunamešteno ,"telefon, kablovska, klima, kuhinjski elementi ",pre 8 sati ,550,Majke Jevrosime,"Andrićev Venac, Stari Grad opština, Beograd",,"Dvosoban stan za izdavanje, Majke Jevrosime, 550€, 45m² - 4zida",2023-07-29,,2544 ,,uknjiženo ,,,,,,,,,,
92,https://www.4zida.rs/izdavanje-stanova/novi-sad-centar-stari-grad-gradske-lokacije-novi-sad/dvosoban-stan/64c3cd62707f3ffc7e0cf57d,,Stan u zgradi ,50 m² ,2 sobe ,,centralno grejanje ,,1/4 sprata ,terasa ,kuhinja ,namešteno ,"TV, klima, veš mašina, frižider, šporet, ležaj, Kanalizacija ",pre 7 sati ,400,Novi Sad - Centar,"Novi Sad - Centar, Stari Grad, Gradske lokacije, Novi Sad",,"Dvosoban stan za izdavanje, Novi Sad - Centar, 400€, 50m² - 4zida",2023-07-29,ima lift (1) ,20499 ,,uknjiženo ,useljivo ,,,,,,,,,
93,https://www.4zida.rs/izdavanje-stanova/hram-svetog-save-neimar-vracar-beograd/trosoban-stan/64c3e8af2fd816c9ca07c353,,,105 m² ,3 sobe ,,centralno grejanje ,,2/5 spratova ,terasa ,kupatilo ,namešteno ,"telefon, kablovska, internet, klima ",pre 6 sati ,1.500,Stojana Protica,"Hram Svetog Save, Neimar, Vračar, Beograd","Provizija: 50% od prve mesečne zakupnine ,","Trosoban stan za izdavanje, Stojana Protica, 1.500€, 105m² - 4zida",2023-07-29,ima lift (1) ,2253234 ,,,,,,,,,,,,
94,https://www.4zida.rs/izdavanje-stanova/gundulicev-venac-donji-dorcol-dorcol-stari-grad-opstina-beograd/dvosoban-stan/64c420d6bd2daf201708107f,,,40 m² ,2 sobe ,,centralno grejanje ,,6/8 spratova ,terasa ,kupatilo ,namešteno ,"telefon, kablovska, internet, klima ",pre 2 sata ,1.200,K District,"Gundulićev Venac, Donji Dorćol, Dorćol, Stari Grad opština, Beograd","Provizija: 50% od prve mesečne zakupnine ,","Dvosoban stan za izdavanje, K District, 1.200€, 40m² - 4zida",2023-07-29,ima lift (1) ,53787 ,,,,,,,,,1 garažno mesto ,,,
95,https://www.4zida.rs/izdavanje-stanova/senjak-savski-venac-beograd/troiposoban-stan/64c3a7c9a7abbcf47d01adf8,,Stan u zgradi ,95 m² ,3.5 soba ,,centralno grejanje ,,prizemlje ,terasa ,kuhinja ,namešteno ,"kablovska, internet, interfon, TV, klima, veš mašina, sudo mašina, frižider, šporet, ležaj ",pre 10 sati ,1.300,Senjak,"Senjak, Savski Venac, Beograd",,"Troiposoban stan za izdavanje, Senjak, 1.300€, 95m² - 4zida",2023-07-29,,202 ,,,useljivo ,1 parking mesto ,,,,,,,,
96,https://www.4zida.rs/izdavanje-stanova/bulevar-oslobodjenja-gradske-lokacije-novi-sad/dvosoban-stan/649c5b8e5157aaa2f70d229a,,Stan u zgradi ,49 m² ,2 sobe ,,,uobičajeno stanje ,3. sprat ,,,,,pre 30 dana ,400,Bulevar Oslobođenja,"Bulevar Oslobođenja, Gradske lokacije, Novi Sad","Agencijska oznaka9115022Izdaje se dvosoban namesten stan na Bulevaru Oslobodjenja.Stan se nalazi na&nbsp; trecem spratu,poseduje&nbsp; klimu ,povrsine&nbsp;40m2. Poseduje ves masinu i kuhinjske elmente. Rezije oko 7800din.Cena je 400e+depozit 800e+50%agencijska proviizja od prve zakupnine ,jednokrtano. Za vise informacija,&nbsp;Slavoljub, 0616207993.","Dvosoban stan za izdavanje, Bulevar Oslobođenja, 400€, 49m² - 4zida",2023-07-29,ima lift (1) ,9115022 ,,,,,,,,,,,,
97,https://www.4zida.rs/izdavanje-stanova/vasariste-gradske-lokacije-jagodina/dvosoban-stan/64c3b3ab1b9ccec73004816a,,Stan u zgradi ,43 m² ,2 sobe ,,TA peć ,novo ,prizemlje/6 spratova ,"podrum, terasa ",,prazno ,klima ,pre 9 sati ,120,Vašarište,"Vašarište, Gradske lokacije, Jagodina","Lep, noviji stan dvosoban stan u zgradi Plavuša u Jagodini. Stan je  uknjižen. Sastoji se od prostranog dnevnog boravka sa kuhinjom i izlazom na balkonsku terasu koja je zastakljena, komforne spavace sobe , prostranog predsoblja i kupatila. Stan ima i pripadajući podrum od 4,63 m2. U neposrednoj blizini se nalazi vrtić, osnovna i srednja škola, veliki market, pijaca, apoteka i manja pošta. Stam je uknjizen i legalizovan , privatna svojina 1/1","Dvosoban stan za izdavanje, Vašarište, 120€, 43m² - 4zida",2023-07-29,ima lift (1) ,7282 ,,uknjiženo ,,,,,,,,,,
98,https://www.4zida.rs/izdavanje-stanova/zelena-avenija-zemun-zemun-opstina-beograd/dvosoban-stan/64c3b34e1b9ccec73004814d,,,48 m² ,2 sobe ,,centralno grejanje ,novo ,3/7 spratova ,terasa ,kupatilo ,namešteno ,telefon ,pre 9 sati ,1.000,Skadarska,"Zelena Avenija, Zemun, Zemun opština, Beograd",,"Dvosoban stan za izdavanje, Skadarska, 1.000€, 48m² - 4zida",2023-07-29,,18333 ,,uknjiženo ,,,,,,,,,,
99,https://www.4zida.rs/izdavanje-stanova/liman-2-liman-gradske-lokacije-novi-sad/dvoiposoban-stan/64c3eaa22fd816c9ca07c3b5,,Stan u zgradi ,70 m² ,2.5 soba ,,centralno grejanje ,,2. sprat ,terasa ,,,klima ,pre 5 sati ,500,Bulevar cara Lazara,"Liman 2, Liman, Gradske lokacije, Novi Sad","Agencijski ID: 100422, II/, klima, lift, terasa. Izdaje se stan, 70m2, na Limanu. Dnevna soba, kuhinja, dve spavaće sobe, hodnik, kupatilo, terasa. Useljiv odmah. Depozit 300€. Agencijska provizija 50. Agent Aleksandra. Više informacija na: www.beocitynekretnine.rs Agencijska provizija 50% od jedne zakupnine. Telefoni: 060/555-3901 • 060/555-2146. Kontakt van radnog vremena: kancelarija@beocitynekretnine.rs","Dvoiposoban stan za izdavanje, Bulevar cara Lazara, 500€, 70m² - 4zida",2023-07-29,ima lift (1) ,100422 ,,uknjiženo ,useljivo ,,,,,,,,,
