,link,Tip,Površina,Broj soba,Grejanje,Stanje,Godina izgradnje,Spratnost,Lift,Šifra oglasa,Oglas ažuriran,price,street,address,title,end_date,Infrastruktura,Opremljenost,Parking,Unutrašnje prostorije,Nameštenost,Uknjiženost,Garaža,Useljivo,Depozit,description,Autobuske linije,Useljivo od,Pogled na,Pogodno za,Internet,Režije,Orijentacija nekretnine
0,https://www.4zida.rs/izdavanje-stanova/novi-sad-centar-stari-grad-gradske-lokacije-novi-sad/jednoiposoban-stan/648c6bb0ce223806a60ad3e6,Stan u zgradi ,41 m² ,1.5 soba ,centralno grejanje ,uobičajeno stanje ,2023,1. sprat ,ima lift (1) ,9106456 ,pre 30 dana ,330,Novi Sad - Centar,"Novi Sad - Centar, Stari Grad, Gradske lokacije, Novi Sad","Jednoiposoban stan za izdavanje, Novi Sad - Centar, 330€, 41m² - 4zida",2023-07-16,,,,,,,,,,,,,,,,,
1,https://www.4zida.rs/izdavanje-stanova/grbavica-gradske-lokacije-novi-sad/garsonjera/648c6bb6ce223806a60ad3ec,Stan u zgradi ,26 m² ,0.5 soba ,centralno grejanje ,uobičajeno stanje ,2023,3. sprat ,ima lift (1) ,9106469 ,pre 30 dana ,250,Grbavica,"Grbavica, Gradske lokacije, Novi Sad","Garsonjera za izdavanje, Grbavica, 250€, 26m² - 4zida",2023-07-16,terasa ,kablovska ,,,,,,,,,,,,,,,
2,https://www.4zida.rs/izdavanje-stanova/gradska-bolnica-medijana-gradske-lokacije-nis/jednosoban-stan/648c996f40f70bc155029b90,,24 m² ,1 soba ,grejanje na struju ,,,prizemlje ,,i,pre 30 dana ,300,Rentgenova,"Gradska Bolnica, Medijana, Gradske lokacije, Niš","Jednosoban stan za izdavanje, Rentgenova, 300€, 24m² - 4zida",2023-07-16,,"interfon, klima ",1 parking mesto ,kupatilo ,namešteno ,,,,,,,,,,,,
3,https://www.4zida.rs/izdavanje-stanova/sarajevska-savski-venac-beograd/trosoban-stan/648ca4d3025cc8d1910194fc,,100 m² ,3 sobe ,centralno grejanje ,novo ,,7. sprat ,ima lift (1) ,47164 ,pre 23 dana ,2.350,Sarajevska,"Sarajevska, Savski Venac, Beograd","Trosoban stan za izdavanje, Sarajevska, 2.350€, 100m² - 4zida",2023-07-16,terasa ,"telefon, kablovska, internet, klima ",,,namešteno ,uknjiženo ,1 garažno mesto ,useljivo ,,,,,,,,,
4,https://www.4zida.rs/izdavanje-stanova/mirijevo-zvezdara-opstina-beograd/jednosoban-stan/64b449b7ca70bdf2e1083de3,Stan u zgradi ,40 m² ,1 soba ,centralno grejanje ,,,7/15 spratova ,,,pre 44 minuta ,300,16 oktobra,"Mirijevo, Zvezdara opština, Beograd","Jednosoban stan za izdavanje, 16 oktobra, 300€, 40m² - 4zida",2023-07-16,terasa ,klima ,,kupatilo ,namešteno ,,,,,,,,,,,,
5,https://www.4zida.rs/izdavanje-stanova/stari-kosutnjak-rakovica-opstina-beograd/trosoban-stan/648c756ea8e1eedfe60af7d7,,82 m² ,3 sobe ,centralno grejanje ,uobičajeno stanje ,,prizemlje/6 spratova ,ima lift (1) ,5608 ,pre 30 dana ,450,Pere Velimirovića,"Stari Košutnjak, Rakovica opština, Beograd","Trosoban stan za izdavanje, Pere Velimirovića, 450€, 82m² - 4zida",2023-07-16,"terasa, lođa ","telefon, interfon ",,kupatila (2) ,polunamešteno ,uknjiženo ,,,,,,,,,,,
6,https://www.4zida.rs/izdavanje-stanova/sajmiste-gradske-lokacije-novi-sad/jednoiposoban-stan/648c6bd3ce223806a60ad416,Stan u zgradi ,37 m² ,1.5 soba ,centralno grejanje ,uobičajeno stanje ,1965,6. sprat ,ima lift (1) ,9106524 ,pre 30 dana ,390,Sajmište,"Sajmište, Gradske lokacije, Novi Sad","Jednoiposoban stan za izdavanje, Sajmište, 390€, 37m² - 4zida",2023-07-16,terasa ,,,,,,,,,,,,,,,,
7,https://www.4zida.rs/izdavanje-stanova/banovo-brdo-cukarica-cukarica-opstina-beograd/dvoiposoban-stan/648c7f46a8e1eedfe60b06ad,,65 m² ,2.5 soba ,grejanje na gas ,,,visoko prizemlje/3 sprata ,,1475 ,pre 30 dana ,500,Udbinska,"Banovo Brdo, Čukarica, Čukarica opština, Beograd","Dvoiposoban stan za izdavanje, Udbinska, 500€, 65m² - 4zida",2023-07-16,,telefon ,,kupatilo ,namešteno ,,,,,,,,,,,,
8,https://www.4zida.rs/izdavanje-stanova/kumodraz-vozdovac-opstina-beograd/dvosoban-stan/64b3fb02998b201a7b0bf2f1,,49 m² ,2 sobe ,centralno grejanje ,uobičajeno stanje ,,3/4 sprata ,,7767 ,pre 4 sata ,500,Bulevar Peka Dapčevića,"Kumodraž, Voždovac opština, Beograd","Dvosoban stan za izdavanje, Bulevar Peka Dapčevića, 500€, 49m² - 4zida",2023-07-16,terasa ,"telefon, internet, interfon, klima ",,kupatilo ,namešteno ,,,,,,,,,,,,
9,https://www.4zida.rs/izdavanje-stanova/nova-detelinara-detelinara-gradske-lokacije-novi-sad/garsonjera/64b444dfed8861d2de06c6ae,Stan u zgradi ,25 m² ,0.5 soba ,centralno grejanje ,,,2. sprat ,ima lift (1) ,1602 ,pre 1 sat ,265,Nova Detelinara,"Nova Detelinara, Detelinara, Gradske lokacije, Novi Sad","Garsonjera za izdavanje, Nova Detelinara, 265€, 25m² - 4zida",2023-07-16,terasa ,"kablovska, TV, klima, veš mašina, sudo mašina, frižider, šporet, ležaj ",,kuhinja ,namešteno ,,,,,,,,,,,,
10,https://www.4zida.rs/izdavanje-stanova/donji-dorcol-dorcol-stari-grad-opstina-beograd/cetvorosoban-stan/6400d7ccd604a3313904aa9e,Stan u zgradi ,133 m² ,4 sobe ,centralno grejanje ,novo ,,,ima lift (1) ,,pre 2 sata ,4.000,K DISTRIKT,"Donji Dorćol, Dorćol, Stari Grad opština, Beograd","Četvorosoban stan za izdavanje, K DISTRIKT, 4.000€, 133m² - 4zida",2023-07-16,"alarm, terase (2) ",klima ,2 parking mesta ,"kupatila (2), toalet ",namešteno ,,2 garažna mesta ,useljivo ,obavezan depozit ,,,,,,,,
11,https://www.4zida.rs/izdavanje-stanova/beograd-na-vodi-savski-venac-beograd/dvosoban-stan/646509f90233d5a50602b2e5,,55 m² ,2 sobe ,centralno grejanje ,novo ,,14/23 sprata ,ima lift (1) ,20300 ,pre 1 mesec ,1.300,Bulevar Vudroa Vilsona,"Beograd na vodi, Savski Venac, Beograd","Dvosoban stan za izdavanje, Bulevar Vudroa Vilsona, 1.300€, 55m² - 4zida",2023-07-16,terasa ,"telefon, kablovska, internet, klima ",,,namešteno ,uknjiženo ,1 garažno mesto ,useljivo ,,,,,,,,,
12,https://www.4zida.rs/izdavanje-stanova/diplomatska-kolonija-dedinje-savski-venac-beograd/petosoban-stan/63e0286dcdea30745b04d43e,Stan u zgradi ,228 m² ,5 soba ,centralno grejanje ,novo ,,1/3 sprata ,ima lift (1) ,,pre 2 sata ,4.000,PINK,"Diplomatska Kolonija, Dedinje, Savski Venac, Beograd","Petosoban stan za izdavanje, PINK, 4.000€, 228m² - 4zida",2023-07-16,terase (2) ,klima ,1 parking mesto ,,namešteno ,,1 garažno mesto ,,obavezan depozit ,,,,,,,,
13,https://www.4zida.rs/izdavanje-stanova/dedinje-savski-venac-beograd/cetvorosoban-stan/63ef9c2bffd4c5b0880187e4,Stan u zgradi ,163 m² ,4 sobe ,centralno grejanje ,novo ,,,ima lift (1) ,,pre 2 sata ,3.500,Dedinje,"Dedinje, Savski Venac, Beograd","Četvorosoban stan za izdavanje, Dedinje, 3.500€, 163m² - 4zida",2023-07-16,terasa ,klima ,1 parking mesto ,kupatila (3,namešteno ,uknjiženo ,1 garažno mesto ,useljivo ,obavezan depozit ,,,,,,,,
14,https://www.4zida.rs/izdavanje-stanova/cvetni-trg-vracar-beograd/dvosoban-stan/64b432f80191fc5263069d41,,50 m² ,2 sobe ,etažno grejanje ,,,1/3 sprata ,,53650 ,pre 2 sata ,800,Maksima Gorkog,"Cvetni Trg, Vračar, Beograd","Dvosoban stan za izdavanje, Maksima Gorkog, 800€, 50m² - 4zida",2023-07-16,terasa ,"telefon, kablovska, internet, klima ",,kupatilo ,namešteno ,,,,,"Provizija: 50% od prve mesečne zakupnine ,",,,,,,,
15,https://www.4zida.rs/izdavanje-stanova/kalenic-vracar-beograd/cetvorosoban-stan/648c66a966d0e76230087f29,Stan u zgradi ,180 m² ,4 sobe ,grejanje na gas ,novo ,,3/7 spratova ,ima lift (1) ,86596 ,pre 30 dana ,3.500,Kalenić,"Kalenić, Vračar, Beograd","Četvorosoban stan za izdavanje, Kalenić, 3.500€, 180m² - 4zida",2023-07-16,podrum ,,1 parking mesto ,,namešteno ,uknjiženo ,1 garažno mesto ,useljivo ,,,,,,,,,
16,https://www.4zida.rs/izdavanje-stanova/beograd-centar-stari-grad-opstina-beograd/cetvorosoban-stan/6464d26bf969789de60b58e8,Salonac ,110 m² ,4 sobe ,centralno grejanje ,renovirano ,,2/5 spratova ,ima lift (1) ,872 ,pre 1 mesec ,1.100,Vlajkovićeva,"Beograd centar, Stari Grad opština, Beograd","Četvorosoban stan za izdavanje, Vlajkovićeva, 1.100€, 110m² - 4zida",2023-07-16,terasa ,,,"kupatilo, toalet ",polunamešteno ,,,,"obavezan depozit, 1.100","Prelep salonac koji se izdaje prazan sa opremljenom kuhinjom, dve velike odvojene sobe, jednom velikom centralnom sobom i jednom malom što ga čini idealnim za kancelarijski prostor. Odvojeni su kupatilo i wc. U stanu je i ostava, ulazni antre, dva ulaza, zastakljena terasa.",,,,,,,
17,https://www.4zida.rs/izdavanje-stanova/vozdovac-vozdovac-opstina-beograd/dvosoban-stan/64b415e62241b25dc8080503,Stan u zgradi ,48 m² ,2 sobe ,centralno grejanje ,renovirano ,,4/8 spratova ,,,pre 4 sata ,440,Kraljevačka,"Voždovac, Voždovac opština, Beograd","Dvosoban stan za izdavanje, Kraljevačka, 440€, 48m² - 4zida",2023-07-16,,internet ,,,namešteno ,,,useljivo ,obavezan depozit ,,"18, 25, 39 ",,,,,,
18,https://www.4zida.rs/izdavanje-stanova/neimar-vracar-beograd/jednoiposoban-stan/648c7f20a8e1eedfe60b0695,,40 m² ,1.5 soba ,centralno grejanje ,,,2. sprat ,ima lift (1) ,2818 ,pre 30 dana ,400,Bulevar oslobođenja,"Neimar, Vračar, Beograd","Jednoiposoban stan za izdavanje, Bulevar oslobođenja, 400€, 40m² - 4zida",2023-07-16,terasa ,"telefon, kablovska, internet, interfon ",1 parking mesto ,kupatilo ,namešteno ,,,useljivo ,,,,,,,,,
19,https://www.4zida.rs/izdavanje-stanova/a-blok-blok-67a-novi-beograd-beograd/cetvorosoban-stan/646509fb0233d5a50602b2eb,,103 m² ,4 sobe ,centralno grejanje ,novo ,,5/6 spratova ,ima lift (1) ,18998 ,pre 1 mesec ,1.800,Uroša Martinovića,"A Blok - Blok 67a, Novi Beograd, Beograd","Četvorosoban stan za izdavanje, Uroša Martinovića, 1.800€, 103m² - 4zida",2023-07-16,terasa ,"telefon, kablovska, internet, klima ",,,namešteno ,uknjiženo ,1 garažno mesto ,useljivo ,,,,,,,,,
20,https://www.4zida.rs/izdavanje-stanova/trosarina-vozdovac-opstina-beograd/garsonjera/6464d7c650701d154004fd17,,29 m² ,0.5 soba ,etažno grejanje ,uobičajeno stanje ,,7/8 spratova ,ima lift (1) ,57825 ,pre 1 mesec ,450,Vojvode Stepe,"Trošarina, Voždovac opština, Beograd","Garsonjera za izdavanje, Vojvode Stepe, 450€, 29m² - 4zida",2023-07-16,terasa ,,,,namešteno ,uknjiženo ,,useljivo ,,,,,,,,,
21,https://www.4zida.rs/izdavanje-stanova/novi-sad-centar-stari-grad-gradske-lokacije-novi-sad/dvoiposoban-stan/648c6ba1ce223806a60ad3d4,Stan u zgradi ,59 m² ,2.5 soba ,centralno grejanje ,uobičajeno stanje ,2023,4. sprat ,ima lift (1) ,9106428 ,pre 30 dana ,800,Novi Sad - Centar,"Novi Sad - Centar, Stari Grad, Gradske lokacije, Novi Sad","Dvoiposoban stan za izdavanje, Novi Sad - Centar, 800€, 59m² - 4zida",2023-07-16,terasa ,,,,,,,,,,,,,,,,
22,https://www.4zida.rs/izdavanje-stanova/mokranjcev-palilula-gradske-lokacije-nis/jednoiposoban-stan/64b444b8cb87829f8c0e0188,Stan u zgradi ,37 m² ,1.5 soba ,TA peć ,održavano ,,1/6 spratova ,,,pre 51 minuta ,200,Mokranjceva 92,"Mokranjčev, Palilula, Gradske lokacije, Niš","Jednoiposoban stan za izdavanje, Mokranjceva 92, 200€, 37m² - 4zida",2023-07-16,"dvorište, podrum, terasa ","TV, veš mašina, kuhinjski elementi, sudo mašina, frižider, zamrzivač, rerna, šporet, plakar ",,"kupatilo, toalet, kuhinja, ostava ",namešteno ,,,,"obavezan depozit, 200",,9 ,01.08.2023 ,dvorište ,"Radnike, Porodice, Studente ",,,
23,https://www.4zida.rs/izdavanje-stanova/beograd-na-vodi-savski-venac-beograd/trosoban-stan/648c935ae5c53e20500a455f,Stan u zgradi ,72 m² ,3 sobe ,centralno grejanje ,novo ,,12/22 sprata ,ima lift (1) ,,pre 30 dana ,2.000,Hercegovacka,"Beograd na vodi, Savski Venac, Beograd","Trosoban stan za izdavanje, Hercegovacka, 2.000€, 72m² - 4zida",2023-07-16,"alarm, terasa, recepcija ","klima, centralna klima, ventilacija, sudo mašina ",1 parking mesto ,"kupatila (2), toalet ",namešteno ,,1 garažno mesto ,useljivo ,obavezan depozit ,,,,,,,,
24,https://www.4zida.rs/izdavanje-stanova/novi-sad-centar-stari-grad-gradske-lokacije-novi-sad/jednoiposoban-stan/648c6bb7ce223806a60ad3ef,Stan u zgradi ,28 m² ,1.5 soba ,centralno grejanje ,uobičajeno stanje ,2021,,,9106473 ,pre 30 dana ,300,Novi Sad - Centar,"Novi Sad - Centar, Stari Grad, Gradske lokacije, Novi Sad","Jednoiposoban stan za izdavanje, Novi Sad - Centar, 300€, 28m² - 4zida",2023-07-16,,,,,,,,,,,,,,,,,
25,https://www.4zida.rs/izdavanje-stanova/gornji-grad-zemun-zemun-opstina-beograd/dvosoban-stan/64b3f2412ce8b75bae0fc43f,Stan u zgradi ,55 m² ,2 sobe ,TA peć ,uobičajeno stanje ,,4/4 sprata ,,,pre 6 sati ,390,Gornji Grad,"Gornji Grad, Zemun, Zemun opština, Beograd","Dvosoban stan za izdavanje, Gornji Grad, 390€, 55m² - 4zida",2023-07-16,,,,,polunamešteno ,,,useljivo ,"obavezan depozit, 390",Preko puta skole. Lep raspored prostorija.,"45, 18, 81, 83, 85 ",,,,Kablovska ,4500 ,
26,https://www.4zida.rs/izdavanje-stanova/crveni-krst-vracar-vracar-beograd/jednosoban-stan/648c96ed40f70bc155029b47,,30 m² ,1 soba ,etažno grejanje ,uobičajeno stanje ,,1/3 sprata ,ima lift (1) ,20499 ,pre 30 dana ,550,Cerska,"Crveni Krst Vračar, Vračar, Beograd","Jednosoban stan za izdavanje, Cerska, 550€, 30m² - 4zida",2023-07-16,terasa ,"telefon, kablovska, internet, klima ",,,namešteno ,uknjiženo ,,useljivo ,,,,,,,,,
27,https://www.4zida.rs/izdavanje-stanova/nova-detelinara-detelinara-gradske-lokacije-novi-sad/trosoban-stan/648c6bddce223806a60ad41f,Stan u zgradi ,62 m² ,3 sobe ,centralno grejanje ,uobičajeno stanje ,2023,4. sprat ,ima lift (1) ,9106520 ,pre 30 dana ,800,Nova Detelinara,"Nova Detelinara, Detelinara, Gradske lokacije, Novi Sad","Trosoban stan za izdavanje, Nova Detelinara, 800€, 62m² - 4zida",2023-07-16,terasa ,,,,,,,,,,,,,,,,
28,https://www.4zida.rs/izdavanje-stanova/beograd-na-vodi-savski-venac-beograd/dvosoban-stan/648c96e840f70bc155029b33,,56 m² ,2 sobe ,centralno grejanje ,novo ,,2/23 sprata ,ima lift (1) ,17561 ,pre 30 dana ,1.300,Hercegovačka,"Beograd na vodi, Savski Venac, Beograd","Dvosoban stan za izdavanje, Hercegovačka, 1.300€, 56m² - 4zida",2023-07-16,terasa ,"telefon, kablovska, internet, klima ",,,namešteno ,uknjiženo ,1 garažno mesto ,useljivo ,,,,,,,,,
29,https://www.4zida.rs/izdavanje-stanova/nova-detelinara-detelinara-gradske-lokacije-novi-sad/jednosoban-stan/648c6ba6ce223806a60ad3da,Stan u zgradi ,46 m² ,1 soba ,etažno grejanje ,uobičajeno stanje ,1985,7. sprat ,ima lift (1) ,9106445 ,pre 30 dana ,500,Nova Detelinara,"Nova Detelinara, Detelinara, Gradske lokacije, Novi Sad","Jednosoban stan za izdavanje, Nova Detelinara, 500€, 46m² - 4zida",2023-07-16,terasa ,,,,,,,,,,,,,,,,
30,https://www.4zida.rs/izdavanje-stanova/nova-detelinara-detelinara-gradske-lokacije-novi-sad/troiposoban-stan/648c9065afefc1cd5408329b,Stan u zgradi ,89 m² ,3.5 soba ,centralno grejanje ,novo ,,6/6 spratova ,ima lift (1) ,,pre 16 dana ,700,Kornelija Stankovića,"Nova Detelinara, Detelinara, Gradske lokacije, Novi Sad","Troiposoban stan za izdavanje, Kornelija Stankovića, 700€, 89m² - 4zida",2023-07-16,terasa ,klima ,,,namešteno ,uknjiženo ,,useljivo ,obavezan depozit ,,,,,,,,
31,https://www.4zida.rs/izdavanje-stanova/blok-58-novi-beograd-beograd/dvosoban-stan/648cabed43d450533501a446,Stan u zgradi ,50 m² ,2 sobe ,centralno grejanje ,novo ,2020,3/8 spratova ,ima lift (1) ,,pre 2 dana ,1.100,Sakura park,"Blok 58, Novi Beograd, Beograd","Dvosoban stan za izdavanje, Sakura park, 1.100€, 50m² - 4zida",2023-07-16,"prilaz za invalide, dvorište, terasa ","kablovska, internet, klima, centralna klima ",,kupatilo ,namešteno ,,1 garažno mesto ,useljivo ,obavezan depozit ,,,,,,Kablovska ,,
32,https://www.4zida.rs/izdavanje-stanova/nova-detelinara-detelinara-gradske-lokacije-novi-sad/jednosoban-stan/648c6f17ce223806a60ad806,Stan u zgradi ,30 m² ,1 soba ,centralno grejanje ,,,1. sprat ,,95090 ,pre 30 dana ,350,Cankareva,"Nova Detelinara, Detelinara, Gradske lokacije, Novi Sad","Jednosoban stan za izdavanje, Cankareva, 350€, 30m² - 4zida",2023-07-16,,,,,,uknjiženo ,,useljivo ,,"Agencijski ID: 95090, I/. Izdaje se nov stan, 30m2, na Novoj Detelinari. Daljinski od zajedničkog parkinga zgrade. Useljiv od 01.08.2023. Depozit u visini kirije. Agencijska provizija 50. Agent Aleksandra. Više informacija na: www.beocitynekretnine.rs Agencijska provizija 50% od jedne zakupnine. Telefoni: 060/555-3901 • 060/555-2146. Kontakt van radnog vremena: kancelarija@beocitynekretnine.rs",,,,,,,
33,https://www.4zida.rs/izdavanje-stanova/petrovaradin-gradske-lokacije-novi-sad/garsonjera/63ffb76856651b82970f359c,Stan u zgradi ,31 m² ,0.5 soba ,,novo ,,2/5 spratova ,ima lift (1) ,,pre 5 sati ,270,Preradovićeva,"Petrovaradin, Gradske lokacije, Novi Sad","Garsonjera za izdavanje, Preradovićeva, 270€, 31m² - 4zida",2023-07-16,terasa ,"klima, kuhinjski elementi, frižider, rerna, šporet, ležaj, plakar ",,kuhinja ,namešteno ,,,,,,,04.08.2023 ,,,,,
34,https://www.4zida.rs/izdavanje-stanova/grbavica-gradske-lokacije-novi-sad/dvosoban-stan/648c6ba4ce223806a60ad3d7,Stan u zgradi ,62 m² ,2 sobe ,grejanje na struju ,uobičajeno stanje ,2023,6. sprat ,ima lift (1) ,9106442 ,pre 30 dana ,350,Grbavica,"Grbavica, Gradske lokacije, Novi Sad","Dvosoban stan za izdavanje, Grbavica, 350€, 62m² - 4zida",2023-07-16,,,,,,,,,,,,,,,,,
35,https://www.4zida.rs/izdavanje-stanova/telep-gradske-lokacije-novi-sad/jednoiposoban-stan/648c6b74ce223806a60ad3a7,Stan u zgradi ,40 m² ,1.5 soba ,grejanje na gas ,uobičajeno stanje ,2018,,,9106375 ,pre 30 dana ,350,Telep,"Telep, Gradske lokacije, Novi Sad","Jednoiposoban stan za izdavanje, Telep, 350€, 40m² - 4zida",2023-07-16,terasa ,,,,,,,,,,,,,,,,
36,https://www.4zida.rs/izdavanje-stanova/vidikovac-rakovica-opstina-beograd/dvoiposoban-stan/648ca4d5025cc8d19101950d,,60 m² ,2.5 soba ,etažno grejanje ,novo ,,2. sprat ,,47153 ,pre 27 dana ,500,Vidikovac,"Vidikovac, Rakovica opština, Beograd","Dvoiposoban stan za izdavanje, Vidikovac, 500€, 60m² - 4zida",2023-07-16,terasa ,"telefon, kablovska, internet, klima ",,,namešteno ,uknjiženo ,,useljivo ,,,,,,,,,
37,https://www.4zida.rs/izdavanje-stanova/blok-30-novi-beograd-beograd/trosoban-stan/648ca4d4025cc8d191019507,,73 m² ,3 sobe ,centralno grejanje ,renovirano ,,prizemlje ,,47158 ,pre 27 dana ,800,Blok 30,"Blok 30, Novi Beograd, Beograd","Trosoban stan za izdavanje, Blok 30, 800€, 73m² - 4zida",2023-07-16,,"telefon, kablovska, internet, klima ",,,polunamešteno ,uknjiženo ,,useljivo ,,"Izdaje se trosoban stan u Bulevaru Umetnosti, preko puta novog Merkatora. Idealan je za poslovni prostor.  Agencijska usluga 50% od prve zakupnine po realizaciji. ID oglasa: 47158.",,,,,,,
38,https://www.4zida.rs/izdavanje-stanova/grbavica-gradske-lokacije-novi-sad/dvosoban-stan/64b41090971820086905fb28,Stan u zgradi ,34 m² ,2 sobe ,centralno grejanje ,novo ,,2/5 spratova ,,,pre 4 sata ,420,Danila Kiša,"Grbavica, Gradske lokacije, Novi Sad","Dvosoban stan za izdavanje, Danila Kiša, 420€, 34m² - 4zida",2023-07-16,terasa ,"internet, TV, klima, veš mašina, kuhinjski elementi, frižider, rerna, šporet, ležaj ",,kupatilo ,namešteno ,,,,obavezan depozit ,,,31.07.2023 ,dvorište ,,,,
39,https://www.4zida.rs/izdavanje-stanova/blok-62-bezanijski-blokovi-novi-beograd-beograd/trosoban-stan/6464e43e85a83f329c09ce36,Stan u zgradi ,80 m² ,3 sobe ,centralno grejanje ,renovirano ,,2/1 sprat ,ima lift (1) ,15678 ,pre 1 mesec ,700,Dušana Vukasovića,"Blok 62, Bežanijski Blokovi, Novi Beograd, Beograd","Trosoban stan za izdavanje, Dušana Vukasovića, 700€, 80m² - 4zida",2023-07-16,"podrum, lođa ","kablovska, internet, interfon, veš mašina, sudo mašina, frižider, šporet, ležaj ",,"kuhinja, ostava ",namešteno ,,,useljivo ,,,,,,,,,
40,https://www.4zida.rs/izdavanje-stanova/grbavica-gradske-lokacije-novi-sad/dvosoban-stan/648c6be6ce223806a60ad42b,Stan u zgradi ,57 m² ,2 sobe ,centralno grejanje ,uobičajeno stanje ,2023,2. sprat ,,9106535 ,pre 29 dana ,550,Grbavica,"Grbavica, Gradske lokacije, Novi Sad","Dvosoban stan za izdavanje, Grbavica, 550€, 57m² - 4zida",2023-07-16,terasa ,kablovska ,,,,,,,,,,,,,,,
41,https://www.4zida.rs/izdavanje-stanova/juzni-bulevar-vracar-beograd/jednoiposoban-stan/648c671666d0e76230087fe9,Stan u zgradi ,35 m² ,1.5 soba ,centralno grejanje ,novo ,,2/8 spratova ,ima lift (1) ,98066 ,pre 30 dana ,1.000,Južni Bulevar,"Južni Bulevar, Vračar, Beograd","Jednoiposoban stan za izdavanje, Južni Bulevar, 1.000€, 35m² - 4zida",2023-07-16,terasa ,klima ,,,namešteno ,uknjiženo ,,useljivo ,,,,,,,,,
42,https://www.4zida.rs/izdavanje-stanova/savski-trg-savamala-savski-venac-beograd/petosoban-stan/64b44e86f167cd4acf02d2c1,,150 m² ,5 soba ,centralno grejanje ,uobičajeno stanje ,,2/5 spratova ,ima lift (1) ,38362 ,pre 28 minuta ,3.500,Savski trg,"Savski Trg, Savamala, Savski Venac, Beograd","Petosoban stan za izdavanje, Savski trg, 3.500€, 150m² - 4zida",2023-07-16,,"telefon, kablovska, internet, interfon ",,kupatila (2) ,prazno ,,,,,"Vrhunski stan na prestižnoj lokaciji u centralnom delu Savskog trga sa pogledom na spomenik. U ovom potpuno renoviranom delu grada izdaje se ovaj salonski stan. Perfektne strukture kako za život tako i za obavljanje poslovne delatnosti. Zgrada stilska, održavana, sa lepim ulazom. Sam stan je spoj modernog i stilskog sa vrhunskim mermerom, velikim prozorima, dva kupatila, kuhinja. Sa parking mestima. Mesečno plaćanje+depozit. Agencijska provizija se plaća u skladu sa opštim uslovima poslovanja.//Agent:064/1424309//",,,,,,,
43,https://www.4zida.rs/izdavanje-stanova/slavija-vracar-beograd/cetvorosoban-stan/648c7671a8e1eedfe60af80f,,122 m² ,4 sobe ,centralno grejanje ,uobičajeno stanje ,,1/2 sprata ,,39117 ,pre 30 dana ,1.200,Svetozara Markovića,"Slavija, Vračar, Beograd","Četvorosoban stan za izdavanje, Svetozara Markovića, 1.200€, 122m² - 4zida",2023-07-16,,klima ,,kupatila (2) ,prazno ,,,,,,,,,,,,
44,https://www.4zida.rs/izdavanje-stanova/terazije-stari-grad-opstina-beograd/garsonjera/64b41a8dc2da650e810dc56c,Stan u zgradi ,13 m² ,0.5 soba ,centralno grejanje ,,,5/5 spratova ,ima lift (1) ,1371 ,pre 4 sata ,170,Terazije,"Terazije, Stari Grad opština, Beograd","Garsonjera za izdavanje, Terazije, 170€, 13m² - 4zida",2023-07-16,,"interfon, klima, frižider, šporet, ležaj ",,kuhinja ,namešteno ,uknjiženo ,,useljivo ,,"Strari grad,Terazije,0.5,13kvm,useljiva garsonjera,cg (info 3000din),klima, 170e+DEP+ag.provizija 50% (br.reg.220) 061/7000368",,,,,,,
45,https://www.4zida.rs/izdavanje-stanova/bulevar-oslobodjenja-gradske-lokacije-novi-sad/garsonjera/648c6bd7ce223806a60ad419,Stan u zgradi ,30 m² ,0.5 soba ,centralno grejanje ,uobičajeno stanje ,2023,3. sprat ,ima lift (1) ,9106525 ,pre 30 dana ,250,Bulevar Oslobođenja,"Bulevar Oslobođenja, Gradske lokacije, Novi Sad","Garsonjera za izdavanje, Bulevar Oslobođenja, 250€, 30m² - 4zida",2023-07-16,terasa ,kablovska ,,,,,,,,,,,,,,,
46,https://www.4zida.rs/izdavanje-stanova/centar-medijana-gradske-lokacije-nis/garsonjera/648c6c92ce223806a60ad46b,Stan u zgradi ,30 m² ,0.5 soba ,TA peć ,,,5. sprat ,,1468 ,pre 30 dana ,250,Centar,"Centar, Medijana, Gradske lokacije, Niš","Garsonjera za izdavanje, Centar, 250€, 30m² - 4zida",2023-07-16,,"TV, veš mašina, frižider, šporet, ležaj ",,kuhinja ,namešteno ,,,,,,,,,,,,
47,https://www.4zida.rs/izdavanje-stanova/zvezdara-zvezdara-opstina-beograd/garsonjera/64b40f9e46bfb8890401cd66,Stan u zgradi ,22 m² ,0.5 soba ,norveški radijatori ,novo ,2020,1/6 spratova ,ima lift (2) ,,pre 4 sata ,450,Zvezdara,"Zvezdara, Zvezdara opština, Beograd","Garsonjera za izdavanje, Zvezdara, 450€, 22m² - 4zida",2023-07-16,,"kablovska, internet, TV, klima, veš mašina, kuhinjski elementi, sudo mašina, frižider, zamrzivač, rerna, šporet, ležaj, plakar ",,"kupatilo, kuhinja ",namešteno ,uknjiženo ,,,"obavezan depozit, 450",,,01.08.2023 ,,,Optički ,uključene u cenu ,
48,https://www.4zida.rs/izdavanje-stanova/bulevar-oslobodjenja-gradske-lokacije-novi-sad/cetvorosoban-stan/648c6b8bce223806a60ad3bf,Stan u zgradi ,105 m² ,4 sobe ,centralno grejanje ,uobičajeno stanje ,,3. sprat ,ima lift (1) ,9106395 ,pre 30 dana ,1.500,Bulevar Oslobođenja,"Bulevar Oslobođenja, Gradske lokacije, Novi Sad","Četvorosoban stan za izdavanje, Bulevar Oslobođenja, 1.500€, 105m² - 4zida",2023-07-16,terasa ,kablovska ,,,,,,,,,,,,,,,
49,https://www.4zida.rs/izdavanje-stanova/beograd-na-vodi-savski-venac-beograd/trosoban-stan/648c90f2e32b1d215d054c0c,Stan u zgradi ,83 m² ,3 sobe ,centralno grejanje ,novo ,,6/22 sprata ,ima lift (1) ,,pre 11 dana ,1.600,BEOGRAD NA VODI,"Beograd na vodi, Savski Venac, Beograd","Trosoban stan za izdavanje, BEOGRAD NA VODI, 1.600€, 83m² - 4zida",2023-07-16,"prilaz za invalide, alarm, terasa, recepcija ","klima, centralna klima, ventilacija ",1 parking mesto ,"kupatila (2), toalet ",namešteno ,,1 garažno mesto ,useljivo ,obavezan depozit ,,,,,,,,
50,https://www.4zida.rs/izdavanje-stanova/socijalno-rotkvarija-gradske-lokacije-novi-sad/dvoiposoban-stan/648c9b6d40f70bc155029bfa,,49 m² ,2.5 soba ,centralno grejanje ,uobičajeno stanje ,,visoko prizemlje/6 spratova ,ima lift (1) ,5793 ,pre 30 dana ,650,Socijalno,"Socijalno, Rotkvarija, Gradske lokacije, Novi Sad","Dvoiposoban stan za izdavanje, Socijalno, 650€, 49m² - 4zida",2023-07-16,terasa ,"telefon, internet, interfon, klima ",,kupatilo ,namešteno ,uknjiženo ,,useljivo ,,,,,,,,,
51,https://www.4zida.rs/izdavanje-stanova/bulevar-patrijarha-pavla-somborski-bulevar-telep-gradske-lokacije-novi-sad/jednoiposoban-stan/648c6bb8ce223806a60ad3f5,Stan u zgradi ,50 m² ,1.5 soba ,grejanje na gas ,uobičajeno stanje ,2023,2. sprat ,ima lift (1) ,9106476 ,pre 30 dana ,400,Bulevar Patrijarha Pavla (Somborski Bulevar),"Bulevar Patrijarha Pavla (Somborski Bulevar), Telep, Gradske lokacije, Novi Sad","Jednoiposoban stan za izdavanje, Bulevar Patrijarha Pavla (Somborski Bulevar), 400€, 50m² - 4zida",2023-07-16,terasa ,,,,,,,,,,,,,,,,
52,https://www.4zida.rs/izdavanje-stanova/zemun-centar-zemun-zemun-opstina-beograd/jednosoban-stan/648c87da90fff7a0e80c5f98,,38 m² ,1 soba ,centralno grejanje ,,,5/6 spratova ,ima lift (1) ,4114 ,pre 18 dana ,350,Prvomajska,"Zemun - Centar, Zemun, Zemun opština, Beograd","Jednosoban stan za izdavanje, Prvomajska, 350€, 38m² - 4zida",2023-07-16,lođa ,telefon ,,kupatilo ,namešteno ,uknjiženo ,,,,,,,,,,,
53,https://www.4zida.rs/izdavanje-stanova/bulevar-evrope-gradske-lokacije-novi-sad/sestosoban-stan/648c7601a8e1eedfe60af7fb,Stan u zgradi ,159 m² ,6 soba ,grejanje na gas ,,,6/6 spratova ,,20388 ,pre 30 dana ,1.200,Bulevar Evrope,"Bulevar Evrope, Gradske lokacije, Novi Sad","Šestosoban stan za izdavanje, Bulevar Evrope, 1.200€, 159m² - 4zida",2023-07-16,,,,,prazno ,,,,,"Izdaje se odličan, renvoiran prazan, duplex stan 159m2 u dva nivoa, Bulevar Evrope, blizu Limana, 6. sprat, lift u zgradi. Grejanje na gas. Izdaje se za poslovnu delatnost - kancelarije, IT sektor... Cena 1200eu+depozit. Kontakt 065/385-8883",,,,,,,
54,https://www.4zida.rs/izdavanje-stanova/blok-31-opstina-novi-beograd-beograd/trosoban-stan/64b432e80191fc5263069d39,,93 m² ,3 sobe ,centralno grejanje ,novo ,,1. sprat ,ima lift (1) ,77970 ,pre 2 sata ,1.300,Omladinskih brigada,"Blok 31 - Opština, Novi Beograd, Beograd","Trosoban stan za izdavanje, Omladinskih brigada, 1.300€, 93m² - 4zida",2023-07-16,terasa ,"telefon, kablovska, internet, klima ",1 parking mesto ,kupatilo ,namešteno ,,,,,,,,,,,,
55,https://www.4zida.rs/izdavanje-stanova/mirijevo-zvezdara-opstina-beograd/dvoiposoban-stan/64b41bf3c2da650e810dc590,,50 m² ,2.5 soba ,etažno grejanje ,novo ,,1/4 sprata ,,59100 ,pre 4 sata ,500,Milićeva,"Mirijevo, Zvezdara opština, Beograd","Dvoiposoban stan za izdavanje, Milićeva, 500€, 50m² - 4zida",2023-07-16,terasa ,"telefon, kablovska, internet, klima ",,,namešteno ,uknjiženo ,,useljivo ,,"Izdajem nov, namešten, dvoiposoban stan u Mirijevu. Stan je kompletno opremljen nameštajem i belom tehnikom. Stan ima dve ovojene sobe + dnevni boravak. Stan odmah useljiv. Depozit u visini jedne Agencijska provizija 50%.  ID oglasa: 59100.",,,,,,,
56,https://www.4zida.rs/izdavanje-stanova/jugovicevo-gradske-lokacije-novi-sad/jednoiposoban-stan/648c6b7dce223806a60ad3b0,Stan u zgradi ,37 m² ,1.5 soba ,centralno grejanje ,uobičajeno stanje ,,3. sprat ,ima lift (1) ,9106381 ,pre 30 dana ,500,Jugovićevo,"Jugovićevo, Gradske lokacije, Novi Sad","Jednoiposoban stan za izdavanje, Jugovićevo, 500€, 37m² - 4zida",2023-07-16,terasa ,,,,,,,,,,,,,,,,
57,https://www.4zida.rs/izdavanje-stanova/krnjaca-palilula-opstina-beograd/jednoiposoban-stan/648c66e666d0e76230087f8c,Stan u zgradi ,40 m² ,1.5 soba ,grejanje na struju ,,,2/2 sprata ,,98236 ,pre 30 dana ,300,Sutjeska blok,"Krnjača, Palilula opština, Beograd","Jednoiposoban stan za izdavanje, Sutjeska blok, 300€, 40m² - 4zida",2023-07-16,terasa ,klima ,,,namešteno ,uknjiženo ,,useljivo ,,"Agencijski ID: 98236, II/II, klima, terasa. Nisu dozvoljeni kucni ljubimci. Ne izdaje se za strana lica. Agent Ranka. Više informacija na: www.beocitynekretnine.rs Agencijska provizija 50% od jedne zakupnine. Telefoni: 060/328-3901 • 060/555-9720 • 011/328-3901. Kontakt van radnog vremena: kancelarija@beocitynekretnine.rs",,,,,,,
58,https://www.4zida.rs/izdavanje-stanova/vozdovacka-crkva-vozdovac-opstina-beograd/trosoban-stan/648c6a05ce223806a60ad316,,92 m² ,3 sobe ,grejanje na struju ,renovirano ,,visoko prizemlje/1 sprat ,,7912 ,pre 10 dana ,850,Jošanička,"Voždovačka crkva, Voždovac opština, Beograd","Trosoban stan za izdavanje, Jošanička, 850€, 92m² - 4zida",2023-07-16,,,,,polunamešteno ,nije uknjiženo ,,useljivo ,,"Renoviran trosoban stan salonskog tipa, u predratnoj vili, na odličnoj lokaciji, u zoni rezidencijalne gradnje. Stan je trostrano orijentisan, odlično osvetljen, sa plafonima na visini 3m. Autentična stolarija, grejanje na kaljevu peć, hrastov parket, nove instalacije, renovirano kupatilo. Stan se izdaje polunamešten, pogodan je za stanovanje i za poslovni prostor. Plaćanje je mesečno uz obavezan depozit u visini jedne mesečne zakupnine. Prostorije: ulazno predsoblje, kuhinja, tri sobe, kupatilo, toalet Agencijska provizija u skladu sa opštim uslovima poslovanja preduzeća",,,,,,,
59,https://www.4zida.rs/izdavanje-stanova/dedinje-savski-venac-beograd/dvosoban-stan/648c6473a7ca94a59d04d0aa,Stan u zgradi ,50 m² ,2 sobe ,centralno grejanje ,renovirano ,,1/5 spratova ,ima lift (1) ,,pre 2 dana ,700,Beli Dvor,"Dedinje, Savski Venac, Beograd","Dvosoban stan za izdavanje, Beli Dvor, 700€, 50m² - 4zida",2023-07-16,,klima ,1 parking mesto ,kupatila (2) ,namešteno ,,,useljivo ,obavezan depozit ,,,,,,Kablovska ,,
60,https://www.4zida.rs/izdavanje-stanova/beograd-na-vodi-savski-venac-beograd/dvosoban-stan/646518cfea0d96e0b801eebf,,55 m² ,2 sobe ,centralno grejanje ,,,14/23 sprata ,ima lift (1) ,52820 ,pre 1 mesec ,1.300,Bulevar Vudroa Vilsona,"Beograd na vodi, Savski Venac, Beograd","Dvosoban stan za izdavanje, Bulevar Vudroa Vilsona, 1.300€, 55m² - 4zida",2023-07-16,terasa ,"telefon, kablovska, internet, klima ",,kupatilo ,namešteno ,,1 garažno mesto ,,,"Provizija: 50% od prve mesečne zakupnine ,",,,,,,,
61,https://www.4zida.rs/izdavanje-stanova/kalenic-vracar-beograd/cetvorosoban-stan/63befb8606b39007740627c8,Stan u zgradi ,183 m² ,4 sobe ,centralno grejanje ,novo ,,,ima lift (1) ,,pre 2 sata ,3.600,KALENIC,"Kalenić, Vračar, Beograd","Četvorosoban stan za izdavanje, KALENIC, 3.600€, 183m² - 4zida",2023-07-16,terasa ,klima ,,kupatila (3,namešteno ,,1 garažno mesto ,useljivo ,obavezan depozit ,,,,,,,uključene u cenu ,
62,https://www.4zida.rs/izdavanje-stanova/palilula-gradske-lokacije-nis/dvosoban-stan/64b4074a01c814af080120a8,Stan u kući ,60 m² ,2 sobe ,TA peć ,,,prizemlje/1 sprat ,,,pre 5 sati ,150,Brace Ignjatovic 58,"Palilula, Gradske lokacije, Niš","Dvosoban stan za izdavanje, Brace Ignjatovic 58, 150€, 60m² - 4zida",2023-07-16,,"veš mašina, kuhinjski elementi, frižider, rerna, šporet, ležaj, plakar ",,"kupatilo, toalet, kuhinja ",,uknjiženo ,,useljivo ,"obavezan depozit, 100",,,,,,,,
63,https://www.4zida.rs/izdavanje-stanova/beograd-na-vodi-savski-venac-beograd/trosoban-stan/648c8f855ddb6758ea08296c,Stan u zgradi ,86 m² ,3 sobe ,centralno grejanje ,novo ,,11/22 sprata ,ima lift (1) ,,pre 11 dana ,1.500,BW ARIA,"Beograd na vodi, Savski Venac, Beograd","Trosoban stan za izdavanje, BW ARIA, 1.500€, 86m² - 4zida",2023-07-16,"terasa, recepcija ","telefon, kablovska, klima, centralna klima, sudo mašina ",,"kupatila (2), toalet ",namešteno ,,1 garažno mesto ,useljivo ,obavezan depozit ,,,,,,,,
64,https://www.4zida.rs/izdavanje-stanova/liman-3-liman-gradske-lokacije-novi-sad/dvosoban-stan/648c6b9bce223806a60ad3cb,Stan u zgradi ,53 m² ,2 sobe ,centralno grejanje ,uobičajeno stanje ,1984,2. sprat ,ima lift (1) ,9106416 ,pre 30 dana ,350,Liman 3,"Liman 3, Liman, Gradske lokacije, Novi Sad","Dvosoban stan za izdavanje, Liman 3, 350€, 53m² - 4zida",2023-07-16,,,,,,,,,,,,,,,,,
65,https://www.4zida.rs/izdavanje-stanova/dedinje-savski-venac-beograd/dvosoban-stan/646515e934bc8ffde507d015,Stan u zgradi ,67 m² ,2 sobe ,etažno grejanje ,renovirano ,2010,1/4 sprata ,,,pre 12 dana ,800,Mihaila Avramovica,"Dedinje, Savski Venac, Beograd","Dvosoban stan za izdavanje, Mihaila Avramovica, 800€, 67m² - 4zida",2023-07-16,terase (2) ,"kablovska, TV, klima, veš mašina, kuhinjski elementi, sudo mašina, frižider, zamrzivač, rerna, šporet, ležaj, plakar, ugradni plakar ",,"kupatilo, kuhinja ",namešteno ,uknjiženo ,,useljivo ,obavezan depozit ,,,,ulicu ,Porodice ,,,
66,https://www.4zida.rs/izdavanje-stanova/zeleni-venac-savski-venac-beograd/troiposoban-stan/648c96ac40f70bc155029b19,Stan u zgradi ,86 m² ,3.5 soba ,centralno grejanje ,,1934,3/8 spratova ,ima lift (1) ,84604 ,pre 30 dana ,800,Brankova,"Zeleni Venac, Savski Venac, Beograd","Troiposoban stan za izdavanje, Brankova, 800€, 86m² - 4zida",2023-07-16,terasa ,telefon ,,,,nije uknjiženo ,,useljivo ,,,,,,,,,
67,https://www.4zida.rs/izdavanje-stanova/bulevar-oslobodjenja-gradske-lokacije-novi-sad/jednosoban-stan/648c6b83ce223806a60ad3b9,Stan u zgradi ,30 m² ,1 soba ,centralno grejanje ,uobičajeno stanje ,2023,3. sprat ,ima lift (1) ,9106392 ,pre 30 dana ,250,Bulevar Oslobođenja,"Bulevar Oslobođenja, Gradske lokacije, Novi Sad","Jednosoban stan za izdavanje, Bulevar Oslobođenja, 250€, 30m² - 4zida",2023-07-16,terasa ,,,,,,,,,,,,,,,,
68,https://www.4zida.rs/izdavanje-stanova/novo-naselje-gradske-lokacije-novi-sad/dvosoban-stan/648c6ce5ce223806a60ad487,Stan u zgradi ,41 m² ,2 sobe ,centralno grejanje ,novo ,,1. sprat ,ima lift (1) ,204 ,pre 18 dana ,470,Novo Naselje,"Novo Naselje, Gradske lokacije, Novi Sad","Dvosoban stan za izdavanje, Novo Naselje, 470€, 41m² - 4zida",2023-07-16,terasa ,"kablovska, internet, interfon, TV, klima, veš mašina, sudo mašina, frižider, šporet, ležaj, Kanalizacija ",,kuhinja ,namešteno ,uknjiženo ,,,,,,,,,,,
69,https://www.4zida.rs/izdavanje-stanova/crveni-krst-vracar-vracar-beograd/trosoban-stan/648ca4d2025cc8d1910194f6,,80 m² ,3 sobe ,centralno grejanje ,novo ,,2. sprat ,ima lift (1) ,47165 ,pre 27 dana ,1.100,Crveni Krst Vračar,"Crveni Krst Vračar, Vračar, Beograd","Trosoban stan za izdavanje, Crveni Krst Vračar, 1.100€, 80m² - 4zida",2023-07-16,terasa ,"telefon, kablovska, internet, klima ",1 parking mesto ,,polunamešteno ,uknjiženo ,,useljivo ,,"Odlican stan za svaku preporuku, sa modernom kuhinjom, dva kupatila i tri sobe i trpezarijom.. izdaje se ne namesten, ali za ozbiljnog zakupca  se moze opremiti i namestajem. Agencijska usluga 50% od prve zakupnine po realizaciji. ID oglasa: 47165.",,,,,,,
70,https://www.4zida.rs/izdavanje-stanova/blok-23-novi-beograd-beograd/dvosoban-stan/648cc1ddb5f2e43a26059753,,45 m² ,2 sobe ,centralno grejanje ,,,5/10 spratova ,ima lift (1) ,53229 ,pre 30 dana ,850,Bulevar Milutina Milankovića,"Blok 23, Novi Beograd, Beograd","Dvosoban stan za izdavanje, Bulevar Milutina Milankovića, 850€, 45m² - 4zida",2023-07-16,terasa ,"telefon, kablovska, internet, klima ",,kupatilo ,namešteno ,,,,,"Provizija: 50% od prve mesečne zakupnine ,",,,,,,,
71,https://www.4zida.rs/izdavanje-stanova/sajmiste-gradske-lokacije-novi-sad/garsonjera/648c6bb8ce223806a60ad3f2,Stan u zgradi ,29 m² ,0.5 soba ,centralno grejanje ,uobičajeno stanje ,,1. sprat ,ima lift (1) ,9106475 ,pre 30 dana ,250,Sajmište,"Sajmište, Gradske lokacije, Novi Sad","Garsonjera za izdavanje, Sajmište, 250€, 29m² - 4zida",2023-07-16,,,,,,,,,,,,,,,,,
72,https://www.4zida.rs/izdavanje-stanova/blok-11c-stari-merkator-blok-11-novi-beograd-beograd/jednoiposoban-stan/648c8e9090fff7a0e80c60db,Stan u zgradi ,52 m² ,1.5 soba ,,,,8/9 spratova ,,1420 ,pre 30 dana ,400,Blok 11c - Stari Merkator,"Blok 11c - Stari Merkator, Blok 11, Novi Beograd, Beograd","Jednoiposoban stan za izdavanje, Blok 11c - Stari Merkator, 400€, 52m² - 4zida",2023-07-16,terasa ,,,,namešteno ,,,,,,,,,,,,
73,https://www.4zida.rs/izdavanje-stanova/podbara-gradske-lokacije-novi-sad/jednoiposoban-stan/648c6b64ce223806a60ad39b,Stan u zgradi ,30 m² ,1.5 soba ,grejanje na gas ,uobičajeno stanje ,2023,,ima lift (1) ,9106367 ,pre 30 dana ,450,Podbara,"Podbara, Gradske lokacije, Novi Sad","Jednoiposoban stan za izdavanje, Podbara, 450€, 30m² - 4zida",2023-07-16,,,,,,,,,,,,,,,,,
74,https://www.4zida.rs/izdavanje-stanova/banovo-brdo-cukarica-cukarica-opstina-beograd/trosoban-stan/648ca4d6025cc8d191019510,,76 m² ,3 sobe ,grejanje na gas ,uobičajeno stanje ,,1. sprat ,,47152 ,pre 30 dana ,500,Banovo Brdo,"Banovo Brdo, Čukarica, Čukarica opština, Beograd","Trosoban stan za izdavanje, Banovo Brdo, 500€, 76m² - 4zida",2023-07-16,terasa ,"telefon, kablovska, internet, klima ",,,polunamešteno ,uknjiženo ,,useljivo ,,"Izdaje se trosoban polunamesten/namesten (po dogovoru) stan na Banovom brdu. Ulica Kneza Viseslava, iznad Sumarskog fakulteta. U neposrednoj blizini osnovne skole. Dvostrano orijentisan (pogled na ulicu i na park i sumu) dve terase, prvi sprat. Grejanje na gas. Agencijska usluga 50% od prve zakupnine po realizaciji. ID oglasa: 47152.",,,,,,,
75,https://www.4zida.rs/izdavanje-stanova/grbavica-gradske-lokacije-novi-sad/trosoban-stan/648c6bbcce223806a60ad3fe,Stan u zgradi ,92 m² ,3 sobe ,centralno grejanje ,uobičajeno stanje ,2023,5. sprat ,ima lift (1) ,9106484 ,pre 30 dana ,1.000,Grbavica,"Grbavica, Gradske lokacije, Novi Sad","Trosoban stan za izdavanje, Grbavica, 1.000€, 92m² - 4zida",2023-07-16,terasa ,,,,,,,,,,,,,,,,
76,https://www.4zida.rs/izdavanje-stanova/bulevar-patrijarha-pavla-somborski-bulevar-telep-gradske-lokacije-novi-sad/dvoiposoban-stan/648c6be4ce223806a60ad428,Stan u zgradi ,65 m² ,2.5 soba ,grejanje na gas ,uobičajeno stanje ,,4. sprat ,ima lift (1) ,9106534 ,pre 29 dana ,600,Bulevar Patrijarha Pavla (Somborski Bulevar),"Bulevar Patrijarha Pavla (Somborski Bulevar), Telep, Gradske lokacije, Novi Sad","Dvoiposoban stan za izdavanje, Bulevar Patrijarha Pavla (Somborski Bulevar), 600€, 65m² - 4zida",2023-07-16,terasa ,,,,,,,,,,,,,,,,
77,https://www.4zida.rs/izdavanje-stanova/novo-naselje-gradske-lokacije-novi-sad/jednoiposoban-stan/648c669466d0e76230087f02,Stan u zgradi ,43 m² ,1.5 soba ,centralno grejanje ,,,6. sprat ,ima lift (1) ,98195 ,pre 30 dana ,600,Novo Naselje,"Novo Naselje, Gradske lokacije, Novi Sad","Jednoiposoban stan za izdavanje, Novo Naselje, 600€, 43m² - 4zida",2023-07-16,terasa ,,1 parking mesto ,,prazno ,uknjiženo ,1 garažno mesto ,useljivo ,,"Agencijski ID: 98195, VI/, lift, terasa, garaza, parking. Više informacija na: www.beocitynekretnine.rs Agencijska provizija 50% od jedne zakupnine. Telefoni: 060/555-3901 • 060/555-2146. Kontakt van radnog vremena: kancelarija@beocitynekretnine.rs",,,,,,,
78,https://www.4zida.rs/izdavanje-stanova/novi-sad-centar-stari-grad-gradske-lokacije-novi-sad/jednoiposoban-stan/648c6bdfce223806a60ad422,Stan u zgradi ,42 m² ,1.5 soba ,centralno grejanje ,uobičajeno stanje ,2023,3. sprat ,,9106528 ,pre 30 dana ,350,Novi Sad - Centar,"Novi Sad - Centar, Stari Grad, Gradske lokacije, Novi Sad","Jednoiposoban stan za izdavanje, Novi Sad - Centar, 350€, 42m² - 4zida",2023-07-16,terasa ,kablovska ,,,,,,,,,,,,,,,
79,https://www.4zida.rs/izdavanje-stanova/novo-naselje-gradske-lokacije-novi-sad/dvosoban-stan/648c6bb9ce223806a60ad3f8,Stan u zgradi ,42 m² ,2 sobe ,centralno grejanje ,uobičajeno stanje ,2023,4. sprat ,ima lift (1) ,9106482 ,pre 30 dana ,600,Novo Naselje,"Novo Naselje, Gradske lokacije, Novi Sad","Dvosoban stan za izdavanje, Novo Naselje, 600€, 42m² - 4zida",2023-07-16,,,,,,,,,,,,,,,,,
80,https://www.4zida.rs/izdavanje-stanova/beograd-na-vodi-savski-venac-beograd/trosoban-stan/648c9f156ca410e731011b65,Stan u zgradi ,90 m² ,3 sobe ,centralno grejanje ,novo ,,1/22 sprata ,ima lift (1) ,,pre 2 sata ,1.500,Hercegovacka,"Beograd na vodi, Savski Venac, Beograd","Trosoban stan za izdavanje, Hercegovacka, 1.500€, 90m² - 4zida",2023-07-16,"alarm, terasa, recepcija ","klima, centralna klima, ventilacija ",1 parking mesto ,kupatila (2) ,namešteno ,,1 garažno mesto ,useljivo ,obavezan depozit ,,,,,,,,
81,https://www.4zida.rs/izdavanje-stanova/socijalno-rotkvarija-gradske-lokacije-novi-sad/jednoiposoban-stan/648c6babce223806a60ad3e0,Stan u zgradi ,57 m² ,1.5 soba ,centralno grejanje ,uobičajeno stanje ,,4. sprat ,ima lift (1) ,9106451 ,pre 30 dana ,450,Socijalno,"Socijalno, Rotkvarija, Gradske lokacije, Novi Sad","Jednoiposoban stan za izdavanje, Socijalno, 450€, 57m² - 4zida",2023-07-16,,,,,,,,,,,,,,,,,
82,https://www.4zida.rs/izdavanje-stanova/lion-zvezdara-opstina-beograd/jednoiposoban-stan/64b44e81f167cd4acf02d2af,,37 m² ,1.5 soba ,etažno grejanje ,uobičajeno stanje ,,4/4 sprata ,,47714 ,pre 29 minuta ,400,Subotička,"Lion, Zvezdara opština, Beograd","Jednoiposoban stan za izdavanje, Subotička, 400€, 37m² - 4zida",2023-07-16,,"kablovska, internet, interfon ",,kupatilo ,namešteno ,,,useljivo ,,"Izdaje se odličan namešten stan u Subotičkoj ulici kod Liona. Pogodan i za porodicu i za studente i za poslovne ljude. U blizini prevoz, sve linije iz Bulevara, fakulteti, škola, vrtić, pijaca. Za svaku preporuku. Mesečno plaćanje + depozit. Agencijska provizija se plaća u skladu sa opštim uslovima poslovanja.//Agent:064/6741069//",,,,,,,
83,https://www.4zida.rs/izdavanje-stanova/bulevar-oslobodjenja-gradske-lokacije-novi-sad/jednosoban-stan/6464d64e50701d154004fc66,Stan u zgradi ,28 m² ,1 soba ,centralno grejanje ,uobičajeno stanje ,2022,5. sprat ,ima lift (1) ,9104876 ,pre 1 mesec ,280,Bulevar Oslobođenja,"Bulevar Oslobođenja, Gradske lokacije, Novi Sad","Jednosoban stan za izdavanje, Bulevar Oslobođenja, 280€, 28m² - 4zida",2023-07-16,,,,,,,,,,,,,,,,,
84,https://www.4zida.rs/izdavanje-stanova/mirijevo-zvezdara-opstina-beograd/jednoiposoban-stan/6464e43f85a83f329c09ce39,Stan u zgradi ,35 m² ,1.5 soba ,centralno grejanje ,,,2/2 sprata ,,15679 ,pre 1 mesec ,450,Pere Veljkovića,"Mirijevo, Zvezdara opština, Beograd","Jednoiposoban stan za izdavanje, Pere Veljkovića, 450€, 35m² - 4zida",2023-07-16,terasa ,"kablovska, internet, interfon, TV, veš mašina, sudo mašina, frižider, šporet, ležaj ",,kuhinja ,namešteno ,,,useljivo ,,,,,,,,,
85,https://www.4zida.rs/izdavanje-stanova/bulevar-patrijarha-pavla-somborski-bulevar-telep-gradske-lokacije-novi-sad/dvosoban-stan/6464f2b2a38f822cb208916b,Stan u zgradi ,50 m² ,2 sobe ,centralno grejanje ,uobičajeno stanje ,2023,3. sprat ,ima lift (1) ,9106544 ,pre 1 mesec ,470,Bulevar Patrijarha Pavla (Somborski Bulevar),"Bulevar Patrijarha Pavla (Somborski Bulevar), Telep, Gradske lokacije, Novi Sad","Dvosoban stan za izdavanje, Bulevar Patrijarha Pavla (Somborski Bulevar), 470€, 50m² - 4zida",2023-07-16,terasa ,,,,,,,,,,,,,,,,
86,https://www.4zida.rs/izdavanje-stanova/adice-gradske-lokacije-novi-sad/dvoiposoban-stan/64b445dad362027ffa0f5f6b,Stan u zgradi ,60 m² ,2.5 soba ,,luksuzno ,2010,1/2 sprata ,,,pre 1 sat ,600,Pavla Bakica 21,"Adice, Gradske lokacije, Novi Sad","Dvoiposoban stan za izdavanje, Pavla Bakica 21, 600€, 60m² - 4zida",2023-07-16,"dvorište, terasa ","kablovska, TV, klima, centralna klima, veš mašina, sudo mašina, frižider, rerna, šporet ",1 parking mesto ,"kupatilo, toalet, kuhinja ",namešteno ,uknjiženo ,,,"obavezan depozit, 600",,,22.07.2023 ,dvorište ,Porodice ,Kablovska ,uključene u cenu ,
87,https://www.4zida.rs/izdavanje-stanova/beograd-na-vodi-savski-venac-beograd/trosoban-stan/648c989c4e4edc30de046710,Stan u zgradi ,90 m² ,3 sobe ,centralno grejanje ,novo ,,6/22 sprata ,ima lift (1) ,,pre 29 dana ,2.100,BW TERRA,"Beograd na vodi, Savski Venac, Beograd","Trosoban stan za izdavanje, BW TERRA, 2.100€, 90m² - 4zida",2023-07-16,"prilaz za invalide, alarm, terase (2), recepcija ","klima, centralna klima, ventilacija, ležaj ",2 parking mesta ,kupatila (2) ,namešteno ,,2 garažna mesta ,useljivo ,obavezan depozit ,,,,,,,,
88,https://www.4zida.rs/izdavanje-stanova/blok-65-west-65-novi-beograd-beograd/trosoban-stan/649efdc9411c27a018043d4e,Stan u zgradi ,202 m² ,3 sobe ,centralno grejanje ,novo ,,,ima lift (1) ,,pre 2 sata ,3.500,WEST 65,"Blok 65 - WEST 65, Novi Beograd, Beograd","Trosoban stan za izdavanje, WEST 65, 3.500€, 202m² - 4zida",2023-07-16,"alarm, terase (2), recepcija ","klima, centralna klima ",,"kupatila (2), toalet ",namešteno ,,2 garažna mesta ,useljivo ,obavezan depozit ,,,,,,,,
89,https://www.4zida.rs/izdavanje-stanova/nova-detelinara-detelinara-gradske-lokacije-novi-sad/dvosoban-stan/64b444dfed8861d2de06c6b1,Stan u zgradi ,58 m² ,2 sobe ,centralno grejanje ,,,10. sprat ,ima lift (1) ,1601 ,pre 1 sat ,450,Nova Detelinara,"Nova Detelinara, Detelinara, Gradske lokacije, Novi Sad","Dvosoban stan za izdavanje, Nova Detelinara, 450€, 58m² - 4zida",2023-07-16,terasa ,"TV, klima, veš mašina, frižider, šporet, ležaj ",,kuhinja ,namešteno ,,,,,"Izdaje se dvosoban, svetao stan, u ulici Veselina Masleše, okrenuta zgrada ka Bulevaru Evrope. U blizini Hadži Ruvimova ulica i Novosadski sajam, Lidl,... Igralište za decu ispred zgrade",,,,,,,
90,https://www.4zida.rs/izdavanje-stanova/novi-sad-centar-stari-grad-gradske-lokacije-novi-sad/jednoiposoban-stan/648c6b9dce223806a60ad3ce,Stan u zgradi ,36 m² ,1.5 soba ,centralno grejanje ,uobičajeno stanje ,1960,,,9106424 ,pre 30 dana ,350,Novi Sad - Centar,"Novi Sad - Centar, Stari Grad, Gradske lokacije, Novi Sad","Jednoiposoban stan za izdavanje, Novi Sad - Centar, 350€, 36m² - 4zida",2023-07-16,,,,,,,,,,,,,,,,,
91,https://www.4zida.rs/izdavanje-stanova/novi-sad-centar-stari-grad-gradske-lokacije-novi-sad/dvoiposoban-stan/648c6be1ce223806a60ad425,Stan u zgradi ,64 m² ,2.5 soba ,centralno grejanje ,uobičajeno stanje ,2023,3. sprat ,ima lift (1) ,9106530 ,pre 29 dana ,750,Novi Sad - Centar,"Novi Sad - Centar, Stari Grad, Gradske lokacije, Novi Sad","Dvoiposoban stan za izdavanje, Novi Sad - Centar, 750€, 64m² - 4zida",2023-07-16,terasa ,kablovska ,,,,,,,,,,,,,,,
92,https://www.4zida.rs/izdavanje-stanova/blok-65-west-65-novi-beograd-beograd/dvosoban-stan/648ca4d4025cc8d191019504,,56 m² ,2 sobe ,centralno grejanje ,novo ,,6. sprat ,ima lift (1) ,41968 ,pre 30 dana ,1.200,Blok 65 - WEST 65,"Blok 65 - WEST 65, Novi Beograd, Beograd","Dvosoban stan za izdavanje, Blok 65 - WEST 65, 1.200€, 56m² - 4zida",2023-07-16,terasa ,"telefon, kablovska, internet, klima ",,,namešteno ,uknjiženo ,1 garažno mesto ,useljivo ,,"LUX, nov, moderno opremljen i namesten stan u Wellportu, iznajmljuje se pravnom licu. Stan je useljiv odmah. Placanje je mesecno, uz depozit.  Agencijska usluga 50% od prve zakupnine po realizaciji. ID oglasa: 41968.",,,,,,,
93,https://www.4zida.rs/izdavanje-stanova/telep-gradske-lokacije-novi-sad/trosoban-stan/648c6bc1ce223806a60ad40a,Stan u zgradi ,120 m² ,3 sobe ,etažno grejanje ,uobičajeno stanje ,2023,,,9106499 ,pre 30 dana ,800,Telep,"Telep, Gradske lokacije, Novi Sad","Trosoban stan za izdavanje, Telep, 800€, 120m² - 4zida",2023-07-16,terasa ,kablovska ,,,,,,,,,,,,,,,
94,https://www.4zida.rs/izdavanje-stanova/donji-dorcol-dorcol-stari-grad-opstina-beograd/trosoban-stan/639840fcd46661ba140a1181,Stan u zgradi ,97 m² ,3 sobe ,centralno grejanje ,novo ,,,ima lift (1) ,,pre 2 sata ,2.000,K DISTRIKT,"Donji Dorćol, Dorćol, Stari Grad opština, Beograd","Trosoban stan za izdavanje, K DISTRIKT, 2.000€, 97m² - 4zida",2023-07-16,terasa ,klima ,,kupatila (2) ,polunamešteno ,,1 garažno mesto ,useljivo ,obavezan depozit ,,,,,,,,
95,https://www.4zida.rs/izdavanje-stanova/bulevar-evrope-gradske-lokacije-novi-sad/jednosoban-stan/648c6b79ce223806a60ad3aa,Stan u zgradi ,40 m² ,1 soba ,grejanje na gas ,uobičajeno stanje ,2023,1. sprat ,,9106376 ,pre 30 dana ,200,Bulevar Evrope,"Bulevar Evrope, Gradske lokacije, Novi Sad","Jednosoban stan za izdavanje, Bulevar Evrope, 200€, 40m² - 4zida",2023-07-16,,,,,,,,,,,,,,,,,
96,https://www.4zida.rs/izdavanje-stanova/diplomatska-kolonija-dedinje-savski-venac-beograd/cetvorosoban-stan/638b56def4f03576450c87c6,Stan u zgradi ,200 m² ,4 sobe ,centralno grejanje ,novo ,,3/4 sprata ,ima lift (1) ,,pre 2 sata ,3.500,PINK,"Diplomatska Kolonija, Dedinje, Savski Venac, Beograd","Četvorosoban stan za izdavanje, PINK, 3.500€, 200m² - 4zida",2023-07-16,terase (2) ,klima ,2 parking mesta ,kupatila (3,namešteno ,,2 garažna mesta ,useljivo ,obavezan depozit ,,,,,,,,
97,https://www.4zida.rs/izdavanje-stanova/krunska-vracar-beograd/cetvorosoban-stan/63ce773983d2bd3ad4043e0d,Stan u zgradi ,124 m² ,4 sobe ,centralno grejanje ,novo ,,5/5 spratova ,ima lift (1) ,,pre 2 sata ,3.500,KRUNSKA,"Krunska, Vračar, Beograd","Četvorosoban stan za izdavanje, KRUNSKA, 3.500€, 124m² - 4zida",2023-07-16,"alarm, terasa, recepcija ","klima, centralna klima ",2 parking mesta ,"kupatila (2), toalet ",namešteno ,,2 garažna mesta ,useljivo ,obavezan depozit ,,,,,,,,
98,https://www.4zida.rs/izdavanje-stanova/blok-9a-novi-beograd-beograd/trosoban-stan/63ee63d372f034908f00f16b,Stan u zgradi ,95 m² ,3 sobe ,centralno grejanje ,novo ,,8/10 spratova ,ima lift (1) ,,pre 2 sata ,1.500,Dzona Kenedija,"Blok 9a, Novi Beograd, Beograd","Trosoban stan za izdavanje, Dzona Kenedija, 1.500€, 95m² - 4zida",2023-07-16,"alarm, terasa, recepcija ",klima ,,kupatila (2) ,namešteno ,,1 garažno mesto ,useljivo ,obavezan depozit ,,,,,,,,
99,https://www.4zida.rs/izdavanje-stanova/savamala-savski-venac-beograd/petosoban-stan/648ca4d3025cc8d1910194f9,,180 m² ,5 soba ,centralno grejanje ,uobičajeno stanje ,,1. sprat ,ima lift (1) ,45621 ,pre 30 dana ,3.000,Savamala,"Savamala, Savski Venac, Beograd","Petosoban stan za izdavanje, Savamala, 3.000€, 180m² - 4zida",2023-07-16,terasa ,"telefon, kablovska, internet, klima ",1 parking mesto ,,prazno ,uknjiženo ,,useljivo ,,"Luksuzan stan, renoviran sa najluksuznijim materijalima, jedini stan na spratu.. Idealan za zubarske ordinacije ili druge vrste ordinacija, ili kao stambeni prostor, advokatske kancelarije... U slucaju da zakupac odabere da u njemu obavlja kancelarijske poslove, stan je opremljen najnovijom mreznom optikom... samo za ozbiljne zakupce.. depozit je tri mesecne kirije. Vrhunski stan na prestižnoj lokaciji u centralnom delu Savskog trga sa pogledom na spomenik. U ovom potpuno renoviranom delu grada izdaje se ovaj salonski stan. Perfektne strukture kako za život tako i za obavljanje poslovne delatnosti. Zgrada stilska, održavana, sa lepim ulazom. Sam stan je spoj modernog i stilskog sa vrhunskim mermerom, velikim prozorima, dva kupatila, kuhinja. Sa parking mestima.  Agencijska usluga 50% od prve zakupnine po realizaciji. ID oglasa: 45621.",,,,,,,
100,https://www.4zida.rs/izdavanje-stanova/bulevar-oslobodjenja-gradske-lokacije-novi-sad/dvosoban-stan/648c6b80ce223806a60ad3b6,Stan u zgradi ,47 m² ,2 sobe ,centralno grejanje ,uobičajeno stanje ,2023,6. sprat ,ima lift (1) ,9106391 ,pre 30 dana ,600,Bulevar Oslobođenja,"Bulevar Oslobođenja, Gradske lokacije, Novi Sad","Dvosoban stan za izdavanje, Bulevar Oslobođenja, 600€, 47m² - 4zida",2023-07-16,,,,,,,,,,,,,,,,,
101,https://www.4zida.rs/izdavanje-stanova/gardos-zemun-zemun-opstina-beograd/jednoiposoban-stan/64b4438829219fdcc80391ff,Stan u kući ,45 m² ,1.5 soba ,etažno grejanje ,,,potkrovlje/1 sprat ,,,pre 1 sat ,400,Visoka,"Gardoš, Zemun, Zemun opština, Beograd","Jednoiposoban stan za izdavanje, Visoka, 400€, 45m² - 4zida",2023-07-16,,klima ,,,namešteno ,,,,obavezan depozit ,"Izdaje se jednoiposobni stan u kuci na Gardosu sa prelepim pogledom na grad. Stan je potpuno namesten, prostran i svetao.",,01.08.2023 ,,,,2000 ,
102,https://www.4zida.rs/izdavanje-stanova/novo-naselje-gradske-lokacije-novi-sad/dvosoban-stan/648c6bbfce223806a60ad404,Stan u zgradi ,55 m² ,2 sobe ,centralno grejanje ,uobičajeno stanje ,1980,3. sprat ,,9106494 ,pre 30 dana ,300,Novo Naselje,"Novo Naselje, Gradske lokacije, Novi Sad","Dvosoban stan za izdavanje, Novo Naselje, 300€, 55m² - 4zida",2023-07-16,terasa ,,,,,,,,,,,,,,,,
103,https://www.4zida.rs/izdavanje-stanova/socijalno-rotkvarija-gradske-lokacije-novi-sad/dvosoban-stan/648c6bf2ce223806a60ad437,Stan u zgradi ,43 m² ,2 sobe ,centralno grejanje ,uobičajeno stanje ,2023,1. sprat ,ima lift (1) ,9106837 ,pre 30 dana ,550,Socijalno,"Socijalno, Rotkvarija, Gradske lokacije, Novi Sad","Dvosoban stan za izdavanje, Socijalno, 550€, 43m² - 4zida",2023-07-16,terasa ,,,,,,,,,,,,,,,,
104,https://www.4zida.rs/izdavanje-stanova/novi-sad-centar-stari-grad-gradske-lokacije-novi-sad/jednosoban-stan/648c6baece223806a60ad3e3,Stan u zgradi ,32 m² ,1 soba ,centralno grejanje ,uobičajeno stanje ,2023,1. sprat ,ima lift (1) ,9106455 ,pre 30 dana ,300,Novi Sad - Centar,"Novi Sad - Centar, Stari Grad, Gradske lokacije, Novi Sad","Jednosoban stan za izdavanje, Novi Sad - Centar, 300€, 32m² - 4zida",2023-07-16,,,,,,,,,,,,,,,,,
105,https://www.4zida.rs/izdavanje-stanova/veternicka-rampa-veternik-gradske-lokacije-novi-sad/dvosoban-stan/64a43b23bac28717b8019653,,49 m² ,2 sobe ,grejanje na gas ,novo ,,2/2 sprata ,,5859 ,pre 6 sati ,450,Veternička Rampa,"Veternička Rampa, Veternik, Gradske lokacije, Novi Sad","Dvosoban stan za izdavanje, Veternička Rampa, 450€, 49m² - 4zida",2023-07-16,terasa ,"telefon, kablovska, internet, interfon, klima ",1 parking mesto ,kupatilo ,prazno ,,,useljivo ,,,,,,,,,
106,https://www.4zida.rs/izdavanje-stanova/vozdovacka-crkva-vozdovac-opstina-beograd/trosoban-stan/648c7f1ca8e1eedfe60b0686,,80 m² ,3 sobe ,grejanje na gas ,novo ,,1/2 sprata ,,2823 ,pre 30 dana ,1.000,Gostivarska,"Voždovačka crkva, Voždovac opština, Beograd","Trosoban stan za izdavanje, Gostivarska, 1.000€, 80m² - 4zida",2023-07-16,terasa ,"telefon, kablovska, internet, interfon ",1 parking mesto ,kupatilo ,polunamešteno ,,,useljivo ,,,,,,,,,
107,https://www.4zida.rs/izdavanje-stanova/beograd-na-vodi-savski-venac-beograd/trosoban-stan/648c677466d0e762300880a3,Stan u zgradi ,75 m² ,3 sobe ,centralno grejanje ,novo ,,5. sprat ,ima lift (1) ,98043 ,pre 30 dana ,1.900,Beograd na vodi,"Beograd na vodi, Savski Venac, Beograd","Trosoban stan za izdavanje, Beograd na vodi, 1.900€, 75m² - 4zida",2023-07-16,terasa ,klima ,,,namešteno ,uknjiženo ,1 garažno mesto ,useljivo ,,"Agencijski ID: 98043, V/, klima, lift, terasa, ulaz mermerni, novogradnja, fasada nova, garaza, stambena zgrada. U ponudi za izdavanje je još jedan fantastičan stan u prestižnom novoizgrađenom kompleksu, Beogradu na vodi. Moderno je i luksuzno opremljen, sve u stanu je potpuno novo i čeka prve zakupce.  Strukturno je trosoban, čine ga veliki dnevni boravak sa trpezarijom i opremljenom kuhinjom, dve spavaće sobe, dva kupaatila, kao i terasa, sa koje se pruža se lep pogled na reku i park. U cenu zakupa je uključeno i garažno mesto u zgradi. Agent Jovana. Više informacija na: www.beocitynekretnine.rs Agencijska provizija 50% od jedne zakupnine. Telefoni: 060/555-3901 • 060/555-2146 • 011/408-5754. Kontakt van radnog vremena: kancelarija@beocitynekretnine.rs",,,,,,,
108,https://www.4zida.rs/izdavanje-stanova/blok-63-bezanijski-blokovi-novi-beograd-beograd/troiposoban-stan/648ca4d3025cc8d191019500,,75 m² ,3.5 soba ,centralno grejanje ,renovirano ,,14. sprat ,ima lift (1) ,47172 ,pre 26 dana ,650,Blok 63,"Blok 63, Bežanijski Blokovi, Novi Beograd, Beograd","Troiposoban stan za izdavanje, Blok 63, 650€, 75m² - 4zida",2023-07-16,terasa ,"telefon, kablovska, internet, klima ",,,namešteno ,uknjiženo ,,useljivo ,,"Renoviran stan sa 3 spavaće sobe. Dnevna soba i trpezarija otvoreni prostor ka terasi od 6m2 na zapadu. Pogodno za studente, višečlane porodice. Veoma brz optički internet, tako da može da se obavljaju i kancelarijski poslovi. Renovirano kupatilo sa tušem. Stan na 14. spratu od 17. Zgrada sa 3 lifta, preko puta ulaza veliki park. U blizini supermarketi, 2 Osnovne škole i vrtić. Veliki broj autobuskih linija i tramvaja 601, 71, 45, 82, 94, 95, 89, 7, 9. U stanu optički internet i kablovska televizija, kompletno opremljen Agencijska usluga 50% od prve zakupnine po realizaciji. ID oglasa: 47172.",,,,,,,
109,https://www.4zida.rs/izdavanje-stanova/banovo-brdo-cukarica-cukarica-opstina-beograd/jednosoban-stan/648c73a1a8e1eedfe60af75a,Stan u zgradi ,33 m² ,1 soba ,centralno grejanje ,renovirano ,,1/5 spratova ,,610 ,pre 13 dana ,330,Steve Todorovića,"Banovo Brdo, Čukarica, Čukarica opština, Beograd","Jednosoban stan za izdavanje, Steve Todorovića, 330€, 33m² - 4zida",2023-07-16,,"kablovska, internet, interfon, TV, klima, veš mašina, frižider, šporet, ležaj, Kanalizacija ",1 parking mesto ,kuhinja ,namešteno ,uknjiženo ,,useljivo ,,,,,,,,,
110,https://www.4zida.rs/izdavanje-stanova/zeleznicka-stanica-banatic-gradske-lokacije-novi-sad/jednoiposoban-stan/648c6b7fce223806a60ad3b3,Stan u zgradi ,37 m² ,1.5 soba ,centralno grejanje ,uobičajeno stanje ,2023,5. sprat ,ima lift (1) ,9106388 ,pre 30 dana ,600,Železnička stanica,"Železnička stanica, Banatić, Gradske lokacije, Novi Sad","Jednoiposoban stan za izdavanje, Železnička stanica, 600€, 37m² - 4zida",2023-07-16,,,,,,,,,,,,,,,,,
111,https://www.4zida.rs/izdavanje-stanova/blok-21-novi-beograd-beograd/dvoiposoban-stan/648ca4d0025cc8d1910194ea,,61 m² ,2.5 soba ,centralno grejanje ,uobičajeno stanje ,,4. sprat ,ima lift (1) ,44323 ,pre 30 dana ,900,Blok 21,"Blok 21, Novi Beograd, Beograd","Dvoiposoban stan za izdavanje, Blok 21, 900€, 61m² - 4zida",2023-07-16,terasa ,"telefon, klima ",,,namešteno ,uknjiženo ,,useljivo ,,"stan  od 61 m2, 21 blok, 6 Kaplara, dve terase , tri sobe, kupatlo , WC , ostava, internet,odmah useljivUseljiv 29.6. Agencijska usluga 50% od prve zakupnine po realizaciji. ID oglasa: 44323.",,,,,,,
112,https://www.4zida.rs/izdavanje-stanova/novo-naselje-gradske-lokacije-novi-sad/dvosoban-stan/648c6bbbce223806a60ad3fb,Stan u zgradi ,42 m² ,2 sobe ,centralno grejanje ,uobičajeno stanje ,2023,5. sprat ,ima lift (1) ,9106483 ,pre 30 dana ,600,Novo Naselje,"Novo Naselje, Gradske lokacije, Novi Sad","Dvosoban stan za izdavanje, Novo Naselje, 600€, 42m² - 4zida",2023-07-16,,,,,,,,,,,,,,,,,
113,https://www.4zida.rs/izdavanje-stanova/novo-naselje-gradske-lokacije-novi-sad/dvosoban-stan/648c6ce6ce223806a60ad48a,Stan u zgradi ,42 m² ,2 sobe ,centralno grejanje ,novo ,,4/5 spratova ,ima lift (1) ,205 ,pre 26 dana ,650,Novo Naselje,"Novo Naselje, Gradske lokacije, Novi Sad","Dvosoban stan za izdavanje, Novo Naselje, 650€, 42m² - 4zida",2023-07-16,terasa ,"kablovska, internet, TV, klima, veš mašina, sudo mašina, frižider, šporet, ležaj, Kanalizacija ",,kuhinja ,namešteno ,uknjiženo ,,,,,,,,,,,
114,https://www.4zida.rs/izdavanje-stanova/slavija-vracar-beograd/cetvorosoban-stan/648c7f1ba8e1eedfe60b0683,,104 m² ,4 sobe ,etažno grejanje ,renovirano ,,3/4 sprata ,,2824 ,pre 30 dana ,1.100,Nemanjina,"Slavija, Vračar, Beograd","Četvorosoban stan za izdavanje, Nemanjina, 1.100€, 104m² - 4zida",2023-07-16,,"telefon, kablovska, internet, klima ",,kupatilo ,prazno ,,,useljivo ,,,,,,,,,
115,https://www.4zida.rs/izdavanje-stanova/socijalno-rotkvarija-gradske-lokacije-novi-sad/trosoban-stan/648c89a690fff7a0e80c6014,Stan u zgradi ,67 m² ,3 sobe ,centralno grejanje ,uobičajeno stanje ,,1. sprat ,ima lift (1) ,9116337 ,pre 30 dana ,800,Socijalno,"Socijalno, Rotkvarija, Gradske lokacije, Novi Sad","Trosoban stan za izdavanje, Socijalno, 800€, 67m² - 4zida",2023-07-16,terasa ,,,,,,,,,"Moderan, lep, namešten trosoban stan na 10 min od centra.  Terasa, Lift, Internet, kablovska TV, prilagodjen osobama sa posebnim potrebama... Depozit obavezan. Cena je bez troškova. Mogu mali kućni ljubimci. Za gledanje stana i ostale informacije pozovite 0621538077",,,,,,,
116,https://www.4zida.rs/izdavanje-stanova/vozdovac-vozdovac-opstina-beograd/jednoiposoban-stan/648ca4d1025cc8d1910194ed,,45 m² ,1.5 soba ,centralno grejanje ,novo ,,2. sprat ,ima lift (1) ,38962 ,pre 30 dana ,550,Voždovac,"Voždovac, Voždovac opština, Beograd","Jednoiposoban stan za izdavanje, Voždovac, 550€, 45m² - 4zida",2023-07-16,terasa ,"telefon, kablovska, internet, klima ",,,namešteno ,uknjiženo ,,useljivo ,,"Stan u centru Stepe, preko puta skole. 2 sprat, od 7, 1,5 soban, 45 m2 povrsine Agencijska usluga 50% od prve zakupnine po realizaciji. ID oglasa: 38962.",,,,,,,
117,https://www.4zida.rs/izdavanje-stanova/crveni-krst-vracar-vracar-beograd/jednosoban-stan/648c6b0ece223806a60ad37a,Stan u zgradi ,47 m² ,1 soba ,centralno grejanje ,uobičajeno stanje ,,5/6 spratova ,ima lift (1) ,15951 ,pre 30 dana ,500,Metohijska,"Crveni Krst Vračar, Vračar, Beograd","Jednosoban stan za izdavanje, Metohijska, 500€, 47m² - 4zida",2023-07-16,terasa ,"kablovska, internet, interfon, klima ",,kuhinja ,polunamešteno ,,,useljivo ,,,,,,,,,
118,https://www.4zida.rs/izdavanje-stanova/grbavica-gradske-lokacije-novi-sad/jednosoban-stan/64b444dded8861d2de06c6ab,Stan u zgradi ,25 m² ,1 soba ,,,,3. sprat ,,1603 ,pre 1 sat ,250,Grbavica,"Grbavica, Gradske lokacije, Novi Sad","Jednosoban stan za izdavanje, Grbavica, 250€, 25m² - 4zida",2023-07-16,,,,,namešteno ,,,,,"Izdaje se jednosoban stan na Grbavici. Nekoliko minuta je potrebno da se stigne do Centra grada, promenade, Spensa,...",,,,,,,
119,https://www.4zida.rs/izdavanje-stanova/blok-11a-blok-11-novi-beograd-beograd/cetvorosoban-stan/63a32da0cd2a6203f10bf92b,Stan u zgradi ,197 m² ,4 sobe ,centralno grejanje ,novo ,,,ima lift (1) ,,pre 2 sata ,2.700,BLOK 11A,"Blok 11a, Blok 11, Novi Beograd, Beograd","Četvorosoban stan za izdavanje, BLOK 11A, 2.700€, 197m² - 4zida",2023-07-16,terasa ,klima ,2 parking mesta ,"kupatila (2), toalet ",namešteno ,,2 garažna mesta ,useljivo ,obavezan depozit ,,,,,,,,
120,https://www.4zida.rs/izdavanje-stanova/novo-naselje-gradske-lokacije-novi-sad/jednoiposoban-stan/646500e50233d5a50602b211,Stan u zgradi ,45 m² ,1.5 soba ,centralno grejanje ,uobičajeno stanje ,1990,3. sprat ,,9105500 ,pre 1 mesec ,320,Novo Naselje,"Novo Naselje, Gradske lokacije, Novi Sad","Jednoiposoban stan za izdavanje, Novo Naselje, 320€, 45m² - 4zida",2023-07-16,terasa ,,,,,,,,,,,,,,,,
121,https://www.4zida.rs/izdavanje-stanova/senjak-savski-venac-beograd/trosoban-stan/648c7672a8e1eedfe60af812,,101 m² ,3 sobe ,centralno grejanje ,uobičajeno stanje ,,2. sprat ,,39066 ,pre 30 dana ,700,Žanke Stokić,"Senjak, Savski Venac, Beograd","Trosoban stan za izdavanje, Žanke Stokić, 700€, 101m² - 4zida",2023-07-16,terasa ,"internet, interfon ",,kupatilo ,namešteno ,uknjiženo ,,,,,,,,,,,
122,https://www.4zida.rs/izdavanje-stanova/cara-dusana-adamovicevo-naselje-gradske-lokacije-novi-sad/dvoiposoban-stan/648c8eb915b52c5c830e2b87,Stan u zgradi ,62 m² ,2.5 soba ,etažno grejanje ,novo ,,5/8 spratova ,ima lift (2) ,,pre 30 dana ,1.000,AVENIJA GARDEN,"Cara Dušana, Adamovićevo Naselje, Gradske lokacije, Novi Sad","Dvoiposoban stan za izdavanje, AVENIJA GARDEN, 1.000€, 62m² - 4zida",2023-07-16,,"klima, ležaj ",,,namešteno ,uknjiženo ,,useljivo ,obavezan depozit ,,,,,,,,
123,https://www.4zida.rs/izdavanje-stanova/novi-sad-centar-stari-grad-gradske-lokacije-novi-sad/jednosoban-stan/648c6b55ce223806a60ad392,Stan u zgradi ,30 m² ,1 soba ,centralno grejanje ,uobičajeno stanje ,1960,1. sprat ,,9104266 ,pre 30 dana ,300,Novi Sad - Centar,"Novi Sad - Centar, Stari Grad, Gradske lokacije, Novi Sad","Jednosoban stan za izdavanje, Novi Sad - Centar, 300€, 30m² - 4zida",2023-07-16,,,,,,,,,,,,,,,,,
124,https://www.4zida.rs/izdavanje-stanova/bele-vode-cukarica-cukarica-opstina-beograd/dvoiposoban-stan/648ca4d5025cc8d19101950a,,61 m² ,2.5 soba ,norveški radijatori ,renovirano ,,4. sprat ,,39105 ,pre 30 dana ,500,Bele Vode,"Bele Vode, Čukarica, Čukarica opština, Beograd","Dvoiposoban stan za izdavanje, Bele Vode, 500€, 61m² - 4zida",2023-07-16,terasa ,"telefon, kablovska, internet, klima ",,,namešteno ,uknjiženo ,,useljivo ,,"Stan 61m2, potpuno renoviran, kvalitetno, namešten. Nova mašina za veš Samsung. Nova tuš kabina. Nova spavaća soba (krevet i poseban dušek). Nov nameštaj u dnevnom boravku. Nov bojler, instalacija. Zastakljena terasa. Zgrada bez lifta. Klima LG. 2 TV.  Stanje, kao na slikama. Cena fiksna. Troškovi infostan oko 15 eura. Pregled stana, samo konkretno zaintersovanim licima, kojima sve odgovara po oglasu. Agencijska usluga 50% od prve zakupnine po realizaciji. ID oglasa: 39105.",,,,,,,
125,https://www.4zida.rs/izdavanje-stanova/satelit-novo-naselje-gradske-lokacije-novi-sad/trosoban-stan/648c6bc7ce223806a60ad40d,Stan u zgradi ,54 m² ,3 sobe ,centralno grejanje ,uobičajeno stanje ,1970,3. sprat ,,9106502 ,pre 30 dana ,400,Satelit,"Satelit, Novo Naselje, Gradske lokacije, Novi Sad","Trosoban stan za izdavanje, Satelit, 400€, 54m² - 4zida",2023-07-16,terasa ,kablovska ,,,,,,,,,,,,,,,
126,https://www.4zida.rs/izdavanje-stanova/bulevar-patrijarha-pavla-somborski-bulevar-telep-gradske-lokacije-novi-sad/trosoban-stan/648c6b94ce223806a60ad3c8,Stan u zgradi ,72 m² ,3 sobe ,etažno grejanje ,uobičajeno stanje ,2023,2. sprat ,ima lift (1) ,9106409 ,pre 30 dana ,600,Bulevar Patrijarha Pavla (Somborski Bulevar),"Bulevar Patrijarha Pavla (Somborski Bulevar), Telep, Gradske lokacije, Novi Sad","Trosoban stan za izdavanje, Bulevar Patrijarha Pavla (Somborski Bulevar), 600€, 72m² - 4zida",2023-07-16,,,,,,,,,,,,,,,,,
127,https://www.4zida.rs/izdavanje-stanova/grbavica-gradske-lokacije-novi-sad/garsonjera/648c6bc0ce223806a60ad407,Stan u zgradi ,29 m² ,0.5 soba ,centralno grejanje ,uobičajeno stanje ,2023,4. sprat ,ima lift (1) ,9106495 ,pre 30 dana ,270,Grbavica,"Grbavica, Gradske lokacije, Novi Sad","Garsonjera za izdavanje, Grbavica, 270€, 29m² - 4zida",2023-07-16,terasa ,,,,,,,,,,,,,,,,
128,https://www.4zida.rs/izdavanje-stanova/salajka-gradske-lokacije-novi-sad/cetvorosoban-stan/648c6bb2ce223806a60ad3e9,Stan u zgradi ,101 m² ,4 sobe ,grejanje na gas ,uobičajeno stanje ,2023,2. sprat ,ima lift (1) ,9106465 ,pre 30 dana ,1.600,Salajka,"Salajka, Gradske lokacije, Novi Sad","Četvorosoban stan za izdavanje, Salajka, 1.600€, 101m² - 4zida",2023-07-16,terasa ,,,,,,,,,,,,,,,,
129,https://www.4zida.rs/izdavanje-stanova/veliki-park-vasariste-gradske-lokacije-kragujevac/jednosoban-stan/64b3fb989b234fc6250a1695,Stan u zgradi ,30 m² ,1 soba ,grejanje na struju ,,2010,prizemlje/3 sprata ,,,pre 6 sati ,180,Omladinskih radnih brigada 2,"Veliki Park, Vašarište, Gradske lokacije, Kragujevac","Jednosoban stan za izdavanje, Omladinskih radnih brigada 2, 180€, 30m² - 4zida",2023-07-16,,"TV, klima, veš mašina, kuhinjski elementi, frižider, zamrzivač, rerna, šporet, ležaj, plakar ",,"kupatilo, toalet, kuhinja ",namešteno ,,,,"obavezan depozit, 100",,,16.07.2023 ,dvorište ,Studente ,,2000 ,istok 
130,https://www.4zida.rs/izdavanje-stanova/detelinara-gradske-lokacije-novi-sad/dvoiposoban-stan/648c6b84ce223806a60ad3bc,Stan u zgradi ,63 m² ,2.5 soba ,centralno grejanje ,uobičajeno stanje ,1980,6. sprat ,ima lift (1) ,9106497 ,pre 30 dana ,600,Detelinara,"Detelinara, Gradske lokacije, Novi Sad","Dvoiposoban stan za izdavanje, Detelinara, 600€, 63m² - 4zida",2023-07-16,terasa ,kablovska ,,,,,,,,,,,,,,,
131,https://www.4zida.rs/izdavanje-stanova/spens-stari-grad-gradske-lokacije-novi-sad/dvosoban-stan/64b3fb63bd33495cda077eb3,Stan u zgradi ,48 m² ,2 sobe ,centralno grejanje ,novo ,,1/7 spratova ,ima lift (1) ,,pre 6 sati ,600,Laze Kostica,"Spens, Stari Grad, Gradske lokacije, Novi Sad","Dvosoban stan za izdavanje, Laze Kostica, 600€, 48m² - 4zida",2023-07-16,terasa ,klima ,,,namešteno ,,,,obavezan depozit ,,,01.08.2023 ,,,,,
132,https://www.4zida.rs/izdavanje-stanova/mirijevo-zvezdara-opstina-beograd/jednosoban-stan/648c745fa8e1eedfe60af78d,,37 m² ,1 soba ,centralno grejanje ,uobičajeno stanje ,,4/5 spratova ,ima lift (1) ,39560 ,pre 30 dana ,300,Ulofa Palmea,"Mirijevo, Zvezdara opština, Beograd","Jednosoban stan za izdavanje, Ulofa Palmea, 300€, 37m² - 4zida",2023-07-16,"podrum, terasa ","telefon, kablovska, internet, interfon ",,kupatilo ,namešteno ,,,,,Odličan namešten stan u centralnom delu Mirijeva u neposrednoj blizini pijace i gradskog prevoza. Okrenut ka mirnom delu naselja. Nisu dozvoljeni kućni ljubimci. Mesečno plaćanje+depozit. Agencijska provizija se plaća u skladu sa opštim uslovima poslovanja//Agent:063/336018//,,,,,,,
133,https://www.4zida.rs/izdavanje-stanova/gradska-bolnica-medijana-gradske-lokacije-nis/jednosoban-stan/648c9bbf40f70bc155029c12,,24 m² ,1 soba ,grejanje na struju ,,,prizemlje ,,i,pre 30 dana ,300,Rentgenova,"Gradska Bolnica, Medijana, Gradske lokacije, Niš","Jednosoban stan za izdavanje, Rentgenova, 300€, 24m² - 4zida",2023-07-16,,"interfon, klima ",1 parking mesto ,kupatilo ,namešteno ,,,,,,,,,,,,
134,https://www.4zida.rs/izdavanje-stanova/kosancicev-venac-beograd-centar-stari-grad-opstina-beograd/dvosoban-stan/648c7e91a8e1eedfe60b0658,Stan u zgradi ,50 m² ,2 sobe ,norveški radijatori ,renovirano ,,prizemlje ,,1417 ,pre 30 dana ,1.000,Kosančićev Venac,"Kosančićev Venac, Beograd centar, Stari Grad opština, Beograd","Dvosoban stan za izdavanje, Kosančićev Venac, 1.000€, 50m² - 4zida",2023-07-16,"podrum, terasa ","internet, interfon, klima ",,,namešteno ,,,useljivo ,,,,,,,,,
135,https://www.4zida.rs/izdavanje-stanova/nova-detelinara-detelinara-gradske-lokacije-novi-sad/garsonjera/648c6b73ce223806a60ad3a4,Stan u zgradi ,30 m² ,0.5 soba ,centralno grejanje ,uobičajeno stanje ,2023,5. sprat ,ima lift (1) ,9106373 ,pre 30 dana ,220,Nova Detelinara,"Nova Detelinara, Detelinara, Gradske lokacije, Novi Sad","Garsonjera za izdavanje, Nova Detelinara, 220€, 30m² - 4zida",2023-07-16,terasa ,,,,,,,,,,,,,,,,
136,https://www.4zida.rs/izdavanje-stanova/cubura-vracar-beograd/jednosoban-stan/648c7f1aa8e1eedfe60b0680,,30 m² ,1 soba ,etažno grejanje ,novo ,,1/3 sprata ,ima lift (1) ,2825 ,pre 30 dana ,550,Cerska,"Čubura, Vračar, Beograd","Jednosoban stan za izdavanje, Cerska, 550€, 30m² - 4zida",2023-07-16,terasa ,"telefon, kablovska, internet, interfon, klima ",,kupatilo ,namešteno ,,,useljivo ,,,,,,,,,
137,https://www.4zida.rs/izdavanje-stanova/novi-sad-centar-stari-grad-gradske-lokacije-novi-sad/garsonjera/648c6befce223806a60ad434,Stan u zgradi ,24 m² ,0.5 soba ,centralno grejanje ,uobičajeno stanje ,2023,3. sprat ,ima lift (1) ,9106836 ,pre 29 dana ,250,Novi Sad - Centar,"Novi Sad - Centar, Stari Grad, Gradske lokacije, Novi Sad","Garsonjera za izdavanje, Novi Sad - Centar, 250€, 24m² - 4zida",2023-07-16,terasa ,,,,,,,,,,,,,,,,
138,https://www.4zida.rs/izdavanje-stanova/dedinje-savski-venac-beograd/trosoban-stan/6465037a3986d789c90bf762,Stan u zgradi ,120 m² ,3 sobe ,centralno grejanje ,novo ,,3/4 sprata ,ima lift (1) ,,pre 7 dana ,2.800,DEDINJE,"Dedinje, Savski Venac, Beograd","Trosoban stan za izdavanje, DEDINJE, 2.800€, 120m² - 4zida",2023-07-16,terasa ,klima ,,kupatila (2) ,namešteno ,,1 garažno mesto ,useljivo ,obavezan depozit ,,,,,,,,
139,https://www.4zida.rs/izdavanje-stanova/beograd-na-vodi-savski-venac-beograd/cetvorosoban-stan/648c961a6c071c91770cfa9e,Stan u zgradi ,110 m² ,4 sobe ,centralno grejanje ,novo ,,11/23 sprata ,ima lift (1) ,,pre 30 dana ,2.300,Beograd na vodi,"Beograd na vodi, Savski Venac, Beograd","Četvorosoban stan za izdavanje, Beograd na vodi, 2.300€, 110m² - 4zida",2023-07-16,"alarm, terase (2), recepcija ","klima, centralna klima ",2 parking mesta ,"kupatila (2), toalet ",namešteno ,,2 garažna mesta ,useljivo ,obavezan depozit ,,,,,,,,
140,https://www.4zida.rs/izdavanje-stanova/centar-medijana-gradske-lokacije-nis/trosoban-stan/648c6c91ce223806a60ad468,Stan u zgradi ,65 m² ,3 sobe ,etažno grejanje ,renovirano ,,visoko prizemlje ,,1296 ,pre 30 dana ,500,Centar,"Centar, Medijana, Gradske lokacije, Niš","Trosoban stan za izdavanje, Centar, 500€, 65m² - 4zida",2023-07-16,"podrum, terasa ","kablovska, internet, klima, veš mašina, sudo mašina, frižider, šporet, ležaj ",1 parking mesto ,kuhinja ,namešteno ,uknjiženo ,,useljivo ,,,,,,,,,
141,https://www.4zida.rs/izdavanje-stanova/novi-sad-centar-stari-grad-gradske-lokacije-novi-sad/trosoban-stan/648c6be8ce223806a60ad42e,Stan u zgradi ,56 m² ,3 sobe ,centralno grejanje ,uobičajeno stanje ,,,,9106536 ,pre 29 dana ,400,Novi Sad - Centar,"Novi Sad - Centar, Stari Grad, Gradske lokacije, Novi Sad","Trosoban stan za izdavanje, Novi Sad - Centar, 400€, 56m² - 4zida",2023-07-16,terasa ,kablovska ,,,,,,,,,,,,,,,
142,https://www.4zida.rs/izdavanje-stanova/hram-svetog-save-neimar-vracar-beograd/trosoban-stan/648cc1deb5f2e43a2605975f,,105 m² ,3 sobe ,centralno grejanje ,,,2/5 spratova ,ima lift (1) ,53234 ,pre 30 dana ,1.500,Stojana Protica,"Hram Svetog Save, Neimar, Vračar, Beograd","Trosoban stan za izdavanje, Stojana Protica, 1.500€, 105m² - 4zida",2023-07-16,terasa ,"telefon, kablovska, internet, klima ",,kupatilo ,namešteno ,,,,,"Provizija: 50% od prve mesečne zakupnine ,",,,,,,,
143,https://www.4zida.rs/izdavanje-stanova/karadjordjev-park-vracar-beograd/troiposoban-stan/6464d7ca50701d154004fd2c,,116 m² ,3.5 soba ,etažno grejanje ,novo ,,3/4 sprata ,ima lift (1) ,57373 ,pre 1 mesec ,2.100,Rudnička,"Karađorđev park, Vračar, Beograd","Troiposoban stan za izdavanje, Rudnička, 2.100€, 116m² - 4zida",2023-07-16,terasa ,"telefon, kablovska, internet, klima ",,,namešteno ,uknjiženo ,1 garažno mesto ,useljivo ,,"GREJANJE - Etažno, LIFT, TERASA, GARAŽA, INTERFON, VIDEO NADZOR Agencijska provizija 50%.  ID oglasa: 57373.",,,,,,,
144,https://www.4zida.rs/izdavanje-stanova/blok-63-bezanijski-blokovi-novi-beograd-beograd/trosoban-stan/6464d60d50701d154004fc4c,Stan u zgradi ,87 m² ,3 sobe ,centralno grejanje ,,,2/9 spratova ,ima lift (1) ,15677 ,pre 1 mesec ,700,Nehruova,"Blok 63, Bežanijski Blokovi, Novi Beograd, Beograd","Trosoban stan za izdavanje, Nehruova, 700€, 87m² - 4zida",2023-07-16,terasa ,"kablovska, internet, interfon, TV, klima, veš mašina, frižider, šporet, ležaj ",,"kuhinja, ostava ",namešteno ,,,useljivo ,,,,,,,,,
145,https://www.4zida.rs/izdavanje-stanova/bulevar-evrope-gradske-lokacije-novi-sad/dvoiposoban-stan/648c6b7bce223806a60ad3ad,Stan u zgradi ,68 m² ,2.5 soba ,grejanje na gas ,uobičajeno stanje ,2023,1. sprat ,,9106377 ,pre 30 dana ,300,Bulevar Evrope,"Bulevar Evrope, Gradske lokacije, Novi Sad","Dvoiposoban stan za izdavanje, Bulevar Evrope, 300€, 68m² - 4zida",2023-07-16,,,,,,,,,,,,,,,,,
146,https://www.4zida.rs/izdavanje-stanova/nova-galenika-galenika-zemun-zemun-opstina-beograd/jednosoban-stan/648c6d26ce223806a60ad4aa,,33 m² ,1 soba ,centralno grejanje ,novo ,,2/6 spratova ,ima lift (1) ,2817 ,pre 30 dana ,400,Dunavskih virova,"Nova Galenika, Galenika, Zemun, Zemun opština, Beograd","Jednosoban stan za izdavanje, Dunavskih virova, 400€, 33m² - 4zida",2023-07-16,"terasa, lođa ","telefon, kablovska, internet, interfon, klima ",1 parking mesto ,kupatilo ,namešteno ,,,useljivo ,,,,,,,,,
147,https://www.4zida.rs/izdavanje-stanova/savamala-savski-venac-beograd/dvoiposoban-stan/648ca4d1025cc8d1910194f0,,60 m² ,2.5 soba ,centralno grejanje ,renovirano ,,5. sprat ,ima lift (1) ,37113 ,pre 30 dana ,900,Savamala,"Savamala, Savski Venac, Beograd","Dvoiposoban stan za izdavanje, Savamala, 900€, 60m² - 4zida",2023-07-16,,"telefon, kablovska, internet, klima ",,,namešteno ,uknjiženo ,,useljivo ,,,,,,,,,
148,https://www.4zida.rs/izdavanje-stanova/novi-sad-centar-stari-grad-gradske-lokacije-novi-sad/jednoiposoban-stan/648c6b5fce223806a60ad395,Stan u zgradi ,37 m² ,1.5 soba ,centralno grejanje ,uobičajeno stanje ,2021,1. sprat ,,9106362 ,pre 30 dana ,400,Novi Sad - Centar,"Novi Sad - Centar, Stari Grad, Gradske lokacije, Novi Sad","Jednoiposoban stan za izdavanje, Novi Sad - Centar, 400€, 37m² - 4zida",2023-07-16,,,,,,,,,,,,,,,,,
149,https://www.4zida.rs/izdavanje-stanova/zemunski-kej-zemun-zemun-opstina-beograd/dvosoban-stan/648c6ca2ce223806a60ad471,,63 m² ,2 sobe ,centralno grejanje ,,,1/4 sprata ,,4112 ,pre 18 dana ,550,Bulevar Nikole Tesle,"Zemunski Kej, Zemun, Zemun opština, Beograd","Dvosoban stan za izdavanje, Bulevar Nikole Tesle, 550€, 63m² - 4zida",2023-07-16,lođa ,telefon ,,kupatilo ,namešteno ,uknjiženo ,,,,,,,,,,,
